SUB_ID,SLICE_PATH,LABEL,SHAP_SCORE
51487,/content/drive/MyDrive/ASD_XAI_Project/slices/Control/51487/slice_000.jpg,Control,5.297812437480328e-05
51487,/content/drive/MyDrive/ASD_XAI_Project/slices/Control/51487/slice_001.jpg,Control,0.0001254914986895984
51487,/content/drive/MyDrive/ASD_XAI_Project/slices/Control/51487/slice_002.jpg,Control,0.00022884794465727177
51487,/content/drive/MyDrive/ASD_XAI_Project/slices/Control/51487/slice_003.jpg,Control,8.578094559320181e-05
51487,/content/drive/MyDrive/ASD_XAI_Project/slices/Control/51487/slice_004.jpg,Control,0.00017455900492803795
51487,/content/drive/MyDrive/ASD_XAI_Project/slices/Control/51487/slice_005.jpg,Control,0.00010958689033650185
51487,/content/drive/MyDrive/ASD_XAI_Project/slices/Control/51487/slice_006.jpg,Control,0.00015289341104446138
51487,/content/drive/MyDrive/ASD_XAI_Project/slices/Control/51487/slice_007.jpg,Control,0.00023178514501711507
51487,/content/drive/MyDrive/ASD_XAI_Project/slices/Control/51487/slice_008.jpg,Control,0.0002100340877588293
51487,/content/drive/MyDrive/ASD_XAI_Project/slices/Control/51487/slice_009.jpg,Control,0.00024216093012439016
51487,/content/drive/MyDrive/ASD_XAI_Project/slices/Control/51487/slice_010.jpg,Control,0.00023424391025485353
51487,/content/drive/MyDrive/ASD_XAI_Project/slices/Control/51487/slice_011.jpg,Control,0.0002327839079584025
51487,/content/drive/MyDrive/ASD_XAI_Project/slices/Control/51487/slice_012.jpg,Control,0.00018932856933972795
51487,/content/drive/MyDrive/ASD_XAI_Project/slices/Control/51487/slice_013.jpg,Control,0.00024307703935393964
51487,/content/drive/MyDrive/ASD_XAI_Project/slices/Control/51487/slice_014.jpg,Control,0.00020030088181140286
51487,/content/drive/MyDrive/ASD_XAI_Project/slices/Control/51487/slice_015.jpg,Control,0.00022468275531599546
51487,/content/drive/MyDrive/ASD_XAI_Project/slices/Control/51487/slice_016.jpg,Control,0.00025831583642547577
51487,/content/drive/MyDrive/ASD_XAI_Project/slices/Control/51487/slice_017.jpg,Control,0.00022504175083463057
51487,/content/drive/MyDrive/ASD_XAI_Project/slices/Control/51487/slice_018.jpg,Control,0.00012775095117378976
51487,/content/drive/MyDrive/ASD_XAI_Project/slices/Control/51487/slice_019.jpg,Control,0.00018922754134158095
51487,/content/drive/MyDrive/ASD_XAI_Project/slices/Control/51487/slice_020.jpg,Control,0.0002201799085150357
51487,/content/drive/MyDrive/ASD_XAI_Project/slices/Control/51487/slice_021.jpg,Control,8.312945055714342e-05
51487,/content/drive/MyDrive/ASD_XAI_Project/slices/Control/51487/slice_022.jpg,Control,0.00012473681222632905
51487,/content/drive/MyDrive/ASD_XAI_Project/slices/Control/51487/slice_023.jpg,Control,0.000336546251233086
51487,/content/drive/MyDrive/ASD_XAI_Project/slices/Control/51487/slice_024.jpg,Control,0.0003326026224815086
51487,/content/drive/MyDrive/ASD_XAI_Project/slices/Control/51487/slice_025.jpg,Control,0.00017088190641668743
51487,/content/drive/MyDrive/ASD_XAI_Project/slices/Control/51487/slice_026.jpg,Control,0.0003183849829784033
51487,/content/drive/MyDrive/ASD_XAI_Project/slices/Control/51487/slice_027.jpg,Control,0.00021203011884281936
51487,/content/drive/MyDrive/ASD_XAI_Project/slices/Control/51487/slice_028.jpg,Control,0.00039357621757394077
51487,/content/drive/MyDrive/ASD_XAI_Project/slices/Control/51487/slice_029.jpg,Control,0.0004522750841198967
51487,/content/drive/MyDrive/ASD_XAI_Project/slices/Control/51487/slice_030.jpg,Control,0.00016672273842577821
51487,/content/drive/MyDrive/ASD_XAI_Project/slices/Control/51487/slice_031.jpg,Control,0.000266472742066831
51487,/content/drive/MyDrive/ASD_XAI_Project/slices/Control/51487/slice_032.jpg,Control,0.0003777807732706169
51487,/content/drive/MyDrive/ASD_XAI_Project/slices/Control/51487/slice_033.jpg,Control,0.0010290783772985762
51487,/content/drive/MyDrive/ASD_XAI_Project/slices/Control/51487/slice_034.jpg,Control,0.0005032968112114859
51487,/content/drive/MyDrive/ASD_XAI_Project/slices/Control/51487/slice_035.jpg,Control,0.00036015579076835544
51487,/content/drive/MyDrive/ASD_XAI_Project/slices/Control/51487/slice_036.jpg,Control,0.0005119867944767322
51487,/content/drive/MyDrive/ASD_XAI_Project/slices/Control/51487/slice_037.jpg,Control,0.000704881606070124
51487,/content/drive/MyDrive/ASD_XAI_Project/slices/Control/51487/slice_038.jpg,Control,0.0007691012250669496
51487,/content/drive/MyDrive/ASD_XAI_Project/slices/Control/51487/slice_039.jpg,Control,0.00020330907539061008
51487,/content/drive/MyDrive/ASD_XAI_Project/slices/Control/51487/slice_040.jpg,Control,0.0008292330438251829
51487,/content/drive/MyDrive/ASD_XAI_Project/slices/Control/51487/slice_041.jpg,Control,0.0012050244486471746
51487,/content/drive/MyDrive/ASD_XAI_Project/slices/Control/51487/slice_042.jpg,Control,0.0009636877502766433
51487,/content/drive/MyDrive/ASD_XAI_Project/slices/Control/51487/slice_043.jpg,Control,0.0010861339273768498
51487,/content/drive/MyDrive/ASD_XAI_Project/slices/Control/51487/slice_044.jpg,Control,0.0010448189573346008
51487,/content/drive/MyDrive/ASD_XAI_Project/slices/Control/51487/slice_045.jpg,Control,0.0010807451533440674
51487,/content/drive/MyDrive/ASD_XAI_Project/slices/Control/51487/slice_046.jpg,Control,0.001330852293256349
51487,/content/drive/MyDrive/ASD_XAI_Project/slices/Control/51487/slice_047.jpg,Control,0.0015439021388082188
51487,/content/drive/MyDrive/ASD_XAI_Project/slices/Control/51487/slice_048.jpg,Control,0.001431792297915754
51487,/content/drive/MyDrive/ASD_XAI_Project/slices/Control/51487/slice_049.jpg,Control,0.0012596525472618873
51487,/content/drive/MyDrive/ASD_XAI_Project/slices/Control/51487/slice_050.jpg,Control,0.0014613492550689007
51487,/content/drive/MyDrive/ASD_XAI_Project/slices/Control/51487/slice_051.jpg,Control,0.00129546988468354
51487,/content/drive/MyDrive/ASD_XAI_Project/slices/Control/51487/slice_052.jpg,Control,0.0011995746898849238
51487,/content/drive/MyDrive/ASD_XAI_Project/slices/Control/51487/slice_053.jpg,Control,0.001484368663390156
51487,/content/drive/MyDrive/ASD_XAI_Project/slices/Control/51487/slice_054.jpg,Control,0.0017152217206679093
51487,/content/drive/MyDrive/ASD_XAI_Project/slices/Control/51487/slice_055.jpg,Control,0.0008649466574173817
51487,/content/drive/MyDrive/ASD_XAI_Project/slices/Control/51487/slice_056.jpg,Control,0.001202949039867813
51487,/content/drive/MyDrive/ASD_XAI_Project/slices/Control/51487/slice_057.jpg,Control,0.001076419613859791
51487,/content/drive/MyDrive/ASD_XAI_Project/slices/Control/51487/slice_058.jpg,Control,0.001211808065382072
51487,/content/drive/MyDrive/ASD_XAI_Project/slices/Control/51487/slice_059.jpg,Control,0.0017980076149348323
51487,/content/drive/MyDrive/ASD_XAI_Project/slices/Control/51487/slice_060.jpg,Control,0.0014239777016886227
51487,/content/drive/MyDrive/ASD_XAI_Project/slices/Control/51487/slice_061.jpg,Control,0.0014579582721305296
51487,/content/drive/MyDrive/ASD_XAI_Project/slices/Control/51487/slice_062.jpg,Control,0.0015894825868677787
51487,/content/drive/MyDrive/ASD_XAI_Project/slices/Control/51487/slice_063.jpg,Control,0.0015702119563541792
51487,/content/drive/MyDrive/ASD_XAI_Project/slices/Control/51487/slice_064.jpg,Control,0.001913224550855363
51487,/content/drive/MyDrive/ASD_XAI_Project/slices/Control/51487/slice_065.jpg,Control,0.001121133050717309
51487,/content/drive/MyDrive/ASD_XAI_Project/slices/Control/51487/slice_066.jpg,Control,0.0012252089270949923
51487,/content/drive/MyDrive/ASD_XAI_Project/slices/Control/51487/slice_067.jpg,Control,0.0012371452617673257
51487,/content/drive/MyDrive/ASD_XAI_Project/slices/Control/51487/slice_068.jpg,Control,0.0007100805888552158
51487,/content/drive/MyDrive/ASD_XAI_Project/slices/Control/51487/slice_069.jpg,Control,0.0007095193938078126
51487,/content/drive/MyDrive/ASD_XAI_Project/slices/Control/51487/slice_070.jpg,Control,0.000582541095689486
51487,/content/drive/MyDrive/ASD_XAI_Project/slices/Control/51487/slice_071.jpg,Control,0.0003275035743241966
51487,/content/drive/MyDrive/ASD_XAI_Project/slices/Control/51487/slice_072.jpg,Control,0.0003381724783328474
51487,/content/drive/MyDrive/ASD_XAI_Project/slices/Control/51487/slice_073.jpg,Control,0.00042597758990707134
51487,/content/drive/MyDrive/ASD_XAI_Project/slices/Control/51487/slice_074.jpg,Control,0.0005788950495123818
51487,/content/drive/MyDrive/ASD_XAI_Project/slices/Control/51487/slice_075.jpg,Control,0.0005889111981655632
51487,/content/drive/MyDrive/ASD_XAI_Project/slices/Control/51487/slice_076.jpg,Control,0.0006877806109576334
51487,/content/drive/MyDrive/ASD_XAI_Project/slices/Control/51487/slice_077.jpg,Control,0.000546241520423486
51487,/content/drive/MyDrive/ASD_XAI_Project/slices/Control/51487/slice_078.jpg,Control,0.0009288357129661817
51487,/content/drive/MyDrive/ASD_XAI_Project/slices/Control/51487/slice_079.jpg,Control,0.0008095383857798831
51487,/content/drive/MyDrive/ASD_XAI_Project/slices/Control/51487/slice_080.jpg,Control,0.000611745683388864
51487,/content/drive/MyDrive/ASD_XAI_Project/slices/Control/51487/slice_081.jpg,Control,0.0006029111047824688
51487,/content/drive/MyDrive/ASD_XAI_Project/slices/Control/51487/slice_082.jpg,Control,0.0005847349617094138
51487,/content/drive/MyDrive/ASD_XAI_Project/slices/Control/51487/slice_083.jpg,Control,0.0011819109794159973
51487,/content/drive/MyDrive/ASD_XAI_Project/slices/Control/51487/slice_084.jpg,Control,0.0012002674101304297
51487,/content/drive/MyDrive/ASD_XAI_Project/slices/Control/51487/slice_085.jpg,Control,0.0009296303315287156
51487,/content/drive/MyDrive/ASD_XAI_Project/slices/Control/51487/slice_086.jpg,Control,0.000602503580623698
51487,/content/drive/MyDrive/ASD_XAI_Project/slices/Control/51487/slice_087.jpg,Control,0.0007854710081286431
51487,/content/drive/MyDrive/ASD_XAI_Project/slices/Control/51487/slice_088.jpg,Control,0.0011756564738321018
51487,/content/drive/MyDrive/ASD_XAI_Project/slices/Control/51487/slice_089.jpg,Control,0.0012380014736225909
51487,/content/drive/MyDrive/ASD_XAI_Project/slices/Control/51487/slice_090.jpg,Control,0.0010044333714865356
51487,/content/drive/MyDrive/ASD_XAI_Project/slices/Control/51487/slice_091.jpg,Control,0.0010985663838427875
51487,/content/drive/MyDrive/ASD_XAI_Project/slices/Control/51487/slice_092.jpg,Control,0.001410299683796643
51487,/content/drive/MyDrive/ASD_XAI_Project/slices/Control/51487/slice_093.jpg,Control,0.0008822684068210007
51487,/content/drive/MyDrive/ASD_XAI_Project/slices/Control/51487/slice_094.jpg,Control,0.00158138292704888
51487,/content/drive/MyDrive/ASD_XAI_Project/slices/Control/51487/slice_095.jpg,Control,0.0012557768818378476
51487,/content/drive/MyDrive/ASD_XAI_Project/slices/Control/51487/slice_096.jpg,Control,0.001515492943296684
51487,/content/drive/MyDrive/ASD_XAI_Project/slices/Control/51487/slice_097.jpg,Control,0.001456977814422982
51487,/content/drive/MyDrive/ASD_XAI_Project/slices/Control/51487/slice_098.jpg,Control,0.0018533333872428766
51487,/content/drive/MyDrive/ASD_XAI_Project/slices/Control/51487/slice_099.jpg,Control,0.0017570763170546761
51487,/content/drive/MyDrive/ASD_XAI_Project/slices/Control/51487/slice_100.jpg,Control,0.0015297100984432428
51487,/content/drive/MyDrive/ASD_XAI_Project/slices/Control/51487/slice_101.jpg,Control,0.0019672500783509093
51487,/content/drive/MyDrive/ASD_XAI_Project/slices/Control/51487/slice_102.jpg,Control,0.002101729138949001
51487,/content/drive/MyDrive/ASD_XAI_Project/slices/Control/51487/slice_103.jpg,Control,0.0018725447006324827
51487,/content/drive/MyDrive/ASD_XAI_Project/slices/Control/51487/slice_104.jpg,Control,0.0016439239470119262
51487,/content/drive/MyDrive/ASD_XAI_Project/slices/Control/51487/slice_105.jpg,Control,0.0019512801410207265
51487,/content/drive/MyDrive/ASD_XAI_Project/slices/Control/51487/slice_106.jpg,Control,0.0012400706659888565
51487,/content/drive/MyDrive/ASD_XAI_Project/slices/Control/51487/slice_107.jpg,Control,0.0012231283757876783
51487,/content/drive/MyDrive/ASD_XAI_Project/slices/Control/51487/slice_108.jpg,Control,0.0007639349237121386
51487,/content/drive/MyDrive/ASD_XAI_Project/slices/Control/51487/slice_109.jpg,Control,0.0008489027388399359
51487,/content/drive/MyDrive/ASD_XAI_Project/slices/Control/51487/slice_110.jpg,Control,0.0012141189400506523
51487,/content/drive/MyDrive/ASD_XAI_Project/slices/Control/51487/slice_111.jpg,Control,0.0015765262836239034
51487,/content/drive/MyDrive/ASD_XAI_Project/slices/Control/51487/slice_112.jpg,Control,0.002349223126161775
51487,/content/drive/MyDrive/ASD_XAI_Project/slices/Control/51487/slice_113.jpg,Control,0.0018238709685201389
51487,/content/drive/MyDrive/ASD_XAI_Project/slices/Control/51487/slice_114.jpg,Control,0.0019198043929418906
51487,/content/drive/MyDrive/ASD_XAI_Project/slices/Control/51487/slice_115.jpg,Control,0.001775547576388077
51487,/content/drive/MyDrive/ASD_XAI_Project/slices/Control/51487/slice_116.jpg,Control,0.002038441840862264
51487,/content/drive/MyDrive/ASD_XAI_Project/slices/Control/51487/slice_117.jpg,Control,0.002210805616497292
51487,/content/drive/MyDrive/ASD_XAI_Project/slices/Control/51487/slice_118.jpg,Control,0.001659289964739444
51487,/content/drive/MyDrive/ASD_XAI_Project/slices/Control/51487/slice_119.jpg,Control,0.001148352225693969
51487,/content/drive/MyDrive/ASD_XAI_Project/slices/Control/51487/slice_120.jpg,Control,0.0012710459108872055
51487,/content/drive/MyDrive/ASD_XAI_Project/slices/Control/51487/slice_121.jpg,Control,0.001897359349048727
51487,/content/drive/MyDrive/ASD_XAI_Project/slices/Control/51487/slice_122.jpg,Control,0.0011095480009440384
51487,/content/drive/MyDrive/ASD_XAI_Project/slices/Control/51487/slice_123.jpg,Control,0.0014219227831942505
51487,/content/drive/MyDrive/ASD_XAI_Project/slices/Control/51487/slice_124.jpg,Control,0.0006339783273171209
51487,/content/drive/MyDrive/ASD_XAI_Project/slices/Control/51487/slice_125.jpg,Control,0.0005075890919197208
51487,/content/drive/MyDrive/ASD_XAI_Project/slices/Control/51487/slice_126.jpg,Control,0.0012278774194369425
51487,/content/drive/MyDrive/ASD_XAI_Project/slices/Control/51487/slice_127.jpg,Control,0.0012579908624703174
51487,/content/drive/MyDrive/ASD_XAI_Project/slices/Control/51487/slice_128.jpg,Control,0.0015034442088953702
51487,/content/drive/MyDrive/ASD_XAI_Project/slices/Control/51487/slice_129.jpg,Control,0.00032681630374173327
51487,/content/drive/MyDrive/ASD_XAI_Project/slices/Control/51487/slice_130.jpg,Control,0.00020543093933036017
51487,/content/drive/MyDrive/ASD_XAI_Project/slices/Control/51487/slice_131.jpg,Control,0.00013896483953690882
51487,/content/drive/MyDrive/ASD_XAI_Project/slices/Control/51487/slice_132.jpg,Control,0.0007536249106519109
51487,/content/drive/MyDrive/ASD_XAI_Project/slices/Control/51487/slice_133.jpg,Control,0.0008249793093001215
51487,/content/drive/MyDrive/ASD_XAI_Project/slices/Control/51487/slice_134.jpg,Control,0.00039448137668379697
51487,/content/drive/MyDrive/ASD_XAI_Project/slices/Control/51487/slice_135.jpg,Control,0.00041284777167594725
51487,/content/drive/MyDrive/ASD_XAI_Project/slices/Control/51487/slice_136.jpg,Control,0.0003325317626007646
51487,/content/drive/MyDrive/ASD_XAI_Project/slices/Control/51487/slice_137.jpg,Control,0.0007470165718395718
51487,/content/drive/MyDrive/ASD_XAI_Project/slices/Control/51487/slice_138.jpg,Control,0.0003876190602367787
51487,/content/drive/MyDrive/ASD_XAI_Project/slices/Control/51487/slice_139.jpg,Control,0.0006317637350789135
51487,/content/drive/MyDrive/ASD_XAI_Project/slices/Control/51487/slice_140.jpg,Control,0.0006261266141263346
51487,/content/drive/MyDrive/ASD_XAI_Project/slices/Control/51487/slice_141.jpg,Control,0.0006311019466586433
51487,/content/drive/MyDrive/ASD_XAI_Project/slices/Control/51487/slice_142.jpg,Control,0.00037914009133862203
51487,/content/drive/MyDrive/ASD_XAI_Project/slices/Control/51487/slice_143.jpg,Control,0.00027167420546202463
51487,/content/drive/MyDrive/ASD_XAI_Project/slices/Control/51487/slice_144.jpg,Control,0.0005355615235653302
51487,/content/drive/MyDrive/ASD_XAI_Project/slices/Control/51487/slice_145.jpg,Control,0.00029129270317587296
51487,/content/drive/MyDrive/ASD_XAI_Project/slices/Control/51487/slice_146.jpg,Control,0.00039469532344918733
51487,/content/drive/MyDrive/ASD_XAI_Project/slices/Control/51487/slice_147.jpg,Control,0.0005383431602368325
51487,/content/drive/MyDrive/ASD_XAI_Project/slices/Control/51487/slice_148.jpg,Control,0.0003459708299544497
51487,/content/drive/MyDrive/ASD_XAI_Project/slices/Control/51487/slice_149.jpg,Control,8.212236776496382e-05
51487,/content/drive/MyDrive/ASD_XAI_Project/slices/Control/51487/slice_150.jpg,Control,9.608659547552898e-05
51487,/content/drive/MyDrive/ASD_XAI_Project/slices/Control/51487/slice_151.jpg,Control,0.00014974084132387882
51487,/content/drive/MyDrive/ASD_XAI_Project/slices/Control/51487/slice_152.jpg,Control,0.00021681092178357976
51487,/content/drive/MyDrive/ASD_XAI_Project/slices/Control/51487/slice_153.jpg,Control,0.00015789015118770777
51487,/content/drive/MyDrive/ASD_XAI_Project/slices/Control/51487/slice_154.jpg,Control,0.00020788738796071924
51487,/content/drive/MyDrive/ASD_XAI_Project/slices/Control/51487/slice_155.jpg,Control,0.00022885906072953152
51487,/content/drive/MyDrive/ASD_XAI_Project/slices/Control/51487/slice_156.jpg,Control,0.0002621468617375668
51487,/content/drive/MyDrive/ASD_XAI_Project/slices/Control/51487/slice_157.jpg,Control,0.0002255814167447253
51487,/content/drive/MyDrive/ASD_XAI_Project/slices/Control/51487/slice_158.jpg,Control,0.0003614844546271819
51487,/content/drive/MyDrive/ASD_XAI_Project/slices/Control/51487/slice_159.jpg,Control,0.0005652455771202231
51487,/content/drive/MyDrive/ASD_XAI_Project/slices/Control/51487/slice_160.jpg,Control,0.000425547533545716
51487,/content/drive/MyDrive/ASD_XAI_Project/slices/Control/51487/slice_161.jpg,Control,0.00029232062444293843
51487,/content/drive/MyDrive/ASD_XAI_Project/slices/Control/51487/slice_162.jpg,Control,0.0003154344797587322
51487,/content/drive/MyDrive/ASD_XAI_Project/slices/Control/51487/slice_163.jpg,Control,0.0002701131972595522
51487,/content/drive/MyDrive/ASD_XAI_Project/slices/Control/51487/slice_164.jpg,Control,0.00017131693814947596
51487,/content/drive/MyDrive/ASD_XAI_Project/slices/Control/51487/slice_165.jpg,Control,0.0002720347827160706
51487,/content/drive/MyDrive/ASD_XAI_Project/slices/Control/51487/slice_166.jpg,Control,0.00019216843353310405
51487,/content/drive/MyDrive/ASD_XAI_Project/slices/Control/51487/slice_167.jpg,Control,0.00016852561259085656
51487,/content/drive/MyDrive/ASD_XAI_Project/slices/Control/51487/slice_168.jpg,Control,0.0001144167549258152
51487,/content/drive/MyDrive/ASD_XAI_Project/slices/Control/51487/slice_169.jpg,Control,0.00015303806156630577
51487,/content/drive/MyDrive/ASD_XAI_Project/slices/Control/51487/slice_170.jpg,Control,8.349691286755776e-05
51487,/content/drive/MyDrive/ASD_XAI_Project/slices/Control/51487/slice_171.jpg,Control,0.000105454318421863
51487,/content/drive/MyDrive/ASD_XAI_Project/slices/Control/51487/slice_172.jpg,Control,0.00011258835877867189
51487,/content/drive/MyDrive/ASD_XAI_Project/slices/Control/51487/slice_173.jpg,Control,0.00013216814631194433
51487,/content/drive/MyDrive/ASD_XAI_Project/slices/Control/51487/slice_174.jpg,Control,8.207787339712964e-05
51487,/content/drive/MyDrive/ASD_XAI_Project/slices/Control/51487/slice_175.jpg,Control,0.00015315605501854706
51460,/content/drive/MyDrive/ASD_XAI_Project/slices/ASD/51460/slice_000.jpg,ASD,6.286072909397616e-05
51460,/content/drive/MyDrive/ASD_XAI_Project/slices/ASD/51460/slice_001.jpg,ASD,4.180111237565927e-05
51460,/content/drive/MyDrive/ASD_XAI_Project/slices/ASD/51460/slice_002.jpg,ASD,7.300433036825286e-05
51460,/content/drive/MyDrive/ASD_XAI_Project/slices/ASD/51460/slice_003.jpg,ASD,0.00010112989785431389
51460,/content/drive/MyDrive/ASD_XAI_Project/slices/ASD/51460/slice_004.jpg,ASD,7.287343929256935e-05
51460,/content/drive/MyDrive/ASD_XAI_Project/slices/ASD/51460/slice_005.jpg,ASD,6.700453818611759e-05
51460,/content/drive/MyDrive/ASD_XAI_Project/slices/ASD/51460/slice_006.jpg,ASD,6.439061877829303e-05
51460,/content/drive/MyDrive/ASD_XAI_Project/slices/ASD/51460/slice_007.jpg,ASD,0.00012391539373812858
51460,/content/drive/MyDrive/ASD_XAI_Project/slices/ASD/51460/slice_008.jpg,ASD,0.0001037471063061287
51460,/content/drive/MyDrive/ASD_XAI_Project/slices/ASD/51460/slice_009.jpg,ASD,2.747051527547293e-05
51460,/content/drive/MyDrive/ASD_XAI_Project/slices/ASD/51460/slice_010.jpg,ASD,8.007255161264041e-05
51460,/content/drive/MyDrive/ASD_XAI_Project/slices/ASD/51460/slice_011.jpg,ASD,9.728227549091137e-05
51460,/content/drive/MyDrive/ASD_XAI_Project/slices/ASD/51460/slice_012.jpg,ASD,0.00013831105483577436
51460,/content/drive/MyDrive/ASD_XAI_Project/slices/ASD/51460/slice_013.jpg,ASD,0.000112226619644429
51460,/content/drive/MyDrive/ASD_XAI_Project/slices/ASD/51460/slice_014.jpg,ASD,0.00020913231525465065
51460,/content/drive/MyDrive/ASD_XAI_Project/slices/ASD/51460/slice_015.jpg,ASD,0.0002124882100658082
51460,/content/drive/MyDrive/ASD_XAI_Project/slices/ASD/51460/slice_016.jpg,ASD,0.00020160147323017782
51460,/content/drive/MyDrive/ASD_XAI_Project/slices/ASD/51460/slice_017.jpg,ASD,0.00019137254465752035
51460,/content/drive/MyDrive/ASD_XAI_Project/slices/ASD/51460/slice_018.jpg,ASD,0.00017073382031399924
51460,/content/drive/MyDrive/ASD_XAI_Project/slices/ASD/51460/slice_019.jpg,ASD,0.0001674214503345959
51460,/content/drive/MyDrive/ASD_XAI_Project/slices/ASD/51460/slice_020.jpg,ASD,0.0001272119422867923
51460,/content/drive/MyDrive/ASD_XAI_Project/slices/ASD/51460/slice_021.jpg,ASD,0.00014546717220163005
51460,/content/drive/MyDrive/ASD_XAI_Project/slices/ASD/51460/slice_022.jpg,ASD,0.00014645992446870226
51460,/content/drive/MyDrive/ASD_XAI_Project/slices/ASD/51460/slice_023.jpg,ASD,0.0001298431114079632
51460,/content/drive/MyDrive/ASD_XAI_Project/slices/ASD/51460/slice_024.jpg,ASD,7.308372304318827e-05
51460,/content/drive/MyDrive/ASD_XAI_Project/slices/ASD/51460/slice_025.jpg,ASD,0.00011322092051579577
51460,/content/drive/MyDrive/ASD_XAI_Project/slices/ASD/51460/slice_026.jpg,ASD,0.00012945848917197188
51460,/content/drive/MyDrive/ASD_XAI_Project/slices/ASD/51460/slice_027.jpg,ASD,7.090657406238227e-05
51460,/content/drive/MyDrive/ASD_XAI_Project/slices/ASD/51460/slice_028.jpg,ASD,0.00015164156320895234
51460,/content/drive/MyDrive/ASD_XAI_Project/slices/ASD/51460/slice_029.jpg,ASD,0.00010265240497566884
51460,/content/drive/MyDrive/ASD_XAI_Project/slices/ASD/51460/slice_030.jpg,ASD,5.8857789730051816e-05
51460,/content/drive/MyDrive/ASD_XAI_Project/slices/ASD/51460/slice_031.jpg,ASD,0.0001322567397136136
51460,/content/drive/MyDrive/ASD_XAI_Project/slices/ASD/51460/slice_032.jpg,ASD,1.620060394248881e-05
51460,/content/drive/MyDrive/ASD_XAI_Project/slices/ASD/51460/slice_033.jpg,ASD,2.243222859860216e-05
51460,/content/drive/MyDrive/ASD_XAI_Project/slices/ASD/51460/slice_034.jpg,ASD,1.6983592348931725e-05
51460,/content/drive/MyDrive/ASD_XAI_Project/slices/ASD/51460/slice_035.jpg,ASD,5.232185395188932e-05
51460,/content/drive/MyDrive/ASD_XAI_Project/slices/ASD/51460/slice_036.jpg,ASD,5.90995945295533e-06
51460,/content/drive/MyDrive/ASD_XAI_Project/slices/ASD/51460/slice_037.jpg,ASD,7.190848375191326e-06
51460,/content/drive/MyDrive/ASD_XAI_Project/slices/ASD/51460/slice_038.jpg,ASD,1.5186810725059279e-05
51460,/content/drive/MyDrive/ASD_XAI_Project/slices/ASD/51460/slice_039.jpg,ASD,0.00019809448145433254
51460,/content/drive/MyDrive/ASD_XAI_Project/slices/ASD/51460/slice_040.jpg,ASD,4.489738845042264e-05
51460,/content/drive/MyDrive/ASD_XAI_Project/slices/ASD/51460/slice_041.jpg,ASD,2.9716786509318514e-05
51460,/content/drive/MyDrive/ASD_XAI_Project/slices/ASD/51460/slice_042.jpg,ASD,0.00024063536265541015
51460,/content/drive/MyDrive/ASD_XAI_Project/slices/ASD/51460/slice_043.jpg,ASD,0.00022911495558131922
51460,/content/drive/MyDrive/ASD_XAI_Project/slices/ASD/51460/slice_044.jpg,ASD,7.103377842780249e-05
51460,/content/drive/MyDrive/ASD_XAI_Project/slices/ASD/51460/slice_045.jpg,ASD,4.4444085492550935e-05
51460,/content/drive/MyDrive/ASD_XAI_Project/slices/ASD/51460/slice_046.jpg,ASD,0.00013613643695576993
51460,/content/drive/MyDrive/ASD_XAI_Project/slices/ASD/51460/slice_047.jpg,ASD,0.00024368768352522592
51460,/content/drive/MyDrive/ASD_XAI_Project/slices/ASD/51460/slice_048.jpg,ASD,0.00023276943674147983
51460,/content/drive/MyDrive/ASD_XAI_Project/slices/ASD/51460/slice_049.jpg,ASD,8.514817868175126e-05
51460,/content/drive/MyDrive/ASD_XAI_Project/slices/ASD/51460/slice_050.jpg,ASD,2.9512742367479445e-05
51460,/content/drive/MyDrive/ASD_XAI_Project/slices/ASD/51460/slice_051.jpg,ASD,4.4087634980733385e-05
51460,/content/drive/MyDrive/ASD_XAI_Project/slices/ASD/51460/slice_052.jpg,ASD,4.683168585591374e-05
51460,/content/drive/MyDrive/ASD_XAI_Project/slices/ASD/51460/slice_053.jpg,ASD,1.5418298937721145e-05
51460,/content/drive/MyDrive/ASD_XAI_Project/slices/ASD/51460/slice_054.jpg,ASD,0.00019223350970090013
51460,/content/drive/MyDrive/ASD_XAI_Project/slices/ASD/51460/slice_055.jpg,ASD,0.00023540729128074676
51460,/content/drive/MyDrive/ASD_XAI_Project/slices/ASD/51460/slice_056.jpg,ASD,7.451295766377679e-05
51460,/content/drive/MyDrive/ASD_XAI_Project/slices/ASD/51460/slice_057.jpg,ASD,6.336134854835688e-05
51460,/content/drive/MyDrive/ASD_XAI_Project/slices/ASD/51460/slice_058.jpg,ASD,0.0002060019985226855
51460,/content/drive/MyDrive/ASD_XAI_Project/slices/ASD/51460/slice_059.jpg,ASD,0.0003397347990384107
51460,/content/drive/MyDrive/ASD_XAI_Project/slices/ASD/51460/slice_060.jpg,ASD,0.0005478739487467498
51460,/content/drive/MyDrive/ASD_XAI_Project/slices/ASD/51460/slice_061.jpg,ASD,3.2871992522614725e-05
51460,/content/drive/MyDrive/ASD_XAI_Project/slices/ASD/51460/slice_062.jpg,ASD,7.217303774422715e-05
51460,/content/drive/MyDrive/ASD_XAI_Project/slices/ASD/51460/slice_063.jpg,ASD,0.0001252154369384095
51460,/content/drive/MyDrive/ASD_XAI_Project/slices/ASD/51460/slice_064.jpg,ASD,7.979540404820982e-05
51460,/content/drive/MyDrive/ASD_XAI_Project/slices/ASD/51460/slice_065.jpg,ASD,7.725043034242595e-05
51460,/content/drive/MyDrive/ASD_XAI_Project/slices/ASD/51460/slice_066.jpg,ASD,5.869171465873742e-05
51460,/content/drive/MyDrive/ASD_XAI_Project/slices/ASD/51460/slice_067.jpg,ASD,9.891472694674655e-05
51460,/content/drive/MyDrive/ASD_XAI_Project/slices/ASD/51460/slice_068.jpg,ASD,0.000267617187802969
51460,/content/drive/MyDrive/ASD_XAI_Project/slices/ASD/51460/slice_069.jpg,ASD,0.0005694993072694597
51460,/content/drive/MyDrive/ASD_XAI_Project/slices/ASD/51460/slice_070.jpg,ASD,0.0003268726068879485
51460,/content/drive/MyDrive/ASD_XAI_Project/slices/ASD/51460/slice_071.jpg,ASD,0.000340292799898485
51460,/content/drive/MyDrive/ASD_XAI_Project/slices/ASD/51460/slice_072.jpg,ASD,0.0005073213315011679
51460,/content/drive/MyDrive/ASD_XAI_Project/slices/ASD/51460/slice_073.jpg,ASD,0.00016633799357333387
51460,/content/drive/MyDrive/ASD_XAI_Project/slices/ASD/51460/slice_074.jpg,ASD,0.00015637968094187144
51460,/content/drive/MyDrive/ASD_XAI_Project/slices/ASD/51460/slice_075.jpg,ASD,0.0001101688081498535
51460,/content/drive/MyDrive/ASD_XAI_Project/slices/ASD/51460/slice_076.jpg,ASD,0.00023726133844954904
51460,/content/drive/MyDrive/ASD_XAI_Project/slices/ASD/51460/slice_077.jpg,ASD,0.00011291374295359298
51460,/content/drive/MyDrive/ASD_XAI_Project/slices/ASD/51460/slice_078.jpg,ASD,0.00011605466842850724
51460,/content/drive/MyDrive/ASD_XAI_Project/slices/ASD/51460/slice_079.jpg,ASD,0.0002360018235415494
51460,/content/drive/MyDrive/ASD_XAI_Project/slices/ASD/51460/slice_080.jpg,ASD,0.0004395987787718255
51460,/content/drive/MyDrive/ASD_XAI_Project/slices/ASD/51460/slice_081.jpg,ASD,0.0002448275518373159
51460,/content/drive/MyDrive/ASD_XAI_Project/slices/ASD/51460/slice_082.jpg,ASD,0.00012604475572070665
51460,/content/drive/MyDrive/ASD_XAI_Project/slices/ASD/51460/slice_083.jpg,ASD,0.00016920555290769686
51460,/content/drive/MyDrive/ASD_XAI_Project/slices/ASD/51460/slice_084.jpg,ASD,0.0002942025294365529
51460,/content/drive/MyDrive/ASD_XAI_Project/slices/ASD/51460/slice_085.jpg,ASD,0.0002041174247964008
51460,/content/drive/MyDrive/ASD_XAI_Project/slices/ASD/51460/slice_086.jpg,ASD,0.00012984159514907776
51460,/content/drive/MyDrive/ASD_XAI_Project/slices/ASD/51460/slice_087.jpg,ASD,0.00026773490587396503
51460,/content/drive/MyDrive/ASD_XAI_Project/slices/ASD/51460/slice_088.jpg,ASD,0.0005388850513884135
51460,/content/drive/MyDrive/ASD_XAI_Project/slices/ASD/51460/slice_089.jpg,ASD,4.2412124806054475e-05
51460,/content/drive/MyDrive/ASD_XAI_Project/slices/ASD/51460/slice_090.jpg,ASD,0.0004852491540713178
51460,/content/drive/MyDrive/ASD_XAI_Project/slices/ASD/51460/slice_091.jpg,ASD,5.113862818782935e-05
51460,/content/drive/MyDrive/ASD_XAI_Project/slices/ASD/51460/slice_092.jpg,ASD,0.000320799851271718
51460,/content/drive/MyDrive/ASD_XAI_Project/slices/ASD/51460/slice_093.jpg,ASD,0.00034254661892930494
51460,/content/drive/MyDrive/ASD_XAI_Project/slices/ASD/51460/slice_094.jpg,ASD,0.0005194112626420828
51460,/content/drive/MyDrive/ASD_XAI_Project/slices/ASD/51460/slice_095.jpg,ASD,0.00023302907839039595
51460,/content/drive/MyDrive/ASD_XAI_Project/slices/ASD/51460/slice_096.jpg,ASD,8.557809400420938e-05
51460,/content/drive/MyDrive/ASD_XAI_Project/slices/ASD/51460/slice_097.jpg,ASD,0.0002133145302777457
51460,/content/drive/MyDrive/ASD_XAI_Project/slices/ASD/51460/slice_098.jpg,ASD,0.0003428584043517635
51460,/content/drive/MyDrive/ASD_XAI_Project/slices/ASD/51460/slice_099.jpg,ASD,0.00015017202129796614
51460,/content/drive/MyDrive/ASD_XAI_Project/slices/ASD/51460/slice_100.jpg,ASD,2.3415240438228167e-05
51460,/content/drive/MyDrive/ASD_XAI_Project/slices/ASD/51460/slice_101.jpg,ASD,0.00014598210099609271
51460,/content/drive/MyDrive/ASD_XAI_Project/slices/ASD/51460/slice_102.jpg,ASD,0.0002976343633096766
51460,/content/drive/MyDrive/ASD_XAI_Project/slices/ASD/51460/slice_103.jpg,ASD,0.00025566567536208876
51460,/content/drive/MyDrive/ASD_XAI_Project/slices/ASD/51460/slice_104.jpg,ASD,0.00042212151071682204
51460,/content/drive/MyDrive/ASD_XAI_Project/slices/ASD/51460/slice_105.jpg,ASD,0.0002906990821751261
51460,/content/drive/MyDrive/ASD_XAI_Project/slices/ASD/51460/slice_106.jpg,ASD,8.654720660793445e-05
51460,/content/drive/MyDrive/ASD_XAI_Project/slices/ASD/51460/slice_107.jpg,ASD,0.0002777317819392522
51460,/content/drive/MyDrive/ASD_XAI_Project/slices/ASD/51460/slice_108.jpg,ASD,9.48490410425462e-05
51460,/content/drive/MyDrive/ASD_XAI_Project/slices/ASD/51460/slice_109.jpg,ASD,3.25777583577965e-05
51460,/content/drive/MyDrive/ASD_XAI_Project/slices/ASD/51460/slice_110.jpg,ASD,6.94222987412981e-05
51460,/content/drive/MyDrive/ASD_XAI_Project/slices/ASD/51460/slice_111.jpg,ASD,0.00013858644148674587
51460,/content/drive/MyDrive/ASD_XAI_Project/slices/ASD/51460/slice_112.jpg,ASD,7.720823874503914e-05
51460,/content/drive/MyDrive/ASD_XAI_Project/slices/ASD/51460/slice_113.jpg,ASD,6.444416195004145e-05
51460,/content/drive/MyDrive/ASD_XAI_Project/slices/ASD/51460/slice_114.jpg,ASD,0.00011070978020330638
51460,/content/drive/MyDrive/ASD_XAI_Project/slices/ASD/51460/slice_115.jpg,ASD,0.00015177510516271167
51460,/content/drive/MyDrive/ASD_XAI_Project/slices/ASD/51460/slice_116.jpg,ASD,5.0238873732754356e-05
51460,/content/drive/MyDrive/ASD_XAI_Project/slices/ASD/51460/slice_117.jpg,ASD,6.044679885351638e-05
51460,/content/drive/MyDrive/ASD_XAI_Project/slices/ASD/51460/slice_118.jpg,ASD,6.0740018454343276e-05
51460,/content/drive/MyDrive/ASD_XAI_Project/slices/ASD/51460/slice_119.jpg,ASD,6.172295285986882e-05
51460,/content/drive/MyDrive/ASD_XAI_Project/slices/ASD/51460/slice_120.jpg,ASD,0.00010924988441858497
51460,/content/drive/MyDrive/ASD_XAI_Project/slices/ASD/51460/slice_121.jpg,ASD,0.00022794034896852285
51460,/content/drive/MyDrive/ASD_XAI_Project/slices/ASD/51460/slice_122.jpg,ASD,0.00012011607718043887
51460,/content/drive/MyDrive/ASD_XAI_Project/slices/ASD/51460/slice_123.jpg,ASD,4.2941618760873405e-05
51460,/content/drive/MyDrive/ASD_XAI_Project/slices/ASD/51460/slice_124.jpg,ASD,8.97770957716287e-05
51460,/content/drive/MyDrive/ASD_XAI_Project/slices/ASD/51460/slice_125.jpg,ASD,5.0917097307775465e-05
51460,/content/drive/MyDrive/ASD_XAI_Project/slices/ASD/51460/slice_126.jpg,ASD,3.5576429574167734e-05
51460,/content/drive/MyDrive/ASD_XAI_Project/slices/ASD/51460/slice_127.jpg,ASD,9.458667637045309e-05
51460,/content/drive/MyDrive/ASD_XAI_Project/slices/ASD/51460/slice_128.jpg,ASD,3.674295401232506e-05
51460,/content/drive/MyDrive/ASD_XAI_Project/slices/ASD/51460/slice_129.jpg,ASD,2.011034133901208e-05
51460,/content/drive/MyDrive/ASD_XAI_Project/slices/ASD/51460/slice_130.jpg,ASD,0.00016777561448527828
51460,/content/drive/MyDrive/ASD_XAI_Project/slices/ASD/51460/slice_131.jpg,ASD,3.3157961647613524e-05
51460,/content/drive/MyDrive/ASD_XAI_Project/slices/ASD/51460/slice_132.jpg,ASD,0.0002060450075056348
51460,/content/drive/MyDrive/ASD_XAI_Project/slices/ASD/51460/slice_133.jpg,ASD,0.0001867643453315613
51460,/content/drive/MyDrive/ASD_XAI_Project/slices/ASD/51460/slice_134.jpg,ASD,9.800591909708062e-05
51460,/content/drive/MyDrive/ASD_XAI_Project/slices/ASD/51460/slice_135.jpg,ASD,7.314661476736697e-06
51460,/content/drive/MyDrive/ASD_XAI_Project/slices/ASD/51460/slice_136.jpg,ASD,2.787007923872529e-05
51460,/content/drive/MyDrive/ASD_XAI_Project/slices/ASD/51460/slice_137.jpg,ASD,0.00012282903758625656
51460,/content/drive/MyDrive/ASD_XAI_Project/slices/ASD/51460/slice_138.jpg,ASD,4.962524277163405e-06
51460,/content/drive/MyDrive/ASD_XAI_Project/slices/ASD/51460/slice_139.jpg,ASD,0.00023435031437678755
51460,/content/drive/MyDrive/ASD_XAI_Project/slices/ASD/51460/slice_140.jpg,ASD,1.216694427118022e-05
51460,/content/drive/MyDrive/ASD_XAI_Project/slices/ASD/51460/slice_141.jpg,ASD,0.00012026309241468945
51460,/content/drive/MyDrive/ASD_XAI_Project/slices/ASD/51460/slice_142.jpg,ASD,8.61306591796019e-05
51460,/content/drive/MyDrive/ASD_XAI_Project/slices/ASD/51460/slice_143.jpg,ASD,0.00022227672291385113
51460,/content/drive/MyDrive/ASD_XAI_Project/slices/ASD/51460/slice_144.jpg,ASD,6.653576548362032e-05
51460,/content/drive/MyDrive/ASD_XAI_Project/slices/ASD/51460/slice_145.jpg,ASD,5.675877804269033e-05
51460,/content/drive/MyDrive/ASD_XAI_Project/slices/ASD/51460/slice_146.jpg,ASD,0.00019023721797823074
51460,/content/drive/MyDrive/ASD_XAI_Project/slices/ASD/51460/slice_147.jpg,ASD,0.00014297167311018972
51460,/content/drive/MyDrive/ASD_XAI_Project/slices/ASD/51460/slice_148.jpg,ASD,0.0001308053611596338
51460,/content/drive/MyDrive/ASD_XAI_Project/slices/ASD/51460/slice_149.jpg,ASD,0.00018900609121905016
51460,/content/drive/MyDrive/ASD_XAI_Project/slices/ASD/51460/slice_150.jpg,ASD,0.00014362896090705559
51460,/content/drive/MyDrive/ASD_XAI_Project/slices/ASD/51460/slice_151.jpg,ASD,0.00020204642177328215
51460,/content/drive/MyDrive/ASD_XAI_Project/slices/ASD/51460/slice_152.jpg,ASD,0.00013398196783613941
51460,/content/drive/MyDrive/ASD_XAI_Project/slices/ASD/51460/slice_153.jpg,ASD,0.0001585923633774315
51460,/content/drive/MyDrive/ASD_XAI_Project/slices/ASD/51460/slice_154.jpg,ASD,0.0001890510429350251
51460,/content/drive/MyDrive/ASD_XAI_Project/slices/ASD/51460/slice_155.jpg,ASD,0.0002341396478040831
51460,/content/drive/MyDrive/ASD_XAI_Project/slices/ASD/51460/slice_156.jpg,ASD,0.00021573689132302188
51460,/content/drive/MyDrive/ASD_XAI_Project/slices/ASD/51460/slice_157.jpg,ASD,0.00010036646510675314
51460,/content/drive/MyDrive/ASD_XAI_Project/slices/ASD/51460/slice_158.jpg,ASD,0.00013665777762714078
51460,/content/drive/MyDrive/ASD_XAI_Project/slices/ASD/51460/slice_159.jpg,ASD,5.349797917253402e-05
51460,/content/drive/MyDrive/ASD_XAI_Project/slices/ASD/51460/slice_160.jpg,ASD,3.182621160702019e-05
51460,/content/drive/MyDrive/ASD_XAI_Project/slices/ASD/51460/slice_161.jpg,ASD,4.727487040420215e-05
51460,/content/drive/MyDrive/ASD_XAI_Project/slices/ASD/51460/slice_162.jpg,ASD,1.8577649508888244e-05
51460,/content/drive/MyDrive/ASD_XAI_Project/slices/ASD/51460/slice_163.jpg,ASD,4.421586797241233e-05
51460,/content/drive/MyDrive/ASD_XAI_Project/slices/ASD/51460/slice_164.jpg,ASD,3.6270256232618954e-05
51460,/content/drive/MyDrive/ASD_XAI_Project/slices/ASD/51460/slice_165.jpg,ASD,3.526888909513325e-05
51460,/content/drive/MyDrive/ASD_XAI_Project/slices/ASD/51460/slice_166.jpg,ASD,2.6216188700322747e-05
51460,/content/drive/MyDrive/ASD_XAI_Project/slices/ASD/51460/slice_167.jpg,ASD,0.00015904817060790626
51460,/content/drive/MyDrive/ASD_XAI_Project/slices/ASD/51460/slice_168.jpg,ASD,0.00010466173927630304
51460,/content/drive/MyDrive/ASD_XAI_Project/slices/ASD/51460/slice_169.jpg,ASD,0.00011130616828343731
51460,/content/drive/MyDrive/ASD_XAI_Project/slices/ASD/51460/slice_170.jpg,ASD,9.3487855131583e-05
51460,/content/drive/MyDrive/ASD_XAI_Project/slices/ASD/51460/slice_171.jpg,ASD,7.546121030819823e-05
51460,/content/drive/MyDrive/ASD_XAI_Project/slices/ASD/51460/slice_172.jpg,ASD,0.00011777017259332596
51460,/content/drive/MyDrive/ASD_XAI_Project/slices/ASD/51460/slice_173.jpg,ASD,8.585712477423843e-05
51460,/content/drive/MyDrive/ASD_XAI_Project/slices/ASD/51460/slice_174.jpg,ASD,6.326890200703415e-05
51460,/content/drive/MyDrive/ASD_XAI_Project/slices/ASD/51460/slice_175.jpg,ASD,5.6169244840613296e-05
51463,/content/drive/MyDrive/ASD_XAI_Project/slices/ASD/51463/slice_000.jpg,ASD,9.876563287353471e-05
51463,/content/drive/MyDrive/ASD_XAI_Project/slices/ASD/51463/slice_001.jpg,ASD,0.0002224428402106392
51463,/content/drive/MyDrive/ASD_XAI_Project/slices/ASD/51463/slice_002.jpg,ASD,0.0001427814875631637
51463,/content/drive/MyDrive/ASD_XAI_Project/slices/ASD/51463/slice_003.jpg,ASD,0.000174381713987487
51463,/content/drive/MyDrive/ASD_XAI_Project/slices/ASD/51463/slice_004.jpg,ASD,0.00024626221296000024
51463,/content/drive/MyDrive/ASD_XAI_Project/slices/ASD/51463/slice_005.jpg,ASD,0.00014878220076802498
51463,/content/drive/MyDrive/ASD_XAI_Project/slices/ASD/51463/slice_006.jpg,ASD,0.00012892181895833387
51463,/content/drive/MyDrive/ASD_XAI_Project/slices/ASD/51463/slice_007.jpg,ASD,0.00013014166684726893
51463,/content/drive/MyDrive/ASD_XAI_Project/slices/ASD/51463/slice_008.jpg,ASD,3.405018064310584e-05
51463,/content/drive/MyDrive/ASD_XAI_Project/slices/ASD/51463/slice_009.jpg,ASD,5.492818186288251e-05
51463,/content/drive/MyDrive/ASD_XAI_Project/slices/ASD/51463/slice_010.jpg,ASD,7.685174677083571e-05
51463,/content/drive/MyDrive/ASD_XAI_Project/slices/ASD/51463/slice_011.jpg,ASD,5.35870033544156e-05
51463,/content/drive/MyDrive/ASD_XAI_Project/slices/ASD/51463/slice_012.jpg,ASD,2.8799367990732487e-05
51463,/content/drive/MyDrive/ASD_XAI_Project/slices/ASD/51463/slice_013.jpg,ASD,4.896075513458326e-05
51463,/content/drive/MyDrive/ASD_XAI_Project/slices/ASD/51463/slice_014.jpg,ASD,4.577726444787033e-05
51463,/content/drive/MyDrive/ASD_XAI_Project/slices/ASD/51463/slice_015.jpg,ASD,2.7800375546150318e-05
51463,/content/drive/MyDrive/ASD_XAI_Project/slices/ASD/51463/slice_016.jpg,ASD,4.879010644756231e-05
51463,/content/drive/MyDrive/ASD_XAI_Project/slices/ASD/51463/slice_017.jpg,ASD,0.00010010550132486222
51463,/content/drive/MyDrive/ASD_XAI_Project/slices/ASD/51463/slice_018.jpg,ASD,9.391347009362502e-05
51463,/content/drive/MyDrive/ASD_XAI_Project/slices/ASD/51463/slice_019.jpg,ASD,5.504148972371834e-05
51463,/content/drive/MyDrive/ASD_XAI_Project/slices/ASD/51463/slice_020.jpg,ASD,2.5517364288379396e-05
51463,/content/drive/MyDrive/ASD_XAI_Project/slices/ASD/51463/slice_021.jpg,ASD,6.132010486966992e-05
51463,/content/drive/MyDrive/ASD_XAI_Project/slices/ASD/51463/slice_022.jpg,ASD,0.00016099141832587592
51463,/content/drive/MyDrive/ASD_XAI_Project/slices/ASD/51463/slice_023.jpg,ASD,0.00016201782506731748
51463,/content/drive/MyDrive/ASD_XAI_Project/slices/ASD/51463/slice_024.jpg,ASD,0.00017307063674457788
51463,/content/drive/MyDrive/ASD_XAI_Project/slices/ASD/51463/slice_025.jpg,ASD,0.0001686732600402934
51463,/content/drive/MyDrive/ASD_XAI_Project/slices/ASD/51463/slice_026.jpg,ASD,0.0002696721961035569
51463,/content/drive/MyDrive/ASD_XAI_Project/slices/ASD/51463/slice_027.jpg,ASD,0.00013680839912434014
51463,/content/drive/MyDrive/ASD_XAI_Project/slices/ASD/51463/slice_028.jpg,ASD,0.0001714299673885687
51463,/content/drive/MyDrive/ASD_XAI_Project/slices/ASD/51463/slice_029.jpg,ASD,0.00023818096938689094
51463,/content/drive/MyDrive/ASD_XAI_Project/slices/ASD/51463/slice_030.jpg,ASD,0.000239589330431315
51463,/content/drive/MyDrive/ASD_XAI_Project/slices/ASD/51463/slice_031.jpg,ASD,0.00020005350244791113
51463,/content/drive/MyDrive/ASD_XAI_Project/slices/ASD/51463/slice_032.jpg,ASD,5.93403730385234e-05
51463,/content/drive/MyDrive/ASD_XAI_Project/slices/ASD/51463/slice_033.jpg,ASD,6.999496722152151e-05
51463,/content/drive/MyDrive/ASD_XAI_Project/slices/ASD/51463/slice_034.jpg,ASD,0.00019633595410215507
51463,/content/drive/MyDrive/ASD_XAI_Project/slices/ASD/51463/slice_035.jpg,ASD,0.00010916242841894969
51463,/content/drive/MyDrive/ASD_XAI_Project/slices/ASD/51463/slice_036.jpg,ASD,7.095609811952011e-05
51463,/content/drive/MyDrive/ASD_XAI_Project/slices/ASD/51463/slice_037.jpg,ASD,0.00010884689711291523
51463,/content/drive/MyDrive/ASD_XAI_Project/slices/ASD/51463/slice_038.jpg,ASD,7.264905090828695e-05
51463,/content/drive/MyDrive/ASD_XAI_Project/slices/ASD/51463/slice_039.jpg,ASD,0.0001577840271299001
51463,/content/drive/MyDrive/ASD_XAI_Project/slices/ASD/51463/slice_040.jpg,ASD,0.0001756552817884925
51463,/content/drive/MyDrive/ASD_XAI_Project/slices/ASD/51463/slice_041.jpg,ASD,0.00020202373729112148
51463,/content/drive/MyDrive/ASD_XAI_Project/slices/ASD/51463/slice_042.jpg,ASD,6.78327092501697e-05
51463,/content/drive/MyDrive/ASD_XAI_Project/slices/ASD/51463/slice_043.jpg,ASD,8.065623136954468e-05
51463,/content/drive/MyDrive/ASD_XAI_Project/slices/ASD/51463/slice_044.jpg,ASD,0.00014001755826057493
51463,/content/drive/MyDrive/ASD_XAI_Project/slices/ASD/51463/slice_045.jpg,ASD,0.0004979209518462961
51463,/content/drive/MyDrive/ASD_XAI_Project/slices/ASD/51463/slice_046.jpg,ASD,0.00021059973298281876
51463,/content/drive/MyDrive/ASD_XAI_Project/slices/ASD/51463/slice_047.jpg,ASD,7.346954068909892e-05
51463,/content/drive/MyDrive/ASD_XAI_Project/slices/ASD/51463/slice_048.jpg,ASD,0.00015915555076850667
51463,/content/drive/MyDrive/ASD_XAI_Project/slices/ASD/51463/slice_049.jpg,ASD,0.00041556843887101185
51463,/content/drive/MyDrive/ASD_XAI_Project/slices/ASD/51463/slice_050.jpg,ASD,0.0005587728208828888
51463,/content/drive/MyDrive/ASD_XAI_Project/slices/ASD/51463/slice_051.jpg,ASD,0.0006358657844294102
51463,/content/drive/MyDrive/ASD_XAI_Project/slices/ASD/51463/slice_052.jpg,ASD,0.0004445172611650648
51463,/content/drive/MyDrive/ASD_XAI_Project/slices/ASD/51463/slice_053.jpg,ASD,0.00038640171374908867
51463,/content/drive/MyDrive/ASD_XAI_Project/slices/ASD/51463/slice_054.jpg,ASD,0.00033105781668790095
51463,/content/drive/MyDrive/ASD_XAI_Project/slices/ASD/51463/slice_055.jpg,ASD,0.00041808344901234215
51463,/content/drive/MyDrive/ASD_XAI_Project/slices/ASD/51463/slice_056.jpg,ASD,0.00031070289678750693
51463,/content/drive/MyDrive/ASD_XAI_Project/slices/ASD/51463/slice_057.jpg,ASD,0.00047297034055442263
51463,/content/drive/MyDrive/ASD_XAI_Project/slices/ASD/51463/slice_058.jpg,ASD,0.000393898503563598
51463,/content/drive/MyDrive/ASD_XAI_Project/slices/ASD/51463/slice_059.jpg,ASD,0.00021696758713306787
51463,/content/drive/MyDrive/ASD_XAI_Project/slices/ASD/51463/slice_060.jpg,ASD,0.00019104067870492108
51463,/content/drive/MyDrive/ASD_XAI_Project/slices/ASD/51463/slice_061.jpg,ASD,0.00044426262999581974
51463,/content/drive/MyDrive/ASD_XAI_Project/slices/ASD/51463/slice_062.jpg,ASD,0.0001739704617601743
51463,/content/drive/MyDrive/ASD_XAI_Project/slices/ASD/51463/slice_063.jpg,ASD,0.0005020101022287865
51463,/content/drive/MyDrive/ASD_XAI_Project/slices/ASD/51463/slice_064.jpg,ASD,0.0003364373363397983
51463,/content/drive/MyDrive/ASD_XAI_Project/slices/ASD/51463/slice_065.jpg,ASD,6.877850248437029e-05
51463,/content/drive/MyDrive/ASD_XAI_Project/slices/ASD/51463/slice_066.jpg,ASD,0.00026782580242185836
51463,/content/drive/MyDrive/ASD_XAI_Project/slices/ASD/51463/slice_067.jpg,ASD,0.0005754892844690384
51463,/content/drive/MyDrive/ASD_XAI_Project/slices/ASD/51463/slice_068.jpg,ASD,0.0006695288269637074
51463,/content/drive/MyDrive/ASD_XAI_Project/slices/ASD/51463/slice_069.jpg,ASD,0.0007138438236945133
51463,/content/drive/MyDrive/ASD_XAI_Project/slices/ASD/51463/slice_070.jpg,ASD,0.0008344176494570968
51463,/content/drive/MyDrive/ASD_XAI_Project/slices/ASD/51463/slice_071.jpg,ASD,0.0004402108689216243
51463,/content/drive/MyDrive/ASD_XAI_Project/slices/ASD/51463/slice_072.jpg,ASD,0.0003179925781176932
51463,/content/drive/MyDrive/ASD_XAI_Project/slices/ASD/51463/slice_073.jpg,ASD,0.00014240525439665797
51463,/content/drive/MyDrive/ASD_XAI_Project/slices/ASD/51463/slice_074.jpg,ASD,0.0005468315695995431
51463,/content/drive/MyDrive/ASD_XAI_Project/slices/ASD/51463/slice_075.jpg,ASD,0.0003556331606604136
51463,/content/drive/MyDrive/ASD_XAI_Project/slices/ASD/51463/slice_076.jpg,ASD,0.00025494684008032094
51463,/content/drive/MyDrive/ASD_XAI_Project/slices/ASD/51463/slice_077.jpg,ASD,0.0003380204317976601
51463,/content/drive/MyDrive/ASD_XAI_Project/slices/ASD/51463/slice_078.jpg,ASD,0.000250607019843684
51463,/content/drive/MyDrive/ASD_XAI_Project/slices/ASD/51463/slice_079.jpg,ASD,0.00024621330882289164
51463,/content/drive/MyDrive/ASD_XAI_Project/slices/ASD/51463/slice_080.jpg,ASD,0.0002955301961882926
51463,/content/drive/MyDrive/ASD_XAI_Project/slices/ASD/51463/slice_081.jpg,ASD,0.00021694556155553427
51463,/content/drive/MyDrive/ASD_XAI_Project/slices/ASD/51463/slice_082.jpg,ASD,0.0001414375613783054
51463,/content/drive/MyDrive/ASD_XAI_Project/slices/ASD/51463/slice_083.jpg,ASD,0.00015659072267758964
51463,/content/drive/MyDrive/ASD_XAI_Project/slices/ASD/51463/slice_084.jpg,ASD,0.0001879439580122619
51463,/content/drive/MyDrive/ASD_XAI_Project/slices/ASD/51463/slice_085.jpg,ASD,0.00021139146317922242
51463,/content/drive/MyDrive/ASD_XAI_Project/slices/ASD/51463/slice_086.jpg,ASD,6.501453012211523e-05
51463,/content/drive/MyDrive/ASD_XAI_Project/slices/ASD/51463/slice_087.jpg,ASD,0.00027533825783325846
51463,/content/drive/MyDrive/ASD_XAI_Project/slices/ASD/51463/slice_088.jpg,ASD,0.00015501939584959803
51463,/content/drive/MyDrive/ASD_XAI_Project/slices/ASD/51463/slice_089.jpg,ASD,0.00018411063178931455
51463,/content/drive/MyDrive/ASD_XAI_Project/slices/ASD/51463/slice_090.jpg,ASD,0.00023495369637033597
51463,/content/drive/MyDrive/ASD_XAI_Project/slices/ASD/51463/slice_091.jpg,ASD,0.0003216735651704247
51463,/content/drive/MyDrive/ASD_XAI_Project/slices/ASD/51463/slice_092.jpg,ASD,0.0009207184491367564
51463,/content/drive/MyDrive/ASD_XAI_Project/slices/ASD/51463/slice_093.jpg,ASD,0.0005082967960430376
51463,/content/drive/MyDrive/ASD_XAI_Project/slices/ASD/51463/slice_094.jpg,ASD,0.0004659207921960188
51463,/content/drive/MyDrive/ASD_XAI_Project/slices/ASD/51463/slice_095.jpg,ASD,0.00011877478359109752
51463,/content/drive/MyDrive/ASD_XAI_Project/slices/ASD/51463/slice_096.jpg,ASD,8.022912576157606e-05
51463,/content/drive/MyDrive/ASD_XAI_Project/slices/ASD/51463/slice_097.jpg,ASD,0.00033800695424614566
51463,/content/drive/MyDrive/ASD_XAI_Project/slices/ASD/51463/slice_098.jpg,ASD,0.00021073851490626856
51463,/content/drive/MyDrive/ASD_XAI_Project/slices/ASD/51463/slice_099.jpg,ASD,0.0001647616976175951
51463,/content/drive/MyDrive/ASD_XAI_Project/slices/ASD/51463/slice_100.jpg,ASD,5.9158487002444534e-05
51463,/content/drive/MyDrive/ASD_XAI_Project/slices/ASD/51463/slice_101.jpg,ASD,0.00012317085143702906
51463,/content/drive/MyDrive/ASD_XAI_Project/slices/ASD/51463/slice_102.jpg,ASD,0.00034023837507522764
51463,/content/drive/MyDrive/ASD_XAI_Project/slices/ASD/51463/slice_103.jpg,ASD,0.0002683671924152719
51463,/content/drive/MyDrive/ASD_XAI_Project/slices/ASD/51463/slice_104.jpg,ASD,0.00046099648170037845
51463,/content/drive/MyDrive/ASD_XAI_Project/slices/ASD/51463/slice_105.jpg,ASD,0.0003633242172352912
51463,/content/drive/MyDrive/ASD_XAI_Project/slices/ASD/51463/slice_106.jpg,ASD,0.0004933386769700406
51463,/content/drive/MyDrive/ASD_XAI_Project/slices/ASD/51463/slice_107.jpg,ASD,0.0006106531806107688
51463,/content/drive/MyDrive/ASD_XAI_Project/slices/ASD/51463/slice_108.jpg,ASD,0.0008477628428711436
51463,/content/drive/MyDrive/ASD_XAI_Project/slices/ASD/51463/slice_109.jpg,ASD,0.0004550768329831744
51463,/content/drive/MyDrive/ASD_XAI_Project/slices/ASD/51463/slice_110.jpg,ASD,0.0003849352358803155
51463,/content/drive/MyDrive/ASD_XAI_Project/slices/ASD/51463/slice_111.jpg,ASD,0.0007861180528469054
51463,/content/drive/MyDrive/ASD_XAI_Project/slices/ASD/51463/slice_112.jpg,ASD,0.00040466237410288856
51463,/content/drive/MyDrive/ASD_XAI_Project/slices/ASD/51463/slice_113.jpg,ASD,0.00013966348139038819
51463,/content/drive/MyDrive/ASD_XAI_Project/slices/ASD/51463/slice_114.jpg,ASD,0.00015836687385863767
51463,/content/drive/MyDrive/ASD_XAI_Project/slices/ASD/51463/slice_115.jpg,ASD,0.00022849873455936957
51463,/content/drive/MyDrive/ASD_XAI_Project/slices/ASD/51463/slice_116.jpg,ASD,0.00011769987040469178
51463,/content/drive/MyDrive/ASD_XAI_Project/slices/ASD/51463/slice_117.jpg,ASD,0.000287936562414277
51463,/content/drive/MyDrive/ASD_XAI_Project/slices/ASD/51463/slice_118.jpg,ASD,0.00011157699704835117
51463,/content/drive/MyDrive/ASD_XAI_Project/slices/ASD/51463/slice_119.jpg,ASD,0.0004214561703999723
51463,/content/drive/MyDrive/ASD_XAI_Project/slices/ASD/51463/slice_120.jpg,ASD,8.62974795001907e-05
51463,/content/drive/MyDrive/ASD_XAI_Project/slices/ASD/51463/slice_121.jpg,ASD,0.0002004677021449786
51463,/content/drive/MyDrive/ASD_XAI_Project/slices/ASD/51463/slice_122.jpg,ASD,0.00023902734331413054
51463,/content/drive/MyDrive/ASD_XAI_Project/slices/ASD/51463/slice_123.jpg,ASD,0.0002760747122987854
51463,/content/drive/MyDrive/ASD_XAI_Project/slices/ASD/51463/slice_124.jpg,ASD,0.00025787488308622617
51463,/content/drive/MyDrive/ASD_XAI_Project/slices/ASD/51463/slice_125.jpg,ASD,0.00037221212546238925
51463,/content/drive/MyDrive/ASD_XAI_Project/slices/ASD/51463/slice_126.jpg,ASD,0.0002734315456760667
51463,/content/drive/MyDrive/ASD_XAI_Project/slices/ASD/51463/slice_127.jpg,ASD,0.0004170259776560389
51463,/content/drive/MyDrive/ASD_XAI_Project/slices/ASD/51463/slice_128.jpg,ASD,0.00023196074920942317
51463,/content/drive/MyDrive/ASD_XAI_Project/slices/ASD/51463/slice_129.jpg,ASD,0.0004503450871960574
51463,/content/drive/MyDrive/ASD_XAI_Project/slices/ASD/51463/slice_130.jpg,ASD,0.0005475533627344632
51463,/content/drive/MyDrive/ASD_XAI_Project/slices/ASD/51463/slice_131.jpg,ASD,0.0005378230499943889
51463,/content/drive/MyDrive/ASD_XAI_Project/slices/ASD/51463/slice_132.jpg,ASD,0.0003705449133766279
51463,/content/drive/MyDrive/ASD_XAI_Project/slices/ASD/51463/slice_133.jpg,ASD,0.0002865544665155513
51463,/content/drive/MyDrive/ASD_XAI_Project/slices/ASD/51463/slice_134.jpg,ASD,0.0007260593480323222
51463,/content/drive/MyDrive/ASD_XAI_Project/slices/ASD/51463/slice_135.jpg,ASD,0.00022667858577205964
51463,/content/drive/MyDrive/ASD_XAI_Project/slices/ASD/51463/slice_136.jpg,ASD,0.0003060984984026283
51463,/content/drive/MyDrive/ASD_XAI_Project/slices/ASD/51463/slice_137.jpg,ASD,0.0002144513555787944
51463,/content/drive/MyDrive/ASD_XAI_Project/slices/ASD/51463/slice_138.jpg,ASD,0.00025179925541436265
51463,/content/drive/MyDrive/ASD_XAI_Project/slices/ASD/51463/slice_139.jpg,ASD,0.0007174843619906625
51463,/content/drive/MyDrive/ASD_XAI_Project/slices/ASD/51463/slice_140.jpg,ASD,0.0003579506459364721
51463,/content/drive/MyDrive/ASD_XAI_Project/slices/ASD/51463/slice_141.jpg,ASD,0.00037772745902153797
51463,/content/drive/MyDrive/ASD_XAI_Project/slices/ASD/51463/slice_142.jpg,ASD,0.00042833090924901623
51463,/content/drive/MyDrive/ASD_XAI_Project/slices/ASD/51463/slice_143.jpg,ASD,0.00040848438882009475
51463,/content/drive/MyDrive/ASD_XAI_Project/slices/ASD/51463/slice_144.jpg,ASD,0.0002534450321971773
51463,/content/drive/MyDrive/ASD_XAI_Project/slices/ASD/51463/slice_145.jpg,ASD,0.0001807469329152973
51463,/content/drive/MyDrive/ASD_XAI_Project/slices/ASD/51463/slice_146.jpg,ASD,0.00019259877180649332
51463,/content/drive/MyDrive/ASD_XAI_Project/slices/ASD/51463/slice_147.jpg,ASD,0.00013550548362449422
51463,/content/drive/MyDrive/ASD_XAI_Project/slices/ASD/51463/slice_148.jpg,ASD,0.00014045333242406692
51463,/content/drive/MyDrive/ASD_XAI_Project/slices/ASD/51463/slice_149.jpg,ASD,0.0001083420432889964
51463,/content/drive/MyDrive/ASD_XAI_Project/slices/ASD/51463/slice_150.jpg,ASD,6.973378134781836e-05
51463,/content/drive/MyDrive/ASD_XAI_Project/slices/ASD/51463/slice_151.jpg,ASD,0.0002791223553113187
51463,/content/drive/MyDrive/ASD_XAI_Project/slices/ASD/51463/slice_152.jpg,ASD,9.712103522591249e-05
51463,/content/drive/MyDrive/ASD_XAI_Project/slices/ASD/51463/slice_153.jpg,ASD,0.00011424284408185557
51463,/content/drive/MyDrive/ASD_XAI_Project/slices/ASD/51463/slice_154.jpg,ASD,6.405222571717371e-05
51463,/content/drive/MyDrive/ASD_XAI_Project/slices/ASD/51463/slice_155.jpg,ASD,3.9537870085790246e-05
51463,/content/drive/MyDrive/ASD_XAI_Project/slices/ASD/51463/slice_156.jpg,ASD,0.00011762802321441594
51463,/content/drive/MyDrive/ASD_XAI_Project/slices/ASD/51463/slice_157.jpg,ASD,3.136217643528659e-05
51463,/content/drive/MyDrive/ASD_XAI_Project/slices/ASD/51463/slice_158.jpg,ASD,6.276898585940605e-05
51463,/content/drive/MyDrive/ASD_XAI_Project/slices/ASD/51463/slice_159.jpg,ASD,0.00013868356827934636
51463,/content/drive/MyDrive/ASD_XAI_Project/slices/ASD/51463/slice_160.jpg,ASD,0.00014236781723365893
51463,/content/drive/MyDrive/ASD_XAI_Project/slices/ASD/51463/slice_161.jpg,ASD,9.623836524360757e-05
51463,/content/drive/MyDrive/ASD_XAI_Project/slices/ASD/51463/slice_162.jpg,ASD,6.562397448852054e-05
51463,/content/drive/MyDrive/ASD_XAI_Project/slices/ASD/51463/slice_163.jpg,ASD,4.095092218976877e-05
51463,/content/drive/MyDrive/ASD_XAI_Project/slices/ASD/51463/slice_164.jpg,ASD,3.01361112701508e-05
51463,/content/drive/MyDrive/ASD_XAI_Project/slices/ASD/51463/slice_165.jpg,ASD,3.702816937595618e-05
51463,/content/drive/MyDrive/ASD_XAI_Project/slices/ASD/51463/slice_166.jpg,ASD,2.3082807535612053e-05
51463,/content/drive/MyDrive/ASD_XAI_Project/slices/ASD/51463/slice_167.jpg,ASD,4.694103435690288e-05
51463,/content/drive/MyDrive/ASD_XAI_Project/slices/ASD/51463/slice_168.jpg,ASD,5.575207733521576e-05
51463,/content/drive/MyDrive/ASD_XAI_Project/slices/ASD/51463/slice_169.jpg,ASD,8.844716903582614e-05
51463,/content/drive/MyDrive/ASD_XAI_Project/slices/ASD/51463/slice_170.jpg,ASD,9.973093655073575e-05
51463,/content/drive/MyDrive/ASD_XAI_Project/slices/ASD/51463/slice_171.jpg,ASD,5.616260534317473e-05
51463,/content/drive/MyDrive/ASD_XAI_Project/slices/ASD/51463/slice_172.jpg,ASD,5.675361786472639e-05
51463,/content/drive/MyDrive/ASD_XAI_Project/slices/ASD/51463/slice_173.jpg,ASD,4.978596608046489e-05
51463,/content/drive/MyDrive/ASD_XAI_Project/slices/ASD/51463/slice_174.jpg,ASD,5.496793608119626e-05
51463,/content/drive/MyDrive/ASD_XAI_Project/slices/ASD/51463/slice_175.jpg,ASD,9.655956052226509e-05
51475,/content/drive/MyDrive/ASD_XAI_Project/slices/Control/51475/slice_000.jpg,Control,0.00012099652207414869
51475,/content/drive/MyDrive/ASD_XAI_Project/slices/Control/51475/slice_001.jpg,Control,0.00014546789851803323
51475,/content/drive/MyDrive/ASD_XAI_Project/slices/Control/51475/slice_002.jpg,Control,0.00010145131730578148
51475,/content/drive/MyDrive/ASD_XAI_Project/slices/Control/51475/slice_003.jpg,Control,0.00011873812696613
51475,/content/drive/MyDrive/ASD_XAI_Project/slices/Control/51475/slice_004.jpg,Control,0.00015004334459861937
51475,/content/drive/MyDrive/ASD_XAI_Project/slices/Control/51475/slice_005.jpg,Control,0.00021933962672266767
51475,/content/drive/MyDrive/ASD_XAI_Project/slices/Control/51475/slice_006.jpg,Control,0.00018951460247129947
51475,/content/drive/MyDrive/ASD_XAI_Project/slices/Control/51475/slice_007.jpg,Control,0.0001731797413292337
51475,/content/drive/MyDrive/ASD_XAI_Project/slices/Control/51475/slice_008.jpg,Control,0.00013950911651840097
51475,/content/drive/MyDrive/ASD_XAI_Project/slices/Control/51475/slice_009.jpg,Control,0.00013618258478808446
51475,/content/drive/MyDrive/ASD_XAI_Project/slices/Control/51475/slice_010.jpg,Control,0.00016550481779524506
51475,/content/drive/MyDrive/ASD_XAI_Project/slices/Control/51475/slice_011.jpg,Control,0.00024470745050623154
51475,/content/drive/MyDrive/ASD_XAI_Project/slices/Control/51475/slice_012.jpg,Control,0.0003682133890597545
51475,/content/drive/MyDrive/ASD_XAI_Project/slices/Control/51475/slice_013.jpg,Control,0.000337164145338741
51475,/content/drive/MyDrive/ASD_XAI_Project/slices/Control/51475/slice_014.jpg,Control,0.0004373803094609111
51475,/content/drive/MyDrive/ASD_XAI_Project/slices/Control/51475/slice_015.jpg,Control,0.00042945173625403226
51475,/content/drive/MyDrive/ASD_XAI_Project/slices/Control/51475/slice_016.jpg,Control,0.00033543653674425315
51475,/content/drive/MyDrive/ASD_XAI_Project/slices/Control/51475/slice_017.jpg,Control,0.0003101094113149984
51475,/content/drive/MyDrive/ASD_XAI_Project/slices/Control/51475/slice_018.jpg,Control,0.00028952117316752204
51475,/content/drive/MyDrive/ASD_XAI_Project/slices/Control/51475/slice_019.jpg,Control,0.0002535517322055541
51475,/content/drive/MyDrive/ASD_XAI_Project/slices/Control/51475/slice_020.jpg,Control,0.000257598736041214
51475,/content/drive/MyDrive/ASD_XAI_Project/slices/Control/51475/slice_021.jpg,Control,0.00028907044142228923
51475,/content/drive/MyDrive/ASD_XAI_Project/slices/Control/51475/slice_022.jpg,Control,0.00011416904984666378
51475,/content/drive/MyDrive/ASD_XAI_Project/slices/Control/51475/slice_023.jpg,Control,0.00011376900965199839
51475,/content/drive/MyDrive/ASD_XAI_Project/slices/Control/51475/slice_024.jpg,Control,0.0001802173154802654
51475,/content/drive/MyDrive/ASD_XAI_Project/slices/Control/51475/slice_025.jpg,Control,0.000329267632776651
51475,/content/drive/MyDrive/ASD_XAI_Project/slices/Control/51475/slice_026.jpg,Control,0.00039309778101250106
51475,/content/drive/MyDrive/ASD_XAI_Project/slices/Control/51475/slice_027.jpg,Control,0.0001734054659751595
51475,/content/drive/MyDrive/ASD_XAI_Project/slices/Control/51475/slice_028.jpg,Control,0.000133566910816786
51475,/content/drive/MyDrive/ASD_XAI_Project/slices/Control/51475/slice_029.jpg,Control,9.294939604253749e-05
51475,/content/drive/MyDrive/ASD_XAI_Project/slices/Control/51475/slice_030.jpg,Control,0.0003360733382086896
51475,/content/drive/MyDrive/ASD_XAI_Project/slices/Control/51475/slice_031.jpg,Control,0.00041125049765606024
51475,/content/drive/MyDrive/ASD_XAI_Project/slices/Control/51475/slice_032.jpg,Control,0.00015266156144879344
51475,/content/drive/MyDrive/ASD_XAI_Project/slices/Control/51475/slice_033.jpg,Control,0.0004063714361206194
51475,/content/drive/MyDrive/ASD_XAI_Project/slices/Control/51475/slice_034.jpg,Control,0.000300123341088865
51475,/content/drive/MyDrive/ASD_XAI_Project/slices/Control/51475/slice_035.jpg,Control,0.00023059222603182792
51475,/content/drive/MyDrive/ASD_XAI_Project/slices/Control/51475/slice_036.jpg,Control,0.0002965312206942762
51475,/content/drive/MyDrive/ASD_XAI_Project/slices/Control/51475/slice_037.jpg,Control,0.000373498319819097
51475,/content/drive/MyDrive/ASD_XAI_Project/slices/Control/51475/slice_038.jpg,Control,0.0004942833110380952
51475,/content/drive/MyDrive/ASD_XAI_Project/slices/Control/51475/slice_039.jpg,Control,0.0003537399493032633
51475,/content/drive/MyDrive/ASD_XAI_Project/slices/Control/51475/slice_040.jpg,Control,0.00038695808871399103
51475,/content/drive/MyDrive/ASD_XAI_Project/slices/Control/51475/slice_041.jpg,Control,0.00043398413033654434
51475,/content/drive/MyDrive/ASD_XAI_Project/slices/Control/51475/slice_042.jpg,Control,0.0006068375340054685
51475,/content/drive/MyDrive/ASD_XAI_Project/slices/Control/51475/slice_043.jpg,Control,0.000604741132579458
51475,/content/drive/MyDrive/ASD_XAI_Project/slices/Control/51475/slice_044.jpg,Control,0.0005022764566204652
51475,/content/drive/MyDrive/ASD_XAI_Project/slices/Control/51475/slice_045.jpg,Control,0.0009339942578055075
51475,/content/drive/MyDrive/ASD_XAI_Project/slices/Control/51475/slice_046.jpg,Control,0.0013721113391614637
51475,/content/drive/MyDrive/ASD_XAI_Project/slices/Control/51475/slice_047.jpg,Control,0.00097964049919764
51475,/content/drive/MyDrive/ASD_XAI_Project/slices/Control/51475/slice_048.jpg,Control,0.001978989551501055
51475,/content/drive/MyDrive/ASD_XAI_Project/slices/Control/51475/slice_049.jpg,Control,0.002392505793920031
51475,/content/drive/MyDrive/ASD_XAI_Project/slices/Control/51475/slice_050.jpg,Control,0.0019685645823624915
51475,/content/drive/MyDrive/ASD_XAI_Project/slices/Control/51475/slice_051.jpg,Control,0.001854592135875701
51475,/content/drive/MyDrive/ASD_XAI_Project/slices/Control/51475/slice_052.jpg,Control,0.002017811988861333
51475,/content/drive/MyDrive/ASD_XAI_Project/slices/Control/51475/slice_053.jpg,Control,0.0026043083060015323
51475,/content/drive/MyDrive/ASD_XAI_Project/slices/Control/51475/slice_054.jpg,Control,0.0015489925036188126
51475,/content/drive/MyDrive/ASD_XAI_Project/slices/Control/51475/slice_055.jpg,Control,0.001784869427358633
51475,/content/drive/MyDrive/ASD_XAI_Project/slices/Control/51475/slice_056.jpg,Control,0.001132544186121429
51475,/content/drive/MyDrive/ASD_XAI_Project/slices/Control/51475/slice_057.jpg,Control,0.0008478203646678098
51475,/content/drive/MyDrive/ASD_XAI_Project/slices/Control/51475/slice_058.jpg,Control,0.0014833641710312534
51475,/content/drive/MyDrive/ASD_XAI_Project/slices/Control/51475/slice_059.jpg,Control,0.0009591278018521965
51475,/content/drive/MyDrive/ASD_XAI_Project/slices/Control/51475/slice_060.jpg,Control,0.0005167908583745889
51475,/content/drive/MyDrive/ASD_XAI_Project/slices/Control/51475/slice_061.jpg,Control,0.0007752608887290942
51475,/content/drive/MyDrive/ASD_XAI_Project/slices/Control/51475/slice_062.jpg,Control,0.0007983887153671803
51475,/content/drive/MyDrive/ASD_XAI_Project/slices/Control/51475/slice_063.jpg,Control,0.000720223988774666
51475,/content/drive/MyDrive/ASD_XAI_Project/slices/Control/51475/slice_064.jpg,Control,0.0005615717398932485
51475,/content/drive/MyDrive/ASD_XAI_Project/slices/Control/51475/slice_065.jpg,Control,0.0004492695397430279
51475,/content/drive/MyDrive/ASD_XAI_Project/slices/Control/51475/slice_066.jpg,Control,0.0007091651687165592
51475,/content/drive/MyDrive/ASD_XAI_Project/slices/Control/51475/slice_067.jpg,Control,0.0010788171754639783
51475,/content/drive/MyDrive/ASD_XAI_Project/slices/Control/51475/slice_068.jpg,Control,0.0007087652224622493
51475,/content/drive/MyDrive/ASD_XAI_Project/slices/Control/51475/slice_069.jpg,Control,0.00044602385798791046
51475,/content/drive/MyDrive/ASD_XAI_Project/slices/Control/51475/slice_070.jpg,Control,0.0011173635810434654
51475,/content/drive/MyDrive/ASD_XAI_Project/slices/Control/51475/slice_071.jpg,Control,0.0012721768104421898
51475,/content/drive/MyDrive/ASD_XAI_Project/slices/Control/51475/slice_072.jpg,Control,0.0017020340017127695
51475,/content/drive/MyDrive/ASD_XAI_Project/slices/Control/51475/slice_073.jpg,Control,0.001269420248365882
51475,/content/drive/MyDrive/ASD_XAI_Project/slices/Control/51475/slice_074.jpg,Control,0.0006991089468996771
51475,/content/drive/MyDrive/ASD_XAI_Project/slices/Control/51475/slice_075.jpg,Control,0.0004813004382839289
51475,/content/drive/MyDrive/ASD_XAI_Project/slices/Control/51475/slice_076.jpg,Control,0.0005143737697108629
51475,/content/drive/MyDrive/ASD_XAI_Project/slices/Control/51475/slice_077.jpg,Control,0.0005704196256036376
51475,/content/drive/MyDrive/ASD_XAI_Project/slices/Control/51475/slice_078.jpg,Control,0.0007085882696967391
51475,/content/drive/MyDrive/ASD_XAI_Project/slices/Control/51475/slice_079.jpg,Control,0.0008688426282570204
51475,/content/drive/MyDrive/ASD_XAI_Project/slices/Control/51475/slice_080.jpg,Control,0.0011853421876422043
51475,/content/drive/MyDrive/ASD_XAI_Project/slices/Control/51475/slice_081.jpg,Control,0.0007531577605053977
51475,/content/drive/MyDrive/ASD_XAI_Project/slices/Control/51475/slice_082.jpg,Control,0.0010081113737042255
51475,/content/drive/MyDrive/ASD_XAI_Project/slices/Control/51475/slice_083.jpg,Control,0.0008399219572491253
51475,/content/drive/MyDrive/ASD_XAI_Project/slices/Control/51475/slice_084.jpg,Control,0.0008668385038018245
51475,/content/drive/MyDrive/ASD_XAI_Project/slices/Control/51475/slice_085.jpg,Control,0.0006844150996511289
51475,/content/drive/MyDrive/ASD_XAI_Project/slices/Control/51475/slice_086.jpg,Control,0.0006084243319102018
51475,/content/drive/MyDrive/ASD_XAI_Project/slices/Control/51475/slice_087.jpg,Control,0.0002579926429933092
51475,/content/drive/MyDrive/ASD_XAI_Project/slices/Control/51475/slice_088.jpg,Control,0.0007435826799722378
51475,/content/drive/MyDrive/ASD_XAI_Project/slices/Control/51475/slice_089.jpg,Control,0.0005894248073168698
51475,/content/drive/MyDrive/ASD_XAI_Project/slices/Control/51475/slice_090.jpg,Control,0.0008198958715988175
51475,/content/drive/MyDrive/ASD_XAI_Project/slices/Control/51475/slice_091.jpg,Control,0.0014730609777275445
51475,/content/drive/MyDrive/ASD_XAI_Project/slices/Control/51475/slice_092.jpg,Control,0.0013388626814845224
51475,/content/drive/MyDrive/ASD_XAI_Project/slices/Control/51475/slice_093.jpg,Control,0.00100599038877983
51475,/content/drive/MyDrive/ASD_XAI_Project/slices/Control/51475/slice_094.jpg,Control,0.0006070019029294152
51475,/content/drive/MyDrive/ASD_XAI_Project/slices/Control/51475/slice_095.jpg,Control,0.00035136946013785976
51475,/content/drive/MyDrive/ASD_XAI_Project/slices/Control/51475/slice_096.jpg,Control,0.0005635409558364254
51475,/content/drive/MyDrive/ASD_XAI_Project/slices/Control/51475/slice_097.jpg,Control,0.00042565316812516625
51475,/content/drive/MyDrive/ASD_XAI_Project/slices/Control/51475/slice_098.jpg,Control,0.0005162017453826125
51475,/content/drive/MyDrive/ASD_XAI_Project/slices/Control/51475/slice_099.jpg,Control,0.0002543237603392312
51475,/content/drive/MyDrive/ASD_XAI_Project/slices/Control/51475/slice_100.jpg,Control,0.00036662761468379075
51475,/content/drive/MyDrive/ASD_XAI_Project/slices/Control/51475/slice_101.jpg,Control,0.0002515306867876178
51475,/content/drive/MyDrive/ASD_XAI_Project/slices/Control/51475/slice_102.jpg,Control,0.0005151654843143941
51475,/content/drive/MyDrive/ASD_XAI_Project/slices/Control/51475/slice_103.jpg,Control,0.0005075873591251299
51475,/content/drive/MyDrive/ASD_XAI_Project/slices/Control/51475/slice_104.jpg,Control,0.0005668091462160301
51475,/content/drive/MyDrive/ASD_XAI_Project/slices/Control/51475/slice_105.jpg,Control,0.0004931028999341946
51475,/content/drive/MyDrive/ASD_XAI_Project/slices/Control/51475/slice_106.jpg,Control,0.0004822135113645528
51475,/content/drive/MyDrive/ASD_XAI_Project/slices/Control/51475/slice_107.jpg,Control,0.001503048492213577
51475,/content/drive/MyDrive/ASD_XAI_Project/slices/Control/51475/slice_108.jpg,Control,0.001776475403827437
51475,/content/drive/MyDrive/ASD_XAI_Project/slices/Control/51475/slice_109.jpg,Control,0.0017446088551222856
51475,/content/drive/MyDrive/ASD_XAI_Project/slices/Control/51475/slice_110.jpg,Control,0.001451661044423618
51475,/content/drive/MyDrive/ASD_XAI_Project/slices/Control/51475/slice_111.jpg,Control,0.001028344517481584
51475,/content/drive/MyDrive/ASD_XAI_Project/slices/Control/51475/slice_112.jpg,Control,0.0006906344950868826
51475,/content/drive/MyDrive/ASD_XAI_Project/slices/Control/51475/slice_113.jpg,Control,0.0006570094099774282
51475,/content/drive/MyDrive/ASD_XAI_Project/slices/Control/51475/slice_114.jpg,Control,0.000918417988899891
51475,/content/drive/MyDrive/ASD_XAI_Project/slices/Control/51475/slice_115.jpg,Control,0.0013028122044541255
51475,/content/drive/MyDrive/ASD_XAI_Project/slices/Control/51475/slice_116.jpg,Control,0.0015298809124923154
51475,/content/drive/MyDrive/ASD_XAI_Project/slices/Control/51475/slice_117.jpg,Control,0.001559558950897147
51475,/content/drive/MyDrive/ASD_XAI_Project/slices/Control/51475/slice_118.jpg,Control,0.0019088664635870294
51475,/content/drive/MyDrive/ASD_XAI_Project/slices/Control/51475/slice_119.jpg,Control,0.0016055692254233252
51475,/content/drive/MyDrive/ASD_XAI_Project/slices/Control/51475/slice_120.jpg,Control,0.0016044074346165168
51475,/content/drive/MyDrive/ASD_XAI_Project/slices/Control/51475/slice_121.jpg,Control,0.0017310110019156022
51475,/content/drive/MyDrive/ASD_XAI_Project/slices/Control/51475/slice_122.jpg,Control,0.00187000910956047
51475,/content/drive/MyDrive/ASD_XAI_Project/slices/Control/51475/slice_123.jpg,Control,0.0016593368824107352
51475,/content/drive/MyDrive/ASD_XAI_Project/slices/Control/51475/slice_124.jpg,Control,0.0015600787243743013
51475,/content/drive/MyDrive/ASD_XAI_Project/slices/Control/51475/slice_125.jpg,Control,0.000799184849403641
51475,/content/drive/MyDrive/ASD_XAI_Project/slices/Control/51475/slice_126.jpg,Control,0.0009539061418914538
51475,/content/drive/MyDrive/ASD_XAI_Project/slices/Control/51475/slice_127.jpg,Control,0.0012008743182502029
51475,/content/drive/MyDrive/ASD_XAI_Project/slices/Control/51475/slice_128.jpg,Control,0.0006892289391997593
51475,/content/drive/MyDrive/ASD_XAI_Project/slices/Control/51475/slice_129.jpg,Control,0.0005638867649832748
51475,/content/drive/MyDrive/ASD_XAI_Project/slices/Control/51475/slice_130.jpg,Control,0.0012399011718058353
51475,/content/drive/MyDrive/ASD_XAI_Project/slices/Control/51475/slice_131.jpg,Control,0.0009252497485990182
51475,/content/drive/MyDrive/ASD_XAI_Project/slices/Control/51475/slice_132.jpg,Control,0.0005526169198750156
51475,/content/drive/MyDrive/ASD_XAI_Project/slices/Control/51475/slice_133.jpg,Control,0.0005083567326772823
51475,/content/drive/MyDrive/ASD_XAI_Project/slices/Control/51475/slice_134.jpg,Control,0.0006106734314633484
51475,/content/drive/MyDrive/ASD_XAI_Project/slices/Control/51475/slice_135.jpg,Control,0.0005423304429613619
51475,/content/drive/MyDrive/ASD_XAI_Project/slices/Control/51475/slice_136.jpg,Control,0.0004476551104684079
51475,/content/drive/MyDrive/ASD_XAI_Project/slices/Control/51475/slice_137.jpg,Control,0.0006072927236351126
51475,/content/drive/MyDrive/ASD_XAI_Project/slices/Control/51475/slice_138.jpg,Control,0.000244359616068986
51475,/content/drive/MyDrive/ASD_XAI_Project/slices/Control/51475/slice_139.jpg,Control,0.00013947061593310797
51475,/content/drive/MyDrive/ASD_XAI_Project/slices/Control/51475/slice_140.jpg,Control,0.00014796682189175965
51475,/content/drive/MyDrive/ASD_XAI_Project/slices/Control/51475/slice_141.jpg,Control,0.00010040587894175815
51475,/content/drive/MyDrive/ASD_XAI_Project/slices/Control/51475/slice_142.jpg,Control,8.681382838240516e-05
51475,/content/drive/MyDrive/ASD_XAI_Project/slices/Control/51475/slice_143.jpg,Control,0.00016575189455276238
51475,/content/drive/MyDrive/ASD_XAI_Project/slices/Control/51475/slice_144.jpg,Control,0.00015384468284028
51475,/content/drive/MyDrive/ASD_XAI_Project/slices/Control/51475/slice_145.jpg,Control,0.00021108062425255106
51475,/content/drive/MyDrive/ASD_XAI_Project/slices/Control/51475/slice_146.jpg,Control,0.00019073572186574416
51475,/content/drive/MyDrive/ASD_XAI_Project/slices/Control/51475/slice_147.jpg,Control,7.246107428790112e-05
51475,/content/drive/MyDrive/ASD_XAI_Project/slices/Control/51475/slice_148.jpg,Control,0.0001472236041331307
51475,/content/drive/MyDrive/ASD_XAI_Project/slices/Control/51475/slice_149.jpg,Control,7.192588859570062e-05
51475,/content/drive/MyDrive/ASD_XAI_Project/slices/Control/51475/slice_150.jpg,Control,0.00018340152173151953
51475,/content/drive/MyDrive/ASD_XAI_Project/slices/Control/51475/slice_151.jpg,Control,0.0001711002186184681
51475,/content/drive/MyDrive/ASD_XAI_Project/slices/Control/51475/slice_152.jpg,Control,4.9587024240100065e-05
51475,/content/drive/MyDrive/ASD_XAI_Project/slices/Control/51475/slice_153.jpg,Control,0.00017213622261479198
51475,/content/drive/MyDrive/ASD_XAI_Project/slices/Control/51475/slice_154.jpg,Control,0.00029431127603846125
51475,/content/drive/MyDrive/ASD_XAI_Project/slices/Control/51475/slice_155.jpg,Control,0.0004072000013849989
51475,/content/drive/MyDrive/ASD_XAI_Project/slices/Control/51475/slice_156.jpg,Control,0.00045663263501453423
51475,/content/drive/MyDrive/ASD_XAI_Project/slices/Control/51475/slice_157.jpg,Control,0.00045310356766656783
51475,/content/drive/MyDrive/ASD_XAI_Project/slices/Control/51475/slice_158.jpg,Control,0.0006068089510424883
51475,/content/drive/MyDrive/ASD_XAI_Project/slices/Control/51475/slice_159.jpg,Control,0.0006192526761335348
51475,/content/drive/MyDrive/ASD_XAI_Project/slices/Control/51475/slice_160.jpg,Control,0.0006061495687913986
51475,/content/drive/MyDrive/ASD_XAI_Project/slices/Control/51475/slice_161.jpg,Control,0.0002243253532277956
51475,/content/drive/MyDrive/ASD_XAI_Project/slices/Control/51475/slice_162.jpg,Control,0.0002551718893195182
51475,/content/drive/MyDrive/ASD_XAI_Project/slices/Control/51475/slice_163.jpg,Control,0.00015306253856385847
51475,/content/drive/MyDrive/ASD_XAI_Project/slices/Control/51475/slice_164.jpg,Control,0.00016220124100124373
51475,/content/drive/MyDrive/ASD_XAI_Project/slices/Control/51475/slice_165.jpg,Control,0.0002624718868922546
51475,/content/drive/MyDrive/ASD_XAI_Project/slices/Control/51475/slice_166.jpg,Control,0.0001618445476880094
51475,/content/drive/MyDrive/ASD_XAI_Project/slices/Control/51475/slice_167.jpg,Control,0.0001568105281249848
51475,/content/drive/MyDrive/ASD_XAI_Project/slices/Control/51475/slice_168.jpg,Control,0.000223068315057034
51475,/content/drive/MyDrive/ASD_XAI_Project/slices/Control/51475/slice_169.jpg,Control,0.0002003336442644371
51475,/content/drive/MyDrive/ASD_XAI_Project/slices/Control/51475/slice_170.jpg,Control,0.0001643283133218788
51475,/content/drive/MyDrive/ASD_XAI_Project/slices/Control/51475/slice_171.jpg,Control,0.00014006827115767642
51475,/content/drive/MyDrive/ASD_XAI_Project/slices/Control/51475/slice_172.jpg,Control,0.00013749421278165096
51475,/content/drive/MyDrive/ASD_XAI_Project/slices/Control/51475/slice_173.jpg,Control,0.00011628705783493344
51475,/content/drive/MyDrive/ASD_XAI_Project/slices/Control/51475/slice_174.jpg,Control,0.00013732918076844324
51475,/content/drive/MyDrive/ASD_XAI_Project/slices/Control/51475/slice_175.jpg,Control,0.00021407817980628697
51476,/content/drive/MyDrive/ASD_XAI_Project/slices/Control/51476/slice_002.jpg,Control,0.00013024001997751874
51476,/content/drive/MyDrive/ASD_XAI_Project/slices/Control/51476/slice_003.jpg,Control,0.00019526366802277936
51476,/content/drive/MyDrive/ASD_XAI_Project/slices/Control/51476/slice_004.jpg,Control,0.00016132044406148957
51476,/content/drive/MyDrive/ASD_XAI_Project/slices/Control/51476/slice_005.jpg,Control,9.894797558489846e-05
51476,/content/drive/MyDrive/ASD_XAI_Project/slices/Control/51476/slice_006.jpg,Control,0.0002178136706542013
51476,/content/drive/MyDrive/ASD_XAI_Project/slices/Control/51476/slice_007.jpg,Control,0.00021164589996121706
51476,/content/drive/MyDrive/ASD_XAI_Project/slices/Control/51476/slice_008.jpg,Control,0.00019684818178496364
51476,/content/drive/MyDrive/ASD_XAI_Project/slices/Control/51476/slice_009.jpg,Control,0.00010182474036696583
51476,/content/drive/MyDrive/ASD_XAI_Project/slices/Control/51476/slice_010.jpg,Control,0.0001273028685662441
51476,/content/drive/MyDrive/ASD_XAI_Project/slices/Control/51476/slice_011.jpg,Control,0.00015666207265464243
51476,/content/drive/MyDrive/ASD_XAI_Project/slices/Control/51476/slice_012.jpg,Control,0.00014640486586631294
51476,/content/drive/MyDrive/ASD_XAI_Project/slices/Control/51476/slice_013.jpg,Control,0.00032746795214424963
51476,/content/drive/MyDrive/ASD_XAI_Project/slices/Control/51476/slice_014.jpg,Control,0.00033329272169145557
51476,/content/drive/MyDrive/ASD_XAI_Project/slices/Control/51476/slice_015.jpg,Control,0.00010427776721322808
51476,/content/drive/MyDrive/ASD_XAI_Project/slices/Control/51476/slice_016.jpg,Control,0.00023185632563407988
51476,/content/drive/MyDrive/ASD_XAI_Project/slices/Control/51476/slice_017.jpg,Control,0.00027291607829073945
51476,/content/drive/MyDrive/ASD_XAI_Project/slices/Control/51476/slice_018.jpg,Control,0.0002945594872720261
51476,/content/drive/MyDrive/ASD_XAI_Project/slices/Control/51476/slice_019.jpg,Control,0.00036485970195576406
51476,/content/drive/MyDrive/ASD_XAI_Project/slices/Control/51476/slice_020.jpg,Control,0.000489392135849196
51476,/content/drive/MyDrive/ASD_XAI_Project/slices/Control/51476/slice_021.jpg,Control,0.00049758586497863
51476,/content/drive/MyDrive/ASD_XAI_Project/slices/Control/51476/slice_022.jpg,Control,0.00046262332111400394
51476,/content/drive/MyDrive/ASD_XAI_Project/slices/Control/51476/slice_023.jpg,Control,0.0006368188934716511
51476,/content/drive/MyDrive/ASD_XAI_Project/slices/Control/51476/slice_024.jpg,Control,0.0006480761816219815
51476,/content/drive/MyDrive/ASD_XAI_Project/slices/Control/51476/slice_025.jpg,Control,0.0006505627347999578
51476,/content/drive/MyDrive/ASD_XAI_Project/slices/Control/51476/slice_026.jpg,Control,0.000453457435310524
51476,/content/drive/MyDrive/ASD_XAI_Project/slices/Control/51476/slice_027.jpg,Control,0.0005105391584806322
51476,/content/drive/MyDrive/ASD_XAI_Project/slices/Control/51476/slice_028.jpg,Control,0.0003033839066857614
51476,/content/drive/MyDrive/ASD_XAI_Project/slices/Control/51476/slice_029.jpg,Control,0.0003403715905214798
51476,/content/drive/MyDrive/ASD_XAI_Project/slices/Control/51476/slice_030.jpg,Control,0.0004413833335983692
51476,/content/drive/MyDrive/ASD_XAI_Project/slices/Control/51476/slice_031.jpg,Control,0.0003913348073288364
51476,/content/drive/MyDrive/ASD_XAI_Project/slices/Control/51476/slice_032.jpg,Control,0.0004126838738002409
51476,/content/drive/MyDrive/ASD_XAI_Project/slices/Control/51476/slice_033.jpg,Control,0.00044942463011440474
51476,/content/drive/MyDrive/ASD_XAI_Project/slices/Control/51476/slice_034.jpg,Control,0.0005435386388617155
51476,/content/drive/MyDrive/ASD_XAI_Project/slices/Control/51476/slice_035.jpg,Control,0.0008191027714355028
51476,/content/drive/MyDrive/ASD_XAI_Project/slices/Control/51476/slice_036.jpg,Control,0.0007572665191504862
51476,/content/drive/MyDrive/ASD_XAI_Project/slices/Control/51476/slice_037.jpg,Control,0.0009428023199527236
51476,/content/drive/MyDrive/ASD_XAI_Project/slices/Control/51476/slice_038.jpg,Control,0.0006829945308152763
51476,/content/drive/MyDrive/ASD_XAI_Project/slices/Control/51476/slice_039.jpg,Control,0.00040837887896051216
51476,/content/drive/MyDrive/ASD_XAI_Project/slices/Control/51476/slice_040.jpg,Control,0.0003802538539997056
51476,/content/drive/MyDrive/ASD_XAI_Project/slices/Control/51476/slice_041.jpg,Control,0.0002474565509494337
51476,/content/drive/MyDrive/ASD_XAI_Project/slices/Control/51476/slice_042.jpg,Control,0.00020715700372740873
51476,/content/drive/MyDrive/ASD_XAI_Project/slices/Control/51476/slice_043.jpg,Control,0.0007509610216711656
51476,/content/drive/MyDrive/ASD_XAI_Project/slices/Control/51476/slice_044.jpg,Control,0.00042632351056747067
51476,/content/drive/MyDrive/ASD_XAI_Project/slices/Control/51476/slice_045.jpg,Control,0.0011155344011762028
51476,/content/drive/MyDrive/ASD_XAI_Project/slices/Control/51476/slice_046.jpg,Control,0.0006748008501742681
51476,/content/drive/MyDrive/ASD_XAI_Project/slices/Control/51476/slice_047.jpg,Control,0.0007321645899273465
51476,/content/drive/MyDrive/ASD_XAI_Project/slices/Control/51476/slice_048.jpg,Control,0.000494475029574057
51476,/content/drive/MyDrive/ASD_XAI_Project/slices/Control/51476/slice_049.jpg,Control,0.0004761263277204489
51476,/content/drive/MyDrive/ASD_XAI_Project/slices/Control/51476/slice_050.jpg,Control,0.0007727685061196457
51476,/content/drive/MyDrive/ASD_XAI_Project/slices/Control/51476/slice_051.jpg,Control,0.0005151078471111498
51476,/content/drive/MyDrive/ASD_XAI_Project/slices/Control/51476/slice_052.jpg,Control,0.00040222835493880195
51476,/content/drive/MyDrive/ASD_XAI_Project/slices/Control/51476/slice_053.jpg,Control,0.0003940600286075984
51476,/content/drive/MyDrive/ASD_XAI_Project/slices/Control/51476/slice_054.jpg,Control,7.806564714709364e-05
51476,/content/drive/MyDrive/ASD_XAI_Project/slices/Control/51476/slice_055.jpg,Control,0.0004057064452209538
51476,/content/drive/MyDrive/ASD_XAI_Project/slices/Control/51476/slice_056.jpg,Control,0.00032004855552421205
51476,/content/drive/MyDrive/ASD_XAI_Project/slices/Control/51476/slice_057.jpg,Control,0.00023577641049121178
51476,/content/drive/MyDrive/ASD_XAI_Project/slices/Control/51476/slice_058.jpg,Control,0.00034203521376190995
51476,/content/drive/MyDrive/ASD_XAI_Project/slices/Control/51476/slice_059.jpg,Control,0.0008842518238721248
51476,/content/drive/MyDrive/ASD_XAI_Project/slices/Control/51476/slice_060.jpg,Control,0.001150799624006538
51476,/content/drive/MyDrive/ASD_XAI_Project/slices/Control/51476/slice_061.jpg,Control,0.0005382137188880124
51476,/content/drive/MyDrive/ASD_XAI_Project/slices/Control/51476/slice_062.jpg,Control,0.0004691701821028983
51476,/content/drive/MyDrive/ASD_XAI_Project/slices/Control/51476/slice_063.jpg,Control,0.0005694679888987076
51476,/content/drive/MyDrive/ASD_XAI_Project/slices/Control/51476/slice_064.jpg,Control,0.0006568529604740149
51476,/content/drive/MyDrive/ASD_XAI_Project/slices/Control/51476/slice_065.jpg,Control,0.0006760872014522636
51476,/content/drive/MyDrive/ASD_XAI_Project/slices/Control/51476/slice_066.jpg,Control,0.0007247799796203795
51476,/content/drive/MyDrive/ASD_XAI_Project/slices/Control/51476/slice_067.jpg,Control,0.0009986064836665358
51476,/content/drive/MyDrive/ASD_XAI_Project/slices/Control/51476/slice_068.jpg,Control,0.0008574121901298841
51476,/content/drive/MyDrive/ASD_XAI_Project/slices/Control/51476/slice_069.jpg,Control,0.0011568589938947189
51476,/content/drive/MyDrive/ASD_XAI_Project/slices/Control/51476/slice_070.jpg,Control,0.0011768674889388957
51476,/content/drive/MyDrive/ASD_XAI_Project/slices/Control/51476/slice_071.jpg,Control,0.0007715509801884564
51476,/content/drive/MyDrive/ASD_XAI_Project/slices/Control/51476/slice_072.jpg,Control,0.0007653504835047077
51476,/content/drive/MyDrive/ASD_XAI_Project/slices/Control/51476/slice_073.jpg,Control,0.0007895769719306818
51476,/content/drive/MyDrive/ASD_XAI_Project/slices/Control/51476/slice_074.jpg,Control,0.0008114175401630517
51476,/content/drive/MyDrive/ASD_XAI_Project/slices/Control/51476/slice_075.jpg,Control,0.0008189621725186973
51476,/content/drive/MyDrive/ASD_XAI_Project/slices/Control/51476/slice_076.jpg,Control,0.0005789333327832215
51476,/content/drive/MyDrive/ASD_XAI_Project/slices/Control/51476/slice_077.jpg,Control,0.0006261660938081525
51476,/content/drive/MyDrive/ASD_XAI_Project/slices/Control/51476/slice_078.jpg,Control,0.0005600939617004373
51476,/content/drive/MyDrive/ASD_XAI_Project/slices/Control/51476/slice_079.jpg,Control,0.0004959772945724025
51476,/content/drive/MyDrive/ASD_XAI_Project/slices/Control/51476/slice_080.jpg,Control,0.00047280008083797916
51476,/content/drive/MyDrive/ASD_XAI_Project/slices/Control/51476/slice_081.jpg,Control,0.0006883428122164665
51476,/content/drive/MyDrive/ASD_XAI_Project/slices/Control/51476/slice_082.jpg,Control,0.000588522731199747
51476,/content/drive/MyDrive/ASD_XAI_Project/slices/Control/51476/slice_083.jpg,Control,0.0006276806633964101
51476,/content/drive/MyDrive/ASD_XAI_Project/slices/Control/51476/slice_084.jpg,Control,0.0003574160178856736
51476,/content/drive/MyDrive/ASD_XAI_Project/slices/Control/51476/slice_085.jpg,Control,0.000310033285366733
51476,/content/drive/MyDrive/ASD_XAI_Project/slices/Control/51476/slice_086.jpg,Control,0.0003394957646613159
51476,/content/drive/MyDrive/ASD_XAI_Project/slices/Control/51476/slice_087.jpg,Control,0.00042462781730147017
51476,/content/drive/MyDrive/ASD_XAI_Project/slices/Control/51476/slice_088.jpg,Control,0.0007789548928594242
51476,/content/drive/MyDrive/ASD_XAI_Project/slices/Control/51476/slice_089.jpg,Control,0.0016495099451870022
51476,/content/drive/MyDrive/ASD_XAI_Project/slices/Control/51476/slice_090.jpg,Control,0.0008313206466791526
51476,/content/drive/MyDrive/ASD_XAI_Project/slices/Control/51476/slice_091.jpg,Control,0.0005530109818872528
51476,/content/drive/MyDrive/ASD_XAI_Project/slices/Control/51476/slice_092.jpg,Control,0.0006681738385329762
51476,/content/drive/MyDrive/ASD_XAI_Project/slices/Control/51476/slice_093.jpg,Control,0.0009600751132884015
51476,/content/drive/MyDrive/ASD_XAI_Project/slices/Control/51476/slice_094.jpg,Control,0.0013091312856192497
51476,/content/drive/MyDrive/ASD_XAI_Project/slices/Control/51476/slice_095.jpg,Control,0.0010167143667981194
51476,/content/drive/MyDrive/ASD_XAI_Project/slices/Control/51476/slice_096.jpg,Control,0.0010578058294470646
51476,/content/drive/MyDrive/ASD_XAI_Project/slices/Control/51476/slice_097.jpg,Control,0.0005846282979926174
51476,/content/drive/MyDrive/ASD_XAI_Project/slices/Control/51476/slice_098.jpg,Control,0.0007743815765664841
51476,/content/drive/MyDrive/ASD_XAI_Project/slices/Control/51476/slice_099.jpg,Control,0.0003694671309343636
51476,/content/drive/MyDrive/ASD_XAI_Project/slices/Control/51476/slice_100.jpg,Control,0.0007600306631482949
51476,/content/drive/MyDrive/ASD_XAI_Project/slices/Control/51476/slice_101.jpg,Control,0.0005499988808151796
51476,/content/drive/MyDrive/ASD_XAI_Project/slices/Control/51476/slice_102.jpg,Control,0.0007845452206705255
51476,/content/drive/MyDrive/ASD_XAI_Project/slices/Control/51476/slice_103.jpg,Control,0.0007558862998648504
51476,/content/drive/MyDrive/ASD_XAI_Project/slices/Control/51476/slice_104.jpg,Control,0.0006624039867817241
51476,/content/drive/MyDrive/ASD_XAI_Project/slices/Control/51476/slice_105.jpg,Control,0.000918598008904441
51476,/content/drive/MyDrive/ASD_XAI_Project/slices/Control/51476/slice_106.jpg,Control,0.0006277315315591177
51476,/content/drive/MyDrive/ASD_XAI_Project/slices/Control/51476/slice_107.jpg,Control,0.0007955874872619982
51476,/content/drive/MyDrive/ASD_XAI_Project/slices/Control/51476/slice_108.jpg,Control,0.00037395363389439
51476,/content/drive/MyDrive/ASD_XAI_Project/slices/Control/51476/slice_109.jpg,Control,0.00017783913544460142
51476,/content/drive/MyDrive/ASD_XAI_Project/slices/Control/51476/slice_110.jpg,Control,0.0002714914846876533
51476,/content/drive/MyDrive/ASD_XAI_Project/slices/Control/51476/slice_111.jpg,Control,0.0005181648324312535
51476,/content/drive/MyDrive/ASD_XAI_Project/slices/Control/51476/slice_112.jpg,Control,0.00034165355451057567
51476,/content/drive/MyDrive/ASD_XAI_Project/slices/Control/51476/slice_113.jpg,Control,0.00017568359187843344
51476,/content/drive/MyDrive/ASD_XAI_Project/slices/Control/51476/slice_114.jpg,Control,0.00035507990548807824
51476,/content/drive/MyDrive/ASD_XAI_Project/slices/Control/51476/slice_115.jpg,Control,0.0005305025159515967
51476,/content/drive/MyDrive/ASD_XAI_Project/slices/Control/51476/slice_116.jpg,Control,0.0003213255372069045
51476,/content/drive/MyDrive/ASD_XAI_Project/slices/Control/51476/slice_117.jpg,Control,0.0007514359366889505
51476,/content/drive/MyDrive/ASD_XAI_Project/slices/Control/51476/slice_118.jpg,Control,0.00019735119047166778
51476,/content/drive/MyDrive/ASD_XAI_Project/slices/Control/51476/slice_119.jpg,Control,0.00042664860587396494
51476,/content/drive/MyDrive/ASD_XAI_Project/slices/Control/51476/slice_120.jpg,Control,0.0006052433703465481
51476,/content/drive/MyDrive/ASD_XAI_Project/slices/Control/51476/slice_121.jpg,Control,0.0005827298102465344
51476,/content/drive/MyDrive/ASD_XAI_Project/slices/Control/51476/slice_122.jpg,Control,0.000356299130439287
51476,/content/drive/MyDrive/ASD_XAI_Project/slices/Control/51476/slice_123.jpg,Control,0.00012531853890645098
51476,/content/drive/MyDrive/ASD_XAI_Project/slices/Control/51476/slice_124.jpg,Control,8.056323403078144e-05
51476,/content/drive/MyDrive/ASD_XAI_Project/slices/Control/51476/slice_125.jpg,Control,8.012107117063903e-05
51476,/content/drive/MyDrive/ASD_XAI_Project/slices/Control/51476/slice_126.jpg,Control,0.0001693190406007913
51476,/content/drive/MyDrive/ASD_XAI_Project/slices/Control/51476/slice_127.jpg,Control,0.00012577650503406868
51476,/content/drive/MyDrive/ASD_XAI_Project/slices/Control/51476/slice_128.jpg,Control,0.000313958785412479
51476,/content/drive/MyDrive/ASD_XAI_Project/slices/Control/51476/slice_129.jpg,Control,0.0001495573778535568
51476,/content/drive/MyDrive/ASD_XAI_Project/slices/Control/51476/slice_130.jpg,Control,0.00017592699361712472
51476,/content/drive/MyDrive/ASD_XAI_Project/slices/Control/51476/slice_131.jpg,Control,7.081361149557533e-05
51476,/content/drive/MyDrive/ASD_XAI_Project/slices/Control/51476/slice_132.jpg,Control,2.5821481403439965e-05
51476,/content/drive/MyDrive/ASD_XAI_Project/slices/Control/51476/slice_133.jpg,Control,1.0438643186642298e-05
51476,/content/drive/MyDrive/ASD_XAI_Project/slices/Control/51476/slice_134.jpg,Control,0.00012531548962343669
51476,/content/drive/MyDrive/ASD_XAI_Project/slices/Control/51476/slice_135.jpg,Control,0.00017213117931902253
51476,/content/drive/MyDrive/ASD_XAI_Project/slices/Control/51476/slice_136.jpg,Control,0.00012667738750510836
51476,/content/drive/MyDrive/ASD_XAI_Project/slices/Control/51476/slice_137.jpg,Control,0.00016380270491133124
51476,/content/drive/MyDrive/ASD_XAI_Project/slices/Control/51476/slice_138.jpg,Control,1.3088291486184577e-05
51476,/content/drive/MyDrive/ASD_XAI_Project/slices/Control/51476/slice_139.jpg,Control,0.0001253189328139051
51476,/content/drive/MyDrive/ASD_XAI_Project/slices/Control/51476/slice_140.jpg,Control,0.00020533331192764393
51476,/content/drive/MyDrive/ASD_XAI_Project/slices/Control/51476/slice_141.jpg,Control,0.0002383726773810726
51476,/content/drive/MyDrive/ASD_XAI_Project/slices/Control/51476/slice_142.jpg,Control,0.00035576575275698264
51476,/content/drive/MyDrive/ASD_XAI_Project/slices/Control/51476/slice_143.jpg,Control,0.00019580795547956704
51476,/content/drive/MyDrive/ASD_XAI_Project/slices/Control/51476/slice_144.jpg,Control,0.00029594747404109
51476,/content/drive/MyDrive/ASD_XAI_Project/slices/Control/51476/slice_145.jpg,Control,0.0003745300669804996
51476,/content/drive/MyDrive/ASD_XAI_Project/slices/Control/51476/slice_146.jpg,Control,0.0005863630752730789
51476,/content/drive/MyDrive/ASD_XAI_Project/slices/Control/51476/slice_147.jpg,Control,0.0003151880947497151
51476,/content/drive/MyDrive/ASD_XAI_Project/slices/Control/51476/slice_148.jpg,Control,0.0007190636769599028
51476,/content/drive/MyDrive/ASD_XAI_Project/slices/Control/51476/slice_149.jpg,Control,0.0006375267886021548
51476,/content/drive/MyDrive/ASD_XAI_Project/slices/Control/51476/slice_150.jpg,Control,0.0005407004793779989
51476,/content/drive/MyDrive/ASD_XAI_Project/slices/Control/51476/slice_151.jpg,Control,0.0006833305012948671
51476,/content/drive/MyDrive/ASD_XAI_Project/slices/Control/51476/slice_152.jpg,Control,0.0005348088070927818
51476,/content/drive/MyDrive/ASD_XAI_Project/slices/Control/51476/slice_153.jpg,Control,0.0004914372272707673
51476,/content/drive/MyDrive/ASD_XAI_Project/slices/Control/51476/slice_154.jpg,Control,0.0004849689391309765
51476,/content/drive/MyDrive/ASD_XAI_Project/slices/Control/51476/slice_155.jpg,Control,0.00048188782639261847
51476,/content/drive/MyDrive/ASD_XAI_Project/slices/Control/51476/slice_156.jpg,Control,0.00014408400526449042
51476,/content/drive/MyDrive/ASD_XAI_Project/slices/Control/51476/slice_157.jpg,Control,0.0001696344693319288
51476,/content/drive/MyDrive/ASD_XAI_Project/slices/Control/51476/slice_158.jpg,Control,0.00035527477837984895
51476,/content/drive/MyDrive/ASD_XAI_Project/slices/Control/51476/slice_159.jpg,Control,0.0002479887945737892
51476,/content/drive/MyDrive/ASD_XAI_Project/slices/Control/51476/slice_160.jpg,Control,0.00015088562682853826
51476,/content/drive/MyDrive/ASD_XAI_Project/slices/Control/51476/slice_161.jpg,Control,0.00026033679354290804
51476,/content/drive/MyDrive/ASD_XAI_Project/slices/Control/51476/slice_162.jpg,Control,0.00023230023996983392
51476,/content/drive/MyDrive/ASD_XAI_Project/slices/Control/51476/slice_163.jpg,Control,0.00026823124239008583
51476,/content/drive/MyDrive/ASD_XAI_Project/slices/Control/51476/slice_164.jpg,Control,0.00020506800470306496
51476,/content/drive/MyDrive/ASD_XAI_Project/slices/Control/51476/slice_165.jpg,Control,0.0002331962207987802
51476,/content/drive/MyDrive/ASD_XAI_Project/slices/Control/51476/slice_166.jpg,Control,0.00017019019163953965
51476,/content/drive/MyDrive/ASD_XAI_Project/slices/Control/51476/slice_167.jpg,Control,0.00012870023550965942
51476,/content/drive/MyDrive/ASD_XAI_Project/slices/Control/51476/slice_168.jpg,Control,7.585726643734373e-05
51476,/content/drive/MyDrive/ASD_XAI_Project/slices/Control/51476/slice_169.jpg,Control,5.633286987744341e-05
51476,/content/drive/MyDrive/ASD_XAI_Project/slices/Control/51476/slice_170.jpg,Control,8.703929226239897e-05
51476,/content/drive/MyDrive/ASD_XAI_Project/slices/Control/51476/slice_171.jpg,Control,6.462097575652693e-05
51476,/content/drive/MyDrive/ASD_XAI_Project/slices/Control/51476/slice_172.jpg,Control,3.713584870961759e-05
51476,/content/drive/MyDrive/ASD_XAI_Project/slices/Control/51476/slice_173.jpg,Control,0.00021312980827318956
51476,/content/drive/MyDrive/ASD_XAI_Project/slices/Control/51476/slice_174.jpg,Control,0.00010365600380198015
51476,/content/drive/MyDrive/ASD_XAI_Project/slices/Control/51476/slice_175.jpg,Control,0.00011652544193987585
51466,/content/drive/MyDrive/ASD_XAI_Project/slices/ASD/51466/slice_000.jpg,ASD,0.0001700109397200532
51466,/content/drive/MyDrive/ASD_XAI_Project/slices/ASD/51466/slice_001.jpg,ASD,0.00012802237614558271
51466,/content/drive/MyDrive/ASD_XAI_Project/slices/ASD/51466/slice_002.jpg,ASD,9.807559805479897e-05
51466,/content/drive/MyDrive/ASD_XAI_Project/slices/ASD/51466/slice_003.jpg,ASD,8.314607141444385e-05
51466,/content/drive/MyDrive/ASD_XAI_Project/slices/ASD/51466/slice_004.jpg,ASD,7.60817394222075e-05
51466,/content/drive/MyDrive/ASD_XAI_Project/slices/ASD/51466/slice_005.jpg,ASD,8.664530586281889e-05
51466,/content/drive/MyDrive/ASD_XAI_Project/slices/ASD/51466/slice_006.jpg,ASD,0.00014073507589479906
51466,/content/drive/MyDrive/ASD_XAI_Project/slices/ASD/51466/slice_007.jpg,ASD,0.00013425462766664947
51466,/content/drive/MyDrive/ASD_XAI_Project/slices/ASD/51466/slice_008.jpg,ASD,6.739781975218152e-05
51466,/content/drive/MyDrive/ASD_XAI_Project/slices/ASD/51466/slice_009.jpg,ASD,9.806445138445542e-05
51466,/content/drive/MyDrive/ASD_XAI_Project/slices/ASD/51466/slice_010.jpg,ASD,6.520467822909537e-05
51466,/content/drive/MyDrive/ASD_XAI_Project/slices/ASD/51466/slice_011.jpg,ASD,0.00021610251137830922
51466,/content/drive/MyDrive/ASD_XAI_Project/slices/ASD/51466/slice_012.jpg,ASD,0.00011382562078935809
51466,/content/drive/MyDrive/ASD_XAI_Project/slices/ASD/51466/slice_013.jpg,ASD,0.00018595703826071398
51466,/content/drive/MyDrive/ASD_XAI_Project/slices/ASD/51466/slice_014.jpg,ASD,0.0002499131762987193
51466,/content/drive/MyDrive/ASD_XAI_Project/slices/ASD/51466/slice_015.jpg,ASD,0.0003205393608391278
51466,/content/drive/MyDrive/ASD_XAI_Project/slices/ASD/51466/slice_016.jpg,ASD,0.0003188932719432866
51466,/content/drive/MyDrive/ASD_XAI_Project/slices/ASD/51466/slice_017.jpg,ASD,0.00020177646468850613
51466,/content/drive/MyDrive/ASD_XAI_Project/slices/ASD/51466/slice_018.jpg,ASD,0.00031716475806830826
51466,/content/drive/MyDrive/ASD_XAI_Project/slices/ASD/51466/slice_019.jpg,ASD,0.0005183914079332923
51466,/content/drive/MyDrive/ASD_XAI_Project/slices/ASD/51466/slice_020.jpg,ASD,0.00030837412203690975
51466,/content/drive/MyDrive/ASD_XAI_Project/slices/ASD/51466/slice_021.jpg,ASD,0.0003646163661918003
51466,/content/drive/MyDrive/ASD_XAI_Project/slices/ASD/51466/slice_022.jpg,ASD,0.00043063931458508863
51466,/content/drive/MyDrive/ASD_XAI_Project/slices/ASD/51466/slice_023.jpg,ASD,0.0004830475329086337
51466,/content/drive/MyDrive/ASD_XAI_Project/slices/ASD/51466/slice_024.jpg,ASD,0.0004797044792725252
51466,/content/drive/MyDrive/ASD_XAI_Project/slices/ASD/51466/slice_025.jpg,ASD,0.0005742083786032011
51466,/content/drive/MyDrive/ASD_XAI_Project/slices/ASD/51466/slice_026.jpg,ASD,0.0007487944564061565
51466,/content/drive/MyDrive/ASD_XAI_Project/slices/ASD/51466/slice_027.jpg,ASD,0.0005511002466600322
51466,/content/drive/MyDrive/ASD_XAI_Project/slices/ASD/51466/slice_028.jpg,ASD,0.0009981447004189653
51466,/content/drive/MyDrive/ASD_XAI_Project/slices/ASD/51466/slice_029.jpg,ASD,0.0008896007383032759
51466,/content/drive/MyDrive/ASD_XAI_Project/slices/ASD/51466/slice_030.jpg,ASD,0.0007673525988351281
51466,/content/drive/MyDrive/ASD_XAI_Project/slices/ASD/51466/slice_031.jpg,ASD,0.000789502803400358
51466,/content/drive/MyDrive/ASD_XAI_Project/slices/ASD/51466/slice_032.jpg,ASD,0.0008194758231425807
51466,/content/drive/MyDrive/ASD_XAI_Project/slices/ASD/51466/slice_033.jpg,ASD,0.0007484017282455702
51466,/content/drive/MyDrive/ASD_XAI_Project/slices/ASD/51466/slice_034.jpg,ASD,0.000641914891666392
51466,/content/drive/MyDrive/ASD_XAI_Project/slices/ASD/51466/slice_035.jpg,ASD,0.000839660215718894
51466,/content/drive/MyDrive/ASD_XAI_Project/slices/ASD/51466/slice_036.jpg,ASD,0.0006533428350610046
51466,/content/drive/MyDrive/ASD_XAI_Project/slices/ASD/51466/slice_037.jpg,ASD,0.0009665091460759187
51466,/content/drive/MyDrive/ASD_XAI_Project/slices/ASD/51466/slice_038.jpg,ASD,0.0006241596107142016
51466,/content/drive/MyDrive/ASD_XAI_Project/slices/ASD/51466/slice_039.jpg,ASD,0.0007205512233675021
51466,/content/drive/MyDrive/ASD_XAI_Project/slices/ASD/51466/slice_040.jpg,ASD,0.0006398352208475632
51466,/content/drive/MyDrive/ASD_XAI_Project/slices/ASD/51466/slice_041.jpg,ASD,0.0006317150478623234
51466,/content/drive/MyDrive/ASD_XAI_Project/slices/ASD/51466/slice_042.jpg,ASD,0.0005790765821267782
51466,/content/drive/MyDrive/ASD_XAI_Project/slices/ASD/51466/slice_043.jpg,ASD,0.0009944100569045603
51466,/content/drive/MyDrive/ASD_XAI_Project/slices/ASD/51466/slice_044.jpg,ASD,0.0009841884212146907
51466,/content/drive/MyDrive/ASD_XAI_Project/slices/ASD/51466/slice_045.jpg,ASD,0.0009477214881750658
51466,/content/drive/MyDrive/ASD_XAI_Project/slices/ASD/51466/slice_046.jpg,ASD,0.0009988700842815314
51466,/content/drive/MyDrive/ASD_XAI_Project/slices/ASD/51466/slice_047.jpg,ASD,0.0007283408329740233
51466,/content/drive/MyDrive/ASD_XAI_Project/slices/ASD/51466/slice_048.jpg,ASD,0.0003312455569566555
51466,/content/drive/MyDrive/ASD_XAI_Project/slices/ASD/51466/slice_049.jpg,ASD,0.00046658370634908167
51466,/content/drive/MyDrive/ASD_XAI_Project/slices/ASD/51466/slice_050.jpg,ASD,0.0004833602547883626
51466,/content/drive/MyDrive/ASD_XAI_Project/slices/ASD/51466/slice_051.jpg,ASD,0.000565158818674244
51466,/content/drive/MyDrive/ASD_XAI_Project/slices/ASD/51466/slice_052.jpg,ASD,0.001174497338686456
51466,/content/drive/MyDrive/ASD_XAI_Project/slices/ASD/51466/slice_053.jpg,ASD,0.0015206612965113218
51466,/content/drive/MyDrive/ASD_XAI_Project/slices/ASD/51466/slice_054.jpg,ASD,0.0014519225045823508
51466,/content/drive/MyDrive/ASD_XAI_Project/slices/ASD/51466/slice_055.jpg,ASD,0.0014191992856588192
51466,/content/drive/MyDrive/ASD_XAI_Project/slices/ASD/51466/slice_056.jpg,ASD,0.001668477400997129
51466,/content/drive/MyDrive/ASD_XAI_Project/slices/ASD/51466/slice_057.jpg,ASD,0.0016010035485967656
51466,/content/drive/MyDrive/ASD_XAI_Project/slices/ASD/51466/slice_058.jpg,ASD,0.001631953673854131
51466,/content/drive/MyDrive/ASD_XAI_Project/slices/ASD/51466/slice_059.jpg,ASD,0.0018819841045081185
51466,/content/drive/MyDrive/ASD_XAI_Project/slices/ASD/51466/slice_060.jpg,ASD,0.002218734080047257
51466,/content/drive/MyDrive/ASD_XAI_Project/slices/ASD/51466/slice_061.jpg,ASD,0.0011744779711088552
51466,/content/drive/MyDrive/ASD_XAI_Project/slices/ASD/51466/slice_062.jpg,ASD,0.0016812856785365367
51466,/content/drive/MyDrive/ASD_XAI_Project/slices/ASD/51466/slice_063.jpg,ASD,0.0020466662672796623
51466,/content/drive/MyDrive/ASD_XAI_Project/slices/ASD/51466/slice_064.jpg,ASD,0.0012756311394651054
51466,/content/drive/MyDrive/ASD_XAI_Project/slices/ASD/51466/slice_065.jpg,ASD,0.0014640079098146202
51466,/content/drive/MyDrive/ASD_XAI_Project/slices/ASD/51466/slice_066.jpg,ASD,0.00095692171526848
51466,/content/drive/MyDrive/ASD_XAI_Project/slices/ASD/51466/slice_067.jpg,ASD,0.001653484487948899
51466,/content/drive/MyDrive/ASD_XAI_Project/slices/ASD/51466/slice_068.jpg,ASD,0.0019765642101559314
51466,/content/drive/MyDrive/ASD_XAI_Project/slices/ASD/51466/slice_069.jpg,ASD,0.0015404127048016946
51466,/content/drive/MyDrive/ASD_XAI_Project/slices/ASD/51466/slice_070.jpg,ASD,0.0013525642315227009
51466,/content/drive/MyDrive/ASD_XAI_Project/slices/ASD/51466/slice_071.jpg,ASD,0.0018817630960476922
51466,/content/drive/MyDrive/ASD_XAI_Project/slices/ASD/51466/slice_072.jpg,ASD,0.0013994682034178276
51466,/content/drive/MyDrive/ASD_XAI_Project/slices/ASD/51466/slice_073.jpg,ASD,0.0015445149603517227
51466,/content/drive/MyDrive/ASD_XAI_Project/slices/ASD/51466/slice_074.jpg,ASD,0.0013980218381204885
51466,/content/drive/MyDrive/ASD_XAI_Project/slices/ASD/51466/slice_075.jpg,ASD,0.0010631268666889421
51466,/content/drive/MyDrive/ASD_XAI_Project/slices/ASD/51466/slice_076.jpg,ASD,0.000440289152891358
51466,/content/drive/MyDrive/ASD_XAI_Project/slices/ASD/51466/slice_077.jpg,ASD,0.001185501284406529
51466,/content/drive/MyDrive/ASD_XAI_Project/slices/ASD/51466/slice_078.jpg,ASD,0.00186744640410143
51466,/content/drive/MyDrive/ASD_XAI_Project/slices/ASD/51466/slice_079.jpg,ASD,0.0013552839691848666
51466,/content/drive/MyDrive/ASD_XAI_Project/slices/ASD/51466/slice_080.jpg,ASD,0.0017336795894422562
51466,/content/drive/MyDrive/ASD_XAI_Project/slices/ASD/51466/slice_081.jpg,ASD,0.0015871202796110724
51466,/content/drive/MyDrive/ASD_XAI_Project/slices/ASD/51466/slice_082.jpg,ASD,0.0011239169270303626
51466,/content/drive/MyDrive/ASD_XAI_Project/slices/ASD/51466/slice_083.jpg,ASD,0.0009833609373442757
51466,/content/drive/MyDrive/ASD_XAI_Project/slices/ASD/51466/slice_084.jpg,ASD,0.0015296825289257986
51466,/content/drive/MyDrive/ASD_XAI_Project/slices/ASD/51466/slice_085.jpg,ASD,0.0013880590719131205
51466,/content/drive/MyDrive/ASD_XAI_Project/slices/ASD/51466/slice_086.jpg,ASD,0.0011557723543760578
51466,/content/drive/MyDrive/ASD_XAI_Project/slices/ASD/51466/slice_087.jpg,ASD,0.0012846209225763174
51466,/content/drive/MyDrive/ASD_XAI_Project/slices/ASD/51466/slice_088.jpg,ASD,0.001459087908994811
51466,/content/drive/MyDrive/ASD_XAI_Project/slices/ASD/51466/slice_089.jpg,ASD,0.0012874130742309448
51466,/content/drive/MyDrive/ASD_XAI_Project/slices/ASD/51466/slice_090.jpg,ASD,0.0012823869786468454
51466,/content/drive/MyDrive/ASD_XAI_Project/slices/ASD/51466/slice_091.jpg,ASD,0.0013315693920698687
51466,/content/drive/MyDrive/ASD_XAI_Project/slices/ASD/51466/slice_092.jpg,ASD,0.0013930388634326892
51466,/content/drive/MyDrive/ASD_XAI_Project/slices/ASD/51466/slice_093.jpg,ASD,0.0016064099626381468
51466,/content/drive/MyDrive/ASD_XAI_Project/slices/ASD/51466/slice_094.jpg,ASD,0.0011006426931843855
51466,/content/drive/MyDrive/ASD_XAI_Project/slices/ASD/51466/slice_095.jpg,ASD,0.0006776171827332072
51466,/content/drive/MyDrive/ASD_XAI_Project/slices/ASD/51466/slice_096.jpg,ASD,0.0005263164347729619
51466,/content/drive/MyDrive/ASD_XAI_Project/slices/ASD/51466/slice_097.jpg,ASD,0.0007076766967416673
51466,/content/drive/MyDrive/ASD_XAI_Project/slices/ASD/51466/slice_098.jpg,ASD,0.0009020676203849671
51466,/content/drive/MyDrive/ASD_XAI_Project/slices/ASD/51466/slice_099.jpg,ASD,0.00042994584048071664
51466,/content/drive/MyDrive/ASD_XAI_Project/slices/ASD/51466/slice_100.jpg,ASD,0.0012982594808281732
51466,/content/drive/MyDrive/ASD_XAI_Project/slices/ASD/51466/slice_101.jpg,ASD,0.0010219023221407215
51466,/content/drive/MyDrive/ASD_XAI_Project/slices/ASD/51466/slice_102.jpg,ASD,0.0013212156781405556
51466,/content/drive/MyDrive/ASD_XAI_Project/slices/ASD/51466/slice_103.jpg,ASD,0.0021582890591301963
51466,/content/drive/MyDrive/ASD_XAI_Project/slices/ASD/51466/slice_104.jpg,ASD,0.0016933605598597598
51466,/content/drive/MyDrive/ASD_XAI_Project/slices/ASD/51466/slice_105.jpg,ASD,0.0013160869241165588
51466,/content/drive/MyDrive/ASD_XAI_Project/slices/ASD/51466/slice_106.jpg,ASD,0.0014808304830721622
51466,/content/drive/MyDrive/ASD_XAI_Project/slices/ASD/51466/slice_107.jpg,ASD,0.0013664632468752993
51466,/content/drive/MyDrive/ASD_XAI_Project/slices/ASD/51466/slice_108.jpg,ASD,0.0008523864603739045
51466,/content/drive/MyDrive/ASD_XAI_Project/slices/ASD/51466/slice_109.jpg,ASD,0.0010522124013207382
51466,/content/drive/MyDrive/ASD_XAI_Project/slices/ASD/51466/slice_110.jpg,ASD,0.0009424955721779667
51466,/content/drive/MyDrive/ASD_XAI_Project/slices/ASD/51466/slice_111.jpg,ASD,0.0009784203177840218
51466,/content/drive/MyDrive/ASD_XAI_Project/slices/ASD/51466/slice_112.jpg,ASD,0.0006422764671968496
51466,/content/drive/MyDrive/ASD_XAI_Project/slices/ASD/51466/slice_113.jpg,ASD,0.0008655828863691708
51466,/content/drive/MyDrive/ASD_XAI_Project/slices/ASD/51466/slice_114.jpg,ASD,0.0010070433628328718
51466,/content/drive/MyDrive/ASD_XAI_Project/slices/ASD/51466/slice_115.jpg,ASD,0.0007433880274083804
51466,/content/drive/MyDrive/ASD_XAI_Project/slices/ASD/51466/slice_116.jpg,ASD,0.0008760904646854315
51466,/content/drive/MyDrive/ASD_XAI_Project/slices/ASD/51466/slice_117.jpg,ASD,0.0005213821713735812
51466,/content/drive/MyDrive/ASD_XAI_Project/slices/ASD/51466/slice_118.jpg,ASD,0.0007786638533174145
51466,/content/drive/MyDrive/ASD_XAI_Project/slices/ASD/51466/slice_119.jpg,ASD,0.0003936467591347656
51466,/content/drive/MyDrive/ASD_XAI_Project/slices/ASD/51466/slice_120.jpg,ASD,0.000490564776795524
51466,/content/drive/MyDrive/ASD_XAI_Project/slices/ASD/51466/slice_121.jpg,ASD,0.0008952629021548729
51466,/content/drive/MyDrive/ASD_XAI_Project/slices/ASD/51466/slice_122.jpg,ASD,0.0005015599631054303
51466,/content/drive/MyDrive/ASD_XAI_Project/slices/ASD/51466/slice_123.jpg,ASD,0.0006788185417198077
51466,/content/drive/MyDrive/ASD_XAI_Project/slices/ASD/51466/slice_124.jpg,ASD,0.0008825867538508968
51466,/content/drive/MyDrive/ASD_XAI_Project/slices/ASD/51466/slice_125.jpg,ASD,0.0011254554868371683
51466,/content/drive/MyDrive/ASD_XAI_Project/slices/ASD/51466/slice_126.jpg,ASD,0.0008380553109421796
51466,/content/drive/MyDrive/ASD_XAI_Project/slices/ASD/51466/slice_127.jpg,ASD,0.0010733872071681091
51466,/content/drive/MyDrive/ASD_XAI_Project/slices/ASD/51466/slice_128.jpg,ASD,0.0009022111078114152
51466,/content/drive/MyDrive/ASD_XAI_Project/slices/ASD/51466/slice_129.jpg,ASD,0.0013062827120489235
51466,/content/drive/MyDrive/ASD_XAI_Project/slices/ASD/51466/slice_130.jpg,ASD,0.0014312889853040577
51466,/content/drive/MyDrive/ASD_XAI_Project/slices/ASD/51466/slice_131.jpg,ASD,0.0011313229569268027
51466,/content/drive/MyDrive/ASD_XAI_Project/slices/ASD/51466/slice_132.jpg,ASD,0.0015645265456259753
51466,/content/drive/MyDrive/ASD_XAI_Project/slices/ASD/51466/slice_133.jpg,ASD,0.0017168556592299122
51466,/content/drive/MyDrive/ASD_XAI_Project/slices/ASD/51466/slice_134.jpg,ASD,0.0016515438519034275
51466,/content/drive/MyDrive/ASD_XAI_Project/slices/ASD/51466/slice_135.jpg,ASD,0.0014653749204618046
51466,/content/drive/MyDrive/ASD_XAI_Project/slices/ASD/51466/slice_136.jpg,ASD,0.0008668922416782861
51466,/content/drive/MyDrive/ASD_XAI_Project/slices/ASD/51466/slice_137.jpg,ASD,0.0013760361303385472
51466,/content/drive/MyDrive/ASD_XAI_Project/slices/ASD/51466/slice_138.jpg,ASD,0.0011254518230540836
51466,/content/drive/MyDrive/ASD_XAI_Project/slices/ASD/51466/slice_139.jpg,ASD,0.0010795546595718396
51466,/content/drive/MyDrive/ASD_XAI_Project/slices/ASD/51466/slice_140.jpg,ASD,0.0013738152860806217
51466,/content/drive/MyDrive/ASD_XAI_Project/slices/ASD/51466/slice_141.jpg,ASD,0.0012427162211345953
51466,/content/drive/MyDrive/ASD_XAI_Project/slices/ASD/51466/slice_142.jpg,ASD,0.0011326948508828525
51466,/content/drive/MyDrive/ASD_XAI_Project/slices/ASD/51466/slice_143.jpg,ASD,0.00089392411685364
51466,/content/drive/MyDrive/ASD_XAI_Project/slices/ASD/51466/slice_144.jpg,ASD,0.0009946614582431222
51466,/content/drive/MyDrive/ASD_XAI_Project/slices/ASD/51466/slice_145.jpg,ASD,0.0006856623639584105
51466,/content/drive/MyDrive/ASD_XAI_Project/slices/ASD/51466/slice_146.jpg,ASD,0.0010807434429154525
51466,/content/drive/MyDrive/ASD_XAI_Project/slices/ASD/51466/slice_147.jpg,ASD,0.0008485984053305438
51466,/content/drive/MyDrive/ASD_XAI_Project/slices/ASD/51466/slice_148.jpg,ASD,0.0006194743194731471
51466,/content/drive/MyDrive/ASD_XAI_Project/slices/ASD/51466/slice_149.jpg,ASD,0.0008777973037217867
51466,/content/drive/MyDrive/ASD_XAI_Project/slices/ASD/51466/slice_150.jpg,ASD,0.0010031399191057359
51466,/content/drive/MyDrive/ASD_XAI_Project/slices/ASD/51466/slice_151.jpg,ASD,0.0009086488212132897
51466,/content/drive/MyDrive/ASD_XAI_Project/slices/ASD/51466/slice_152.jpg,ASD,0.0008039855044323717
51466,/content/drive/MyDrive/ASD_XAI_Project/slices/ASD/51466/slice_153.jpg,ASD,0.0007597598404642239
51466,/content/drive/MyDrive/ASD_XAI_Project/slices/ASD/51466/slice_154.jpg,ASD,0.0005596744936177124
51466,/content/drive/MyDrive/ASD_XAI_Project/slices/ASD/51466/slice_155.jpg,ASD,0.0005330144209630124
51466,/content/drive/MyDrive/ASD_XAI_Project/slices/ASD/51466/slice_156.jpg,ASD,0.0004465652250123712
51466,/content/drive/MyDrive/ASD_XAI_Project/slices/ASD/51466/slice_157.jpg,ASD,0.0006344987259435998
51466,/content/drive/MyDrive/ASD_XAI_Project/slices/ASD/51466/slice_158.jpg,ASD,0.0004578119918314885
51466,/content/drive/MyDrive/ASD_XAI_Project/slices/ASD/51466/slice_159.jpg,ASD,0.000617312866303479
51466,/content/drive/MyDrive/ASD_XAI_Project/slices/ASD/51466/slice_160.jpg,ASD,0.0004927142369897212
51466,/content/drive/MyDrive/ASD_XAI_Project/slices/ASD/51466/slice_161.jpg,ASD,0.0004895125096966383
51466,/content/drive/MyDrive/ASD_XAI_Project/slices/ASD/51466/slice_162.jpg,ASD,0.0006139154372896118
51466,/content/drive/MyDrive/ASD_XAI_Project/slices/ASD/51466/slice_163.jpg,ASD,0.0003271597932724346
51466,/content/drive/MyDrive/ASD_XAI_Project/slices/ASD/51466/slice_164.jpg,ASD,0.00034469574817748167
51466,/content/drive/MyDrive/ASD_XAI_Project/slices/ASD/51466/slice_165.jpg,ASD,0.00028018191383430186
51466,/content/drive/MyDrive/ASD_XAI_Project/slices/ASD/51466/slice_166.jpg,ASD,0.00015562407211438614
51466,/content/drive/MyDrive/ASD_XAI_Project/slices/ASD/51466/slice_167.jpg,ASD,0.00024418786662654324
51466,/content/drive/MyDrive/ASD_XAI_Project/slices/ASD/51466/slice_168.jpg,ASD,9.507040316928323e-05
51466,/content/drive/MyDrive/ASD_XAI_Project/slices/ASD/51466/slice_169.jpg,ASD,0.00010020572287278598
51466,/content/drive/MyDrive/ASD_XAI_Project/slices/ASD/51466/slice_170.jpg,ASD,9.640253172212726e-05
51466,/content/drive/MyDrive/ASD_XAI_Project/slices/ASD/51466/slice_171.jpg,ASD,0.0001505192263053587
51466,/content/drive/MyDrive/ASD_XAI_Project/slices/ASD/51466/slice_172.jpg,ASD,7.232411216880421e-05
51466,/content/drive/MyDrive/ASD_XAI_Project/slices/ASD/51466/slice_173.jpg,ASD,0.00010200751415561225
51466,/content/drive/MyDrive/ASD_XAI_Project/slices/ASD/51466/slice_174.jpg,ASD,9.670555847974287e-05
51466,/content/drive/MyDrive/ASD_XAI_Project/slices/ASD/51466/slice_175.jpg,ASD,8.425765293470698e-05
