SUB_ID,SLICE_PATH,LABEL,IG_SCORE,IG_RANK
51487,/content/drive/MyDrive/ASD_XAI_Project/slices/Control/51487/slice_000.jpg,Control,3.5534124254166244e-11,176.0
51487,/content/drive/MyDrive/ASD_XAI_Project/slices/Control/51487/slice_001.jpg,Control,1.200994442784875e-10,172.0
51487,/content/drive/MyDrive/ASD_XAI_Project/slices/Control/51487/slice_002.jpg,Control,1.807951149901399e-10,170.0
51487,/content/drive/MyDrive/ASD_XAI_Project/slices/Control/51487/slice_003.jpg,Control,3.0316676946640086e-10,168.0
51487,/content/drive/MyDrive/ASD_XAI_Project/slices/Control/51487/slice_004.jpg,Control,4.274723353070442e-10,166.0
51487,/content/drive/MyDrive/ASD_XAI_Project/slices/Control/51487/slice_005.jpg,Control,5.671312308663801e-10,164.0
51487,/content/drive/MyDrive/ASD_XAI_Project/slices/Control/51487/slice_006.jpg,Control,7.140338875721852e-10,163.0
51487,/content/drive/MyDrive/ASD_XAI_Project/slices/Control/51487/slice_007.jpg,Control,8.560848696603784e-10,161.0
51487,/content/drive/MyDrive/ASD_XAI_Project/slices/Control/51487/slice_008.jpg,Control,1.2273404514928643e-09,159.0
51487,/content/drive/MyDrive/ASD_XAI_Project/slices/Control/51487/slice_009.jpg,Control,1.806034544138413e-09,158.0
51487,/content/drive/MyDrive/ASD_XAI_Project/slices/Control/51487/slice_010.jpg,Control,2.6094457705738705e-09,156.0
51487,/content/drive/MyDrive/ASD_XAI_Project/slices/Control/51487/slice_011.jpg,Control,3.604317511118893e-09,154.0
51487,/content/drive/MyDrive/ASD_XAI_Project/slices/Control/51487/slice_012.jpg,Control,4.497317629414965e-09,152.0
51487,/content/drive/MyDrive/ASD_XAI_Project/slices/Control/51487/slice_013.jpg,Control,5.661904722842337e-09,151.0
51487,/content/drive/MyDrive/ASD_XAI_Project/slices/Control/51487/slice_014.jpg,Control,6.756715631439647e-09,150.0
51487,/content/drive/MyDrive/ASD_XAI_Project/slices/Control/51487/slice_015.jpg,Control,9.76874048319587e-09,149.0
51487,/content/drive/MyDrive/ASD_XAI_Project/slices/Control/51487/slice_016.jpg,Control,1.7704765653547838e-08,148.0
51487,/content/drive/MyDrive/ASD_XAI_Project/slices/Control/51487/slice_017.jpg,Control,3.2964454277362165e-08,147.0
51487,/content/drive/MyDrive/ASD_XAI_Project/slices/Control/51487/slice_018.jpg,Control,7.23744264519155e-08,145.0
51487,/content/drive/MyDrive/ASD_XAI_Project/slices/Control/51487/slice_019.jpg,Control,9.11136908143817e-08,144.0
51487,/content/drive/MyDrive/ASD_XAI_Project/slices/Control/51487/slice_020.jpg,Control,1.7021281450979586e-07,142.0
51487,/content/drive/MyDrive/ASD_XAI_Project/slices/Control/51487/slice_021.jpg,Control,2.1453264764659252e-07,139.0
51487,/content/drive/MyDrive/ASD_XAI_Project/slices/Control/51487/slice_022.jpg,Control,2.3557400652407523e-07,124.0
51487,/content/drive/MyDrive/ASD_XAI_Project/slices/Control/51487/slice_023.jpg,Control,2.6483442638891574e-07,113.0
51487,/content/drive/MyDrive/ASD_XAI_Project/slices/Control/51487/slice_024.jpg,Control,3.2473604960614466e-07,86.0
51487,/content/drive/MyDrive/ASD_XAI_Project/slices/Control/51487/slice_025.jpg,Control,3.58276281531289e-07,81.0
51487,/content/drive/MyDrive/ASD_XAI_Project/slices/Control/51487/slice_026.jpg,Control,3.9851207134233846e-07,72.0
51487,/content/drive/MyDrive/ASD_XAI_Project/slices/Control/51487/slice_027.jpg,Control,4.1442584119977255e-07,70.0
51487,/content/drive/MyDrive/ASD_XAI_Project/slices/Control/51487/slice_028.jpg,Control,4.851385142501385e-07,57.0
51487,/content/drive/MyDrive/ASD_XAI_Project/slices/Control/51487/slice_029.jpg,Control,5.277008767734515e-07,50.0
51487,/content/drive/MyDrive/ASD_XAI_Project/slices/Control/51487/slice_030.jpg,Control,6.000914822834602e-07,33.0
51487,/content/drive/MyDrive/ASD_XAI_Project/slices/Control/51487/slice_031.jpg,Control,5.717679414374288e-07,40.0
51487,/content/drive/MyDrive/ASD_XAI_Project/slices/Control/51487/slice_032.jpg,Control,5.453190965454269e-07,45.0
51487,/content/drive/MyDrive/ASD_XAI_Project/slices/Control/51487/slice_033.jpg,Control,5.873172881365463e-07,37.0
51487,/content/drive/MyDrive/ASD_XAI_Project/slices/Control/51487/slice_034.jpg,Control,6.510513230750803e-07,26.0
51487,/content/drive/MyDrive/ASD_XAI_Project/slices/Control/51487/slice_035.jpg,Control,6.464860575761122e-07,28.0
51487,/content/drive/MyDrive/ASD_XAI_Project/slices/Control/51487/slice_036.jpg,Control,6.090027682148502e-07,32.0
51487,/content/drive/MyDrive/ASD_XAI_Project/slices/Control/51487/slice_037.jpg,Control,5.645795795317099e-07,41.0
51487,/content/drive/MyDrive/ASD_XAI_Project/slices/Control/51487/slice_038.jpg,Control,5.644032512464037e-07,42.0
51487,/content/drive/MyDrive/ASD_XAI_Project/slices/Control/51487/slice_039.jpg,Control,5.834360763401492e-07,38.0
51487,/content/drive/MyDrive/ASD_XAI_Project/slices/Control/51487/slice_040.jpg,Control,6.127630172159115e-07,30.0
51487,/content/drive/MyDrive/ASD_XAI_Project/slices/Control/51487/slice_041.jpg,Control,5.810312586618238e-07,39.0
51487,/content/drive/MyDrive/ASD_XAI_Project/slices/Control/51487/slice_042.jpg,Control,5.886967642254604e-07,36.0
51487,/content/drive/MyDrive/ASD_XAI_Project/slices/Control/51487/slice_043.jpg,Control,5.220303478381538e-07,51.0
51487,/content/drive/MyDrive/ASD_XAI_Project/slices/Control/51487/slice_044.jpg,Control,5.347749834072602e-07,49.0
51487,/content/drive/MyDrive/ASD_XAI_Project/slices/Control/51487/slice_045.jpg,Control,5.413357371253369e-07,46.0
51487,/content/drive/MyDrive/ASD_XAI_Project/slices/Control/51487/slice_046.jpg,Control,5.625535095532541e-07,43.0
51487,/content/drive/MyDrive/ASD_XAI_Project/slices/Control/51487/slice_047.jpg,Control,5.528214614969329e-07,44.0
51487,/content/drive/MyDrive/ASD_XAI_Project/slices/Control/51487/slice_048.jpg,Control,5.379484946388402e-07,47.0
51487,/content/drive/MyDrive/ASD_XAI_Project/slices/Control/51487/slice_049.jpg,Control,5.087865702080308e-07,53.0
51487,/content/drive/MyDrive/ASD_XAI_Project/slices/Control/51487/slice_050.jpg,Control,4.829419140151003e-07,59.0
51487,/content/drive/MyDrive/ASD_XAI_Project/slices/Control/51487/slice_051.jpg,Control,4.975123601980158e-07,55.0
51487,/content/drive/MyDrive/ASD_XAI_Project/slices/Control/51487/slice_052.jpg,Control,4.918185823044041e-07,56.0
51487,/content/drive/MyDrive/ASD_XAI_Project/slices/Control/51487/slice_053.jpg,Control,4.5919676949779387e-07,63.0
51487,/content/drive/MyDrive/ASD_XAI_Project/slices/Control/51487/slice_054.jpg,Control,4.7386137680405227e-07,62.0
51487,/content/drive/MyDrive/ASD_XAI_Project/slices/Control/51487/slice_055.jpg,Control,4.520576339928084e-07,65.0
51487,/content/drive/MyDrive/ASD_XAI_Project/slices/Control/51487/slice_056.jpg,Control,4.831974251828797e-07,58.0
51487,/content/drive/MyDrive/ASD_XAI_Project/slices/Control/51487/slice_057.jpg,Control,4.2054119830936543e-07,69.0
51487,/content/drive/MyDrive/ASD_XAI_Project/slices/Control/51487/slice_058.jpg,Control,4.2886028950306354e-07,68.0
51487,/content/drive/MyDrive/ASD_XAI_Project/slices/Control/51487/slice_059.jpg,Control,3.9565972542732197e-07,74.0
51487,/content/drive/MyDrive/ASD_XAI_Project/slices/Control/51487/slice_060.jpg,Control,3.3242685049117426e-07,83.0
51487,/content/drive/MyDrive/ASD_XAI_Project/slices/Control/51487/slice_061.jpg,Control,2.9350900376812206e-07,98.0
51487,/content/drive/MyDrive/ASD_XAI_Project/slices/Control/51487/slice_062.jpg,Control,3.242894592858647e-07,87.0
51487,/content/drive/MyDrive/ASD_XAI_Project/slices/Control/51487/slice_063.jpg,Control,2.673508561201743e-07,110.0
51487,/content/drive/MyDrive/ASD_XAI_Project/slices/Control/51487/slice_064.jpg,Control,2.9460832706718065e-07,97.0
51487,/content/drive/MyDrive/ASD_XAI_Project/slices/Control/51487/slice_065.jpg,Control,3.2607979960630473e-07,85.0
51487,/content/drive/MyDrive/ASD_XAI_Project/slices/Control/51487/slice_066.jpg,Control,3.0083108981671103e-07,94.0
51487,/content/drive/MyDrive/ASD_XAI_Project/slices/Control/51487/slice_067.jpg,Control,3.199777438567253e-07,88.0
51487,/content/drive/MyDrive/ASD_XAI_Project/slices/Control/51487/slice_068.jpg,Control,3.107020916104375e-07,92.0
51487,/content/drive/MyDrive/ASD_XAI_Project/slices/Control/51487/slice_069.jpg,Control,2.8961031262042525e-07,99.0
51487,/content/drive/MyDrive/ASD_XAI_Project/slices/Control/51487/slice_070.jpg,Control,2.4453430569337797e-07,120.0
51487,/content/drive/MyDrive/ASD_XAI_Project/slices/Control/51487/slice_071.jpg,Control,2.584005187600269e-07,117.0
51487,/content/drive/MyDrive/ASD_XAI_Project/slices/Control/51487/slice_072.jpg,Control,2.7711232064575597e-07,105.0
51487,/content/drive/MyDrive/ASD_XAI_Project/slices/Control/51487/slice_073.jpg,Control,2.7388628609514853e-07,107.0
51487,/content/drive/MyDrive/ASD_XAI_Project/slices/Control/51487/slice_074.jpg,Control,2.2263051846493909e-07,133.0
51487,/content/drive/MyDrive/ASD_XAI_Project/slices/Control/51487/slice_075.jpg,Control,2.119508053510799e-07,141.0
51487,/content/drive/MyDrive/ASD_XAI_Project/slices/Control/51487/slice_076.jpg,Control,2.233692981690183e-07,132.0
51487,/content/drive/MyDrive/ASD_XAI_Project/slices/Control/51487/slice_077.jpg,Control,2.6547618858785427e-07,112.0
51487,/content/drive/MyDrive/ASD_XAI_Project/slices/Control/51487/slice_078.jpg,Control,2.6178426537626365e-07,115.0
51487,/content/drive/MyDrive/ASD_XAI_Project/slices/Control/51487/slice_079.jpg,Control,2.6286284082743805e-07,114.0
51487,/content/drive/MyDrive/ASD_XAI_Project/slices/Control/51487/slice_080.jpg,Control,2.183936373967299e-07,137.0
51487,/content/drive/MyDrive/ASD_XAI_Project/slices/Control/51487/slice_081.jpg,Control,2.196996433667664e-07,135.0
51487,/content/drive/MyDrive/ASD_XAI_Project/slices/Control/51487/slice_082.jpg,Control,2.489740893452108e-07,118.0
51487,/content/drive/MyDrive/ASD_XAI_Project/slices/Control/51487/slice_083.jpg,Control,2.2236984875689814e-07,134.0
51487,/content/drive/MyDrive/ASD_XAI_Project/slices/Control/51487/slice_084.jpg,Control,2.2501816943076847e-07,131.0
51487,/content/drive/MyDrive/ASD_XAI_Project/slices/Control/51487/slice_085.jpg,Control,2.2697263091231434e-07,127.0
51487,/content/drive/MyDrive/ASD_XAI_Project/slices/Control/51487/slice_086.jpg,Control,2.1462352606249624e-07,138.0
51487,/content/drive/MyDrive/ASD_XAI_Project/slices/Control/51487/slice_087.jpg,Control,2.126527505197373e-07,140.0
51487,/content/drive/MyDrive/ASD_XAI_Project/slices/Control/51487/slice_088.jpg,Control,2.261535172465301e-07,130.0
51487,/content/drive/MyDrive/ASD_XAI_Project/slices/Control/51487/slice_089.jpg,Control,2.3800765802661772e-07,122.0
51487,/content/drive/MyDrive/ASD_XAI_Project/slices/Control/51487/slice_090.jpg,Control,2.358391810730609e-07,123.0
51487,/content/drive/MyDrive/ASD_XAI_Project/slices/Control/51487/slice_091.jpg,Control,2.2657515330593014e-07,128.0
51487,/content/drive/MyDrive/ASD_XAI_Project/slices/Control/51487/slice_092.jpg,Control,2.2642606722911296e-07,129.0
51487,/content/drive/MyDrive/ASD_XAI_Project/slices/Control/51487/slice_093.jpg,Control,2.4329438019776717e-07,121.0
51487,/content/drive/MyDrive/ASD_XAI_Project/slices/Control/51487/slice_094.jpg,Control,2.585451284176088e-07,116.0
51487,/content/drive/MyDrive/ASD_XAI_Project/slices/Control/51487/slice_095.jpg,Control,2.2801316390541615e-07,126.0
51487,/content/drive/MyDrive/ASD_XAI_Project/slices/Control/51487/slice_096.jpg,Control,2.1872155286928319e-07,136.0
51487,/content/drive/MyDrive/ASD_XAI_Project/slices/Control/51487/slice_097.jpg,Control,2.3251533320944873e-07,125.0
51487,/content/drive/MyDrive/ASD_XAI_Project/slices/Control/51487/slice_098.jpg,Control,2.485608945335116e-07,119.0
51487,/content/drive/MyDrive/ASD_XAI_Project/slices/Control/51487/slice_099.jpg,Control,2.7074884201283567e-07,109.0
51487,/content/drive/MyDrive/ASD_XAI_Project/slices/Control/51487/slice_100.jpg,Control,2.8290872933212086e-07,101.0
51487,/content/drive/MyDrive/ASD_XAI_Project/slices/Control/51487/slice_101.jpg,Control,2.7152040615874284e-07,108.0
51487,/content/drive/MyDrive/ASD_XAI_Project/slices/Control/51487/slice_102.jpg,Control,2.762088513463823e-07,106.0
51487,/content/drive/MyDrive/ASD_XAI_Project/slices/Control/51487/slice_103.jpg,Control,2.796617479816632e-07,102.0
51487,/content/drive/MyDrive/ASD_XAI_Project/slices/Control/51487/slice_104.jpg,Control,2.9460980499607103e-07,96.0
51487,/content/drive/MyDrive/ASD_XAI_Project/slices/Control/51487/slice_105.jpg,Control,3.11882303094535e-07,91.0
51487,/content/drive/MyDrive/ASD_XAI_Project/slices/Control/51487/slice_106.jpg,Control,3.1478339224122465e-07,89.0
51487,/content/drive/MyDrive/ASD_XAI_Project/slices/Control/51487/slice_107.jpg,Control,2.963763563457178e-07,95.0
51487,/content/drive/MyDrive/ASD_XAI_Project/slices/Control/51487/slice_108.jpg,Control,3.1423644486494595e-07,90.0
51487,/content/drive/MyDrive/ASD_XAI_Project/slices/Control/51487/slice_109.jpg,Control,3.0867849432070216e-07,93.0
51487,/content/drive/MyDrive/ASD_XAI_Project/slices/Control/51487/slice_110.jpg,Control,2.894522026508639e-07,100.0
51487,/content/drive/MyDrive/ASD_XAI_Project/slices/Control/51487/slice_111.jpg,Control,2.6677770392780076e-07,111.0
51487,/content/drive/MyDrive/ASD_XAI_Project/slices/Control/51487/slice_112.jpg,Control,2.7833371518681815e-07,104.0
51487,/content/drive/MyDrive/ASD_XAI_Project/slices/Control/51487/slice_113.jpg,Control,3.2907379932112235e-07,84.0
51487,/content/drive/MyDrive/ASD_XAI_Project/slices/Control/51487/slice_114.jpg,Control,3.732942559508956e-07,78.0
51487,/content/drive/MyDrive/ASD_XAI_Project/slices/Control/51487/slice_115.jpg,Control,3.792825680193346e-07,77.0
51487,/content/drive/MyDrive/ASD_XAI_Project/slices/Control/51487/slice_116.jpg,Control,3.817322351551411e-07,76.0
51487,/content/drive/MyDrive/ASD_XAI_Project/slices/Control/51487/slice_117.jpg,Control,4.039973191538593e-07,71.0
51487,/content/drive/MyDrive/ASD_XAI_Project/slices/Control/51487/slice_118.jpg,Control,3.858173442949919e-07,75.0
51487,/content/drive/MyDrive/ASD_XAI_Project/slices/Control/51487/slice_119.jpg,Control,3.4873303889071394e-07,82.0
51487,/content/drive/MyDrive/ASD_XAI_Project/slices/Control/51487/slice_120.jpg,Control,3.6655569601862226e-07,79.0
51487,/content/drive/MyDrive/ASD_XAI_Project/slices/Control/51487/slice_121.jpg,Control,3.9667835949330765e-07,73.0
51487,/content/drive/MyDrive/ASD_XAI_Project/slices/Control/51487/slice_122.jpg,Control,4.330549074893497e-07,67.0
51487,/content/drive/MyDrive/ASD_XAI_Project/slices/Control/51487/slice_123.jpg,Control,4.4462208848017326e-07,66.0
51487,/content/drive/MyDrive/ASD_XAI_Project/slices/Control/51487/slice_124.jpg,Control,4.5629204237229715e-07,64.0
51487,/content/drive/MyDrive/ASD_XAI_Project/slices/Control/51487/slice_125.jpg,Control,4.7581480089320394e-07,61.0
51487,/content/drive/MyDrive/ASD_XAI_Project/slices/Control/51487/slice_126.jpg,Control,4.97889232065063e-07,54.0
51487,/content/drive/MyDrive/ASD_XAI_Project/slices/Control/51487/slice_127.jpg,Control,5.368341362554929e-07,48.0
51487,/content/drive/MyDrive/ASD_XAI_Project/slices/Control/51487/slice_128.jpg,Control,5.951692969574651e-07,34.0
51487,/content/drive/MyDrive/ASD_XAI_Project/slices/Control/51487/slice_129.jpg,Control,5.948205625827541e-07,35.0
51487,/content/drive/MyDrive/ASD_XAI_Project/slices/Control/51487/slice_130.jpg,Control,6.187036660776357e-07,29.0
51487,/content/drive/MyDrive/ASD_XAI_Project/slices/Control/51487/slice_131.jpg,Control,6.469533673225669e-07,27.0
51487,/content/drive/MyDrive/ASD_XAI_Project/slices/Control/51487/slice_132.jpg,Control,7.309405418709503e-07,23.0
51487,/content/drive/MyDrive/ASD_XAI_Project/slices/Control/51487/slice_133.jpg,Control,7.217081474664155e-07,24.0
51487,/content/drive/MyDrive/ASD_XAI_Project/slices/Control/51487/slice_134.jpg,Control,7.407211342069786e-07,22.0
51487,/content/drive/MyDrive/ASD_XAI_Project/slices/Control/51487/slice_135.jpg,Control,7.714525622759538e-07,20.0
51487,/content/drive/MyDrive/ASD_XAI_Project/slices/Control/51487/slice_136.jpg,Control,8.1205826063524e-07,19.0
51487,/content/drive/MyDrive/ASD_XAI_Project/slices/Control/51487/slice_137.jpg,Control,8.389932304453396e-07,17.0
51487,/content/drive/MyDrive/ASD_XAI_Project/slices/Control/51487/slice_138.jpg,Control,8.652786505081167e-07,14.0
51487,/content/drive/MyDrive/ASD_XAI_Project/slices/Control/51487/slice_139.jpg,Control,8.757949672144605e-07,13.0
51487,/content/drive/MyDrive/ASD_XAI_Project/slices/Control/51487/slice_140.jpg,Control,8.920712843973888e-07,11.0
51487,/content/drive/MyDrive/ASD_XAI_Project/slices/Control/51487/slice_141.jpg,Control,9.73344413068844e-07,4.0
51487,/content/drive/MyDrive/ASD_XAI_Project/slices/Control/51487/slice_142.jpg,Control,9.729643579703406e-07,5.0
51487,/content/drive/MyDrive/ASD_XAI_Project/slices/Control/51487/slice_143.jpg,Control,9.382778785038681e-07,9.0
51487,/content/drive/MyDrive/ASD_XAI_Project/slices/Control/51487/slice_144.jpg,Control,9.585062343830941e-07,6.0
51487,/content/drive/MyDrive/ASD_XAI_Project/slices/Control/51487/slice_145.jpg,Control,9.811809604798327e-07,3.0
51487,/content/drive/MyDrive/ASD_XAI_Project/slices/Control/51487/slice_146.jpg,Control,9.87602675195376e-07,1.0
51487,/content/drive/MyDrive/ASD_XAI_Project/slices/Control/51487/slice_147.jpg,Control,9.814231134441798e-07,2.0
51487,/content/drive/MyDrive/ASD_XAI_Project/slices/Control/51487/slice_148.jpg,Control,9.527763609185058e-07,8.0
51487,/content/drive/MyDrive/ASD_XAI_Project/slices/Control/51487/slice_149.jpg,Control,8.912388693715911e-07,12.0
51487,/content/drive/MyDrive/ASD_XAI_Project/slices/Control/51487/slice_150.jpg,Control,9.582516895534354e-07,7.0
51487,/content/drive/MyDrive/ASD_XAI_Project/slices/Control/51487/slice_151.jpg,Control,9.200863360092626e-07,10.0
51487,/content/drive/MyDrive/ASD_XAI_Project/slices/Control/51487/slice_152.jpg,Control,8.485065450258844e-07,15.0
51487,/content/drive/MyDrive/ASD_XAI_Project/slices/Control/51487/slice_153.jpg,Control,8.1452571976115e-07,18.0
51487,/content/drive/MyDrive/ASD_XAI_Project/slices/Control/51487/slice_154.jpg,Control,8.453113764517184e-07,16.0
51487,/content/drive/MyDrive/ASD_XAI_Project/slices/Control/51487/slice_155.jpg,Control,7.637628414158826e-07,21.0
51487,/content/drive/MyDrive/ASD_XAI_Project/slices/Control/51487/slice_156.jpg,Control,6.686682922918408e-07,25.0
51487,/content/drive/MyDrive/ASD_XAI_Project/slices/Control/51487/slice_157.jpg,Control,6.091482873671339e-07,31.0
51487,/content/drive/MyDrive/ASD_XAI_Project/slices/Control/51487/slice_158.jpg,Control,5.121816570863302e-07,52.0
51487,/content/drive/MyDrive/ASD_XAI_Project/slices/Control/51487/slice_159.jpg,Control,4.770310511048592e-07,60.0
51487,/content/drive/MyDrive/ASD_XAI_Project/slices/Control/51487/slice_160.jpg,Control,3.6151766380498884e-07,80.0
51487,/content/drive/MyDrive/ASD_XAI_Project/slices/Control/51487/slice_161.jpg,Control,2.7959728754467505e-07,103.0
51487,/content/drive/MyDrive/ASD_XAI_Project/slices/Control/51487/slice_162.jpg,Control,1.2253885017798893e-07,143.0
51487,/content/drive/MyDrive/ASD_XAI_Project/slices/Control/51487/slice_163.jpg,Control,4.0906247278371666e-08,146.0
51487,/content/drive/MyDrive/ASD_XAI_Project/slices/Control/51487/slice_164.jpg,Control,4.418949206552725e-09,153.0
51487,/content/drive/MyDrive/ASD_XAI_Project/slices/Control/51487/slice_165.jpg,Control,2.664087617176847e-09,155.0
51487,/content/drive/MyDrive/ASD_XAI_Project/slices/Control/51487/slice_166.jpg,Control,1.9600665535079997e-09,157.0
51487,/content/drive/MyDrive/ASD_XAI_Project/slices/Control/51487/slice_167.jpg,Control,1.176398090052544e-09,160.0
51487,/content/drive/MyDrive/ASD_XAI_Project/slices/Control/51487/slice_168.jpg,Control,7.400749457708855e-10,162.0
51487,/content/drive/MyDrive/ASD_XAI_Project/slices/Control/51487/slice_169.jpg,Control,4.769631911649697e-10,165.0
51487,/content/drive/MyDrive/ASD_XAI_Project/slices/Control/51487/slice_170.jpg,Control,3.339256371415189e-10,167.0
51487,/content/drive/MyDrive/ASD_XAI_Project/slices/Control/51487/slice_171.jpg,Control,2.3509777458130543e-10,169.0
51487,/content/drive/MyDrive/ASD_XAI_Project/slices/Control/51487/slice_172.jpg,Control,1.3963530332006258e-10,171.0
51487,/content/drive/MyDrive/ASD_XAI_Project/slices/Control/51487/slice_173.jpg,Control,6.904227883852698e-11,173.0
51487,/content/drive/MyDrive/ASD_XAI_Project/slices/Control/51487/slice_174.jpg,Control,5.5566877488200106e-11,174.0
51487,/content/drive/MyDrive/ASD_XAI_Project/slices/Control/51487/slice_175.jpg,Control,4.691569008286045e-11,175.0
51460,/content/drive/MyDrive/ASD_XAI_Project/slices/ASD/51460/slice_000.jpg,ASD,7.757622322301927e-11,174.0
51460,/content/drive/MyDrive/ASD_XAI_Project/slices/ASD/51460/slice_001.jpg,ASD,8.406637885816082e-11,172.0
51460,/content/drive/MyDrive/ASD_XAI_Project/slices/ASD/51460/slice_002.jpg,ASD,9.017184915416365e-11,169.0
51460,/content/drive/MyDrive/ASD_XAI_Project/slices/ASD/51460/slice_003.jpg,ASD,1.0092740532208211e-10,167.0
51460,/content/drive/MyDrive/ASD_XAI_Project/slices/ASD/51460/slice_004.jpg,ASD,1.0852081733236929e-10,165.0
51460,/content/drive/MyDrive/ASD_XAI_Project/slices/ASD/51460/slice_005.jpg,ASD,1.179163156006524e-10,163.0
51460,/content/drive/MyDrive/ASD_XAI_Project/slices/ASD/51460/slice_006.jpg,ASD,1.2809357741172533e-10,161.0
51460,/content/drive/MyDrive/ASD_XAI_Project/slices/ASD/51460/slice_007.jpg,ASD,1.3689802069727364e-10,160.0
51460,/content/drive/MyDrive/ASD_XAI_Project/slices/ASD/51460/slice_008.jpg,ASD,2.1873487743295783e-10,156.0
51460,/content/drive/MyDrive/ASD_XAI_Project/slices/ASD/51460/slice_009.jpg,ASD,6.257692142241922e-10,153.0
51460,/content/drive/MyDrive/ASD_XAI_Project/slices/ASD/51460/slice_010.jpg,ASD,1.1948511069448386e-09,151.0
51460,/content/drive/MyDrive/ASD_XAI_Project/slices/ASD/51460/slice_011.jpg,ASD,1.9369916781641905e-09,149.0
51460,/content/drive/MyDrive/ASD_XAI_Project/slices/ASD/51460/slice_012.jpg,ASD,2.521948649913952e-09,148.0
51460,/content/drive/MyDrive/ASD_XAI_Project/slices/ASD/51460/slice_013.jpg,ASD,3.1105786835183835e-09,147.0
51460,/content/drive/MyDrive/ASD_XAI_Project/slices/ASD/51460/slice_014.jpg,ASD,2.911734320321102e-08,145.0
51460,/content/drive/MyDrive/ASD_XAI_Project/slices/ASD/51460/slice_015.jpg,ASD,1.3532284981465637e-07,143.0
51460,/content/drive/MyDrive/ASD_XAI_Project/slices/ASD/51460/slice_016.jpg,ASD,3.0134143003124336e-07,114.0
51460,/content/drive/MyDrive/ASD_XAI_Project/slices/ASD/51460/slice_017.jpg,ASD,4.711005487934017e-07,78.0
51460,/content/drive/MyDrive/ASD_XAI_Project/slices/ASD/51460/slice_018.jpg,ASD,5.815431336486654e-07,69.0
51460,/content/drive/MyDrive/ASD_XAI_Project/slices/ASD/51460/slice_019.jpg,ASD,5.884913889531163e-07,66.0
51460,/content/drive/MyDrive/ASD_XAI_Project/slices/ASD/51460/slice_020.jpg,ASD,7.707100166953751e-07,50.0
51460,/content/drive/MyDrive/ASD_XAI_Project/slices/ASD/51460/slice_021.jpg,ASD,7.329939535338781e-07,53.0
51460,/content/drive/MyDrive/ASD_XAI_Project/slices/ASD/51460/slice_022.jpg,ASD,8.533071991223551e-07,41.0
51460,/content/drive/MyDrive/ASD_XAI_Project/slices/ASD/51460/slice_023.jpg,ASD,9.201820603266242e-07,25.0
51460,/content/drive/MyDrive/ASD_XAI_Project/slices/ASD/51460/slice_024.jpg,ASD,9.149757147497439e-07,26.0
51460,/content/drive/MyDrive/ASD_XAI_Project/slices/ASD/51460/slice_025.jpg,ASD,8.979606036518817e-07,29.0
51460,/content/drive/MyDrive/ASD_XAI_Project/slices/ASD/51460/slice_026.jpg,ASD,9.728561281008297e-07,18.0
51460,/content/drive/MyDrive/ASD_XAI_Project/slices/ASD/51460/slice_027.jpg,ASD,9.378762797496165e-07,22.0
51460,/content/drive/MyDrive/ASD_XAI_Project/slices/ASD/51460/slice_028.jpg,ASD,9.126228519562574e-07,27.0
51460,/content/drive/MyDrive/ASD_XAI_Project/slices/ASD/51460/slice_029.jpg,ASD,9.11352117327624e-07,28.0
51460,/content/drive/MyDrive/ASD_XAI_Project/slices/ASD/51460/slice_030.jpg,ASD,9.531702289677924e-07,19.0
51460,/content/drive/MyDrive/ASD_XAI_Project/slices/ASD/51460/slice_031.jpg,ASD,8.816344916340313e-07,33.0
51460,/content/drive/MyDrive/ASD_XAI_Project/slices/ASD/51460/slice_032.jpg,ASD,9.29048496800533e-07,23.0
51460,/content/drive/MyDrive/ASD_XAI_Project/slices/ASD/51460/slice_033.jpg,ASD,8.687027275300352e-07,39.0
51460,/content/drive/MyDrive/ASD_XAI_Project/slices/ASD/51460/slice_034.jpg,ASD,8.959590331869549e-07,30.0
51460,/content/drive/MyDrive/ASD_XAI_Project/slices/ASD/51460/slice_035.jpg,ASD,9.233230571226159e-07,24.0
51460,/content/drive/MyDrive/ASD_XAI_Project/slices/ASD/51460/slice_036.jpg,ASD,8.755482667766046e-07,37.0
51460,/content/drive/MyDrive/ASD_XAI_Project/slices/ASD/51460/slice_037.jpg,ASD,8.909060511541611e-07,31.0
51460,/content/drive/MyDrive/ASD_XAI_Project/slices/ASD/51460/slice_038.jpg,ASD,8.45539432248188e-07,43.0
51460,/content/drive/MyDrive/ASD_XAI_Project/slices/ASD/51460/slice_039.jpg,ASD,8.490907816849358e-07,42.0
51460,/content/drive/MyDrive/ASD_XAI_Project/slices/ASD/51460/slice_040.jpg,ASD,8.72182624789275e-07,38.0
51460,/content/drive/MyDrive/ASD_XAI_Project/slices/ASD/51460/slice_041.jpg,ASD,8.758497074268234e-07,36.0
51460,/content/drive/MyDrive/ASD_XAI_Project/slices/ASD/51460/slice_042.jpg,ASD,8.794970653980272e-07,35.0
51460,/content/drive/MyDrive/ASD_XAI_Project/slices/ASD/51460/slice_043.jpg,ASD,8.68400206854858e-07,40.0
51460,/content/drive/MyDrive/ASD_XAI_Project/slices/ASD/51460/slice_044.jpg,ASD,8.260736308329797e-07,44.0
51460,/content/drive/MyDrive/ASD_XAI_Project/slices/ASD/51460/slice_045.jpg,ASD,7.767420697746275e-07,48.0
51460,/content/drive/MyDrive/ASD_XAI_Project/slices/ASD/51460/slice_046.jpg,ASD,7.918000619611121e-07,46.0
51460,/content/drive/MyDrive/ASD_XAI_Project/slices/ASD/51460/slice_047.jpg,ASD,7.742506227259582e-07,49.0
51460,/content/drive/MyDrive/ASD_XAI_Project/slices/ASD/51460/slice_048.jpg,ASD,7.212738069029001e-07,55.0
51460,/content/drive/MyDrive/ASD_XAI_Project/slices/ASD/51460/slice_049.jpg,ASD,7.122147849258909e-07,56.0
51460,/content/drive/MyDrive/ASD_XAI_Project/slices/ASD/51460/slice_050.jpg,ASD,7.214416655187961e-07,54.0
51460,/content/drive/MyDrive/ASD_XAI_Project/slices/ASD/51460/slice_051.jpg,ASD,6.988785230532812e-07,59.0
51460,/content/drive/MyDrive/ASD_XAI_Project/slices/ASD/51460/slice_052.jpg,ASD,6.700868198095122e-07,61.0
51460,/content/drive/MyDrive/ASD_XAI_Project/slices/ASD/51460/slice_053.jpg,ASD,6.649773354183708e-07,62.0
51460,/content/drive/MyDrive/ASD_XAI_Project/slices/ASD/51460/slice_054.jpg,ASD,6.34269838428736e-07,64.0
51460,/content/drive/MyDrive/ASD_XAI_Project/slices/ASD/51460/slice_055.jpg,ASD,5.859062639501644e-07,68.0
51460,/content/drive/MyDrive/ASD_XAI_Project/slices/ASD/51460/slice_056.jpg,ASD,5.871560233572382e-07,67.0
51460,/content/drive/MyDrive/ASD_XAI_Project/slices/ASD/51460/slice_057.jpg,ASD,5.579277058131993e-07,73.0
51460,/content/drive/MyDrive/ASD_XAI_Project/slices/ASD/51460/slice_058.jpg,ASD,5.233084152678202e-07,75.0
51460,/content/drive/MyDrive/ASD_XAI_Project/slices/ASD/51460/slice_059.jpg,ASD,4.721980246813473e-07,77.0
51460,/content/drive/MyDrive/ASD_XAI_Project/slices/ASD/51460/slice_060.jpg,ASD,4.1803846784205234e-07,85.0
51460,/content/drive/MyDrive/ASD_XAI_Project/slices/ASD/51460/slice_061.jpg,ASD,4.408674101341603e-07,80.0
51460,/content/drive/MyDrive/ASD_XAI_Project/slices/ASD/51460/slice_062.jpg,ASD,4.3631936819110706e-07,81.0
51460,/content/drive/MyDrive/ASD_XAI_Project/slices/ASD/51460/slice_063.jpg,ASD,4.2643327446967305e-07,83.0
51460,/content/drive/MyDrive/ASD_XAI_Project/slices/ASD/51460/slice_064.jpg,ASD,3.910356838332518e-07,86.0
51460,/content/drive/MyDrive/ASD_XAI_Project/slices/ASD/51460/slice_065.jpg,ASD,3.6997172969677194e-07,90.0
51460,/content/drive/MyDrive/ASD_XAI_Project/slices/ASD/51460/slice_066.jpg,ASD,3.724001089722151e-07,88.0
51460,/content/drive/MyDrive/ASD_XAI_Project/slices/ASD/51460/slice_067.jpg,ASD,3.7234491401250125e-07,89.0
51460,/content/drive/MyDrive/ASD_XAI_Project/slices/ASD/51460/slice_068.jpg,ASD,3.5690592881110206e-07,92.0
51460,/content/drive/MyDrive/ASD_XAI_Project/slices/ASD/51460/slice_069.jpg,ASD,3.690996095429e-07,91.0
51460,/content/drive/MyDrive/ASD_XAI_Project/slices/ASD/51460/slice_070.jpg,ASD,3.5651939356284856e-07,93.0
51460,/content/drive/MyDrive/ASD_XAI_Project/slices/ASD/51460/slice_071.jpg,ASD,3.446382663696568e-07,94.0
51460,/content/drive/MyDrive/ASD_XAI_Project/slices/ASD/51460/slice_072.jpg,ASD,3.231243113077653e-07,103.0
51460,/content/drive/MyDrive/ASD_XAI_Project/slices/ASD/51460/slice_073.jpg,ASD,3.297099624433031e-07,98.0
51460,/content/drive/MyDrive/ASD_XAI_Project/slices/ASD/51460/slice_074.jpg,ASD,3.0929368222132325e-07,108.0
51460,/content/drive/MyDrive/ASD_XAI_Project/slices/ASD/51460/slice_075.jpg,ASD,3.3321654768769804e-07,96.0
51460,/content/drive/MyDrive/ASD_XAI_Project/slices/ASD/51460/slice_076.jpg,ASD,3.047861980576272e-07,112.0
51460,/content/drive/MyDrive/ASD_XAI_Project/slices/ASD/51460/slice_077.jpg,ASD,3.1687437740401947e-07,106.0
51460,/content/drive/MyDrive/ASD_XAI_Project/slices/ASD/51460/slice_078.jpg,ASD,3.292079782113433e-07,99.0
51460,/content/drive/MyDrive/ASD_XAI_Project/slices/ASD/51460/slice_079.jpg,ASD,3.210184047475195e-07,104.0
51460,/content/drive/MyDrive/ASD_XAI_Project/slices/ASD/51460/slice_080.jpg,ASD,3.3382016795258096e-07,95.0
51460,/content/drive/MyDrive/ASD_XAI_Project/slices/ASD/51460/slice_081.jpg,ASD,3.2744031841502874e-07,100.0
51460,/content/drive/MyDrive/ASD_XAI_Project/slices/ASD/51460/slice_082.jpg,ASD,3.2738162758505496e-07,101.0
51460,/content/drive/MyDrive/ASD_XAI_Project/slices/ASD/51460/slice_083.jpg,ASD,3.25259662758981e-07,102.0
51460,/content/drive/MyDrive/ASD_XAI_Project/slices/ASD/51460/slice_084.jpg,ASD,3.2028481200541137e-07,105.0
51460,/content/drive/MyDrive/ASD_XAI_Project/slices/ASD/51460/slice_085.jpg,ASD,3.047377958864672e-07,113.0
51460,/content/drive/MyDrive/ASD_XAI_Project/slices/ASD/51460/slice_086.jpg,ASD,3.1242197451319953e-07,107.0
51460,/content/drive/MyDrive/ASD_XAI_Project/slices/ASD/51460/slice_087.jpg,ASD,3.0886536706020706e-07,109.0
51460,/content/drive/MyDrive/ASD_XAI_Project/slices/ASD/51460/slice_088.jpg,ASD,2.719585836530314e-07,121.0
51460,/content/drive/MyDrive/ASD_XAI_Project/slices/ASD/51460/slice_089.jpg,ASD,2.702098811369069e-07,123.0
51460,/content/drive/MyDrive/ASD_XAI_Project/slices/ASD/51460/slice_090.jpg,ASD,2.733463873028086e-07,120.0
51460,/content/drive/MyDrive/ASD_XAI_Project/slices/ASD/51460/slice_091.jpg,ASD,2.786356105843879e-07,118.0
51460,/content/drive/MyDrive/ASD_XAI_Project/slices/ASD/51460/slice_092.jpg,ASD,2.647844610237371e-07,124.0
51460,/content/drive/MyDrive/ASD_XAI_Project/slices/ASD/51460/slice_093.jpg,ASD,2.5797663738558185e-07,127.0
51460,/content/drive/MyDrive/ASD_XAI_Project/slices/ASD/51460/slice_094.jpg,ASD,2.4786945118648873e-07,131.0
51460,/content/drive/MyDrive/ASD_XAI_Project/slices/ASD/51460/slice_095.jpg,ASD,2.490836266133556e-07,130.0
51460,/content/drive/MyDrive/ASD_XAI_Project/slices/ASD/51460/slice_096.jpg,ASD,2.446991231863649e-07,133.0
51460,/content/drive/MyDrive/ASD_XAI_Project/slices/ASD/51460/slice_097.jpg,ASD,2.452075875680748e-07,132.0
51460,/content/drive/MyDrive/ASD_XAI_Project/slices/ASD/51460/slice_098.jpg,ASD,2.399031302502408e-07,135.0
51460,/content/drive/MyDrive/ASD_XAI_Project/slices/ASD/51460/slice_099.jpg,ASD,2.3017011585579894e-07,137.0
51460,/content/drive/MyDrive/ASD_XAI_Project/slices/ASD/51460/slice_100.jpg,ASD,2.2122118537026836e-07,139.0
51460,/content/drive/MyDrive/ASD_XAI_Project/slices/ASD/51460/slice_101.jpg,ASD,2.1591384324892715e-07,140.0
51460,/content/drive/MyDrive/ASD_XAI_Project/slices/ASD/51460/slice_102.jpg,ASD,2.0619637552954373e-07,141.0
51460,/content/drive/MyDrive/ASD_XAI_Project/slices/ASD/51460/slice_103.jpg,ASD,2.2201716376457625e-07,138.0
51460,/content/drive/MyDrive/ASD_XAI_Project/slices/ASD/51460/slice_104.jpg,ASD,2.405826649010123e-07,134.0
51460,/content/drive/MyDrive/ASD_XAI_Project/slices/ASD/51460/slice_105.jpg,ASD,2.3854633468545217e-07,136.0
51460,/content/drive/MyDrive/ASD_XAI_Project/slices/ASD/51460/slice_106.jpg,ASD,2.5275522830270347e-07,129.0
51460,/content/drive/MyDrive/ASD_XAI_Project/slices/ASD/51460/slice_107.jpg,ASD,2.708786439598043e-07,122.0
51460,/content/drive/MyDrive/ASD_XAI_Project/slices/ASD/51460/slice_108.jpg,ASD,2.8710746846627444e-07,117.0
51460,/content/drive/MyDrive/ASD_XAI_Project/slices/ASD/51460/slice_109.jpg,ASD,3.08731046061439e-07,111.0
51460,/content/drive/MyDrive/ASD_XAI_Project/slices/ASD/51460/slice_110.jpg,ASD,2.9911331012044684e-07,115.0
51460,/content/drive/MyDrive/ASD_XAI_Project/slices/ASD/51460/slice_111.jpg,ASD,2.752884427081881e-07,119.0
51460,/content/drive/MyDrive/ASD_XAI_Project/slices/ASD/51460/slice_112.jpg,ASD,2.632135363000998e-07,125.0
51460,/content/drive/MyDrive/ASD_XAI_Project/slices/ASD/51460/slice_113.jpg,ASD,2.580375451088912e-07,126.0
51460,/content/drive/MyDrive/ASD_XAI_Project/slices/ASD/51460/slice_114.jpg,ASD,2.989988558965706e-07,116.0
51460,/content/drive/MyDrive/ASD_XAI_Project/slices/ASD/51460/slice_115.jpg,ASD,3.0873792411512113e-07,110.0
51460,/content/drive/MyDrive/ASD_XAI_Project/slices/ASD/51460/slice_116.jpg,ASD,3.7924579032733163e-07,87.0
51460,/content/drive/MyDrive/ASD_XAI_Project/slices/ASD/51460/slice_117.jpg,ASD,4.2492806073823886e-07,84.0
51460,/content/drive/MyDrive/ASD_XAI_Project/slices/ASD/51460/slice_118.jpg,ASD,4.574721117478475e-07,79.0
51460,/content/drive/MyDrive/ASD_XAI_Project/slices/ASD/51460/slice_119.jpg,ASD,4.900850854028249e-07,76.0
51460,/content/drive/MyDrive/ASD_XAI_Project/slices/ASD/51460/slice_120.jpg,ASD,5.905500302105793e-07,65.0
51460,/content/drive/MyDrive/ASD_XAI_Project/slices/ASD/51460/slice_121.jpg,ASD,5.566333811657387e-07,74.0
51460,/content/drive/MyDrive/ASD_XAI_Project/slices/ASD/51460/slice_122.jpg,ASD,5.65135735541844e-07,70.0
51460,/content/drive/MyDrive/ASD_XAI_Project/slices/ASD/51460/slice_123.jpg,ASD,5.612296263279859e-07,71.0
51460,/content/drive/MyDrive/ASD_XAI_Project/slices/ASD/51460/slice_124.jpg,ASD,6.511851893264975e-07,63.0
51460,/content/drive/MyDrive/ASD_XAI_Project/slices/ASD/51460/slice_125.jpg,ASD,6.964656336094777e-07,60.0
51460,/content/drive/MyDrive/ASD_XAI_Project/slices/ASD/51460/slice_126.jpg,ASD,7.069639309520426e-07,58.0
51460,/content/drive/MyDrive/ASD_XAI_Project/slices/ASD/51460/slice_127.jpg,ASD,7.578008762720856e-07,52.0
51460,/content/drive/MyDrive/ASD_XAI_Project/slices/ASD/51460/slice_128.jpg,ASD,7.095852083693899e-07,57.0
51460,/content/drive/MyDrive/ASD_XAI_Project/slices/ASD/51460/slice_129.jpg,ASD,7.642479999958596e-07,51.0
51460,/content/drive/MyDrive/ASD_XAI_Project/slices/ASD/51460/slice_130.jpg,ASD,8.11891254670627e-07,45.0
51460,/content/drive/MyDrive/ASD_XAI_Project/slices/ASD/51460/slice_131.jpg,ASD,8.853274380271614e-07,32.0
51460,/content/drive/MyDrive/ASD_XAI_Project/slices/ASD/51460/slice_132.jpg,ASD,8.801953867987322e-07,34.0
51460,/content/drive/MyDrive/ASD_XAI_Project/slices/ASD/51460/slice_133.jpg,ASD,9.459006378165213e-07,21.0
51460,/content/drive/MyDrive/ASD_XAI_Project/slices/ASD/51460/slice_134.jpg,ASD,9.771426903171232e-07,17.0
51460,/content/drive/MyDrive/ASD_XAI_Project/slices/ASD/51460/slice_135.jpg,ASD,9.970768815037445e-07,16.0
51460,/content/drive/MyDrive/ASD_XAI_Project/slices/ASD/51460/slice_136.jpg,ASD,1.0171346502829692e-06,15.0
51460,/content/drive/MyDrive/ASD_XAI_Project/slices/ASD/51460/slice_137.jpg,ASD,1.1086043514296762e-06,12.0
51460,/content/drive/MyDrive/ASD_XAI_Project/slices/ASD/51460/slice_138.jpg,ASD,1.1041682910217787e-06,13.0
51460,/content/drive/MyDrive/ASD_XAI_Project/slices/ASD/51460/slice_139.jpg,ASD,1.1287967254247633e-06,10.0
51460,/content/drive/MyDrive/ASD_XAI_Project/slices/ASD/51460/slice_140.jpg,ASD,1.1252661806793185e-06,11.0
51460,/content/drive/MyDrive/ASD_XAI_Project/slices/ASD/51460/slice_141.jpg,ASD,1.1581764738366473e-06,8.0
51460,/content/drive/MyDrive/ASD_XAI_Project/slices/ASD/51460/slice_142.jpg,ASD,1.1573952178878244e-06,9.0
51460,/content/drive/MyDrive/ASD_XAI_Project/slices/ASD/51460/slice_143.jpg,ASD,1.1980671388300834e-06,6.0
51460,/content/drive/MyDrive/ASD_XAI_Project/slices/ASD/51460/slice_144.jpg,ASD,1.2019181667710654e-06,4.0
51460,/content/drive/MyDrive/ASD_XAI_Project/slices/ASD/51460/slice_145.jpg,ASD,1.2561223456941661e-06,3.0
51460,/content/drive/MyDrive/ASD_XAI_Project/slices/ASD/51460/slice_146.jpg,ASD,1.2015273114229785e-06,5.0
51460,/content/drive/MyDrive/ASD_XAI_Project/slices/ASD/51460/slice_147.jpg,ASD,1.27194880406023e-06,2.0
51460,/content/drive/MyDrive/ASD_XAI_Project/slices/ASD/51460/slice_148.jpg,ASD,1.2916590321765398e-06,1.0
51460,/content/drive/MyDrive/ASD_XAI_Project/slices/ASD/51460/slice_149.jpg,ASD,1.194800688608666e-06,7.0
51460,/content/drive/MyDrive/ASD_XAI_Project/slices/ASD/51460/slice_150.jpg,ASD,1.0598478183965199e-06,14.0
51460,/content/drive/MyDrive/ASD_XAI_Project/slices/ASD/51460/slice_151.jpg,ASD,9.466983215133951e-07,20.0
51460,/content/drive/MyDrive/ASD_XAI_Project/slices/ASD/51460/slice_152.jpg,ASD,7.873538834246574e-07,47.0
51460,/content/drive/MyDrive/ASD_XAI_Project/slices/ASD/51460/slice_153.jpg,ASD,5.58341923806438e-07,72.0
51460,/content/drive/MyDrive/ASD_XAI_Project/slices/ASD/51460/slice_154.jpg,ASD,4.307540564241208e-07,82.0
51460,/content/drive/MyDrive/ASD_XAI_Project/slices/ASD/51460/slice_155.jpg,ASD,3.3277831334999064e-07,97.0
51460,/content/drive/MyDrive/ASD_XAI_Project/slices/ASD/51460/slice_156.jpg,ASD,2.573194421984226e-07,128.0
51460,/content/drive/MyDrive/ASD_XAI_Project/slices/ASD/51460/slice_157.jpg,ASD,1.8290013770183577e-07,142.0
51460,/content/drive/MyDrive/ASD_XAI_Project/slices/ASD/51460/slice_158.jpg,ASD,1.2226182377617079e-07,144.0
51460,/content/drive/MyDrive/ASD_XAI_Project/slices/ASD/51460/slice_159.jpg,ASD,2.6194506119736616e-08,146.0
51460,/content/drive/MyDrive/ASD_XAI_Project/slices/ASD/51460/slice_160.jpg,ASD,1.769740021195787e-09,150.0
51460,/content/drive/MyDrive/ASD_XAI_Project/slices/ASD/51460/slice_161.jpg,ASD,9.904724818099453e-10,152.0
51460,/content/drive/MyDrive/ASD_XAI_Project/slices/ASD/51460/slice_162.jpg,ASD,4.3189518628139467e-10,154.0
51460,/content/drive/MyDrive/ASD_XAI_Project/slices/ASD/51460/slice_163.jpg,ASD,2.2408183641964285e-10,155.0
51460,/content/drive/MyDrive/ASD_XAI_Project/slices/ASD/51460/slice_164.jpg,ASD,1.9455358157838276e-10,157.0
51460,/content/drive/MyDrive/ASD_XAI_Project/slices/ASD/51460/slice_165.jpg,ASD,1.9422026487081467e-10,158.0
51460,/content/drive/MyDrive/ASD_XAI_Project/slices/ASD/51460/slice_166.jpg,ASD,1.8675790081079668e-10,159.0
51460,/content/drive/MyDrive/ASD_XAI_Project/slices/ASD/51460/slice_167.jpg,ASD,1.2225079282224272e-10,162.0
51460,/content/drive/MyDrive/ASD_XAI_Project/slices/ASD/51460/slice_168.jpg,ASD,1.1273618150120512e-10,164.0
51460,/content/drive/MyDrive/ASD_XAI_Project/slices/ASD/51460/slice_169.jpg,ASD,1.0518136361881147e-10,166.0
51460,/content/drive/MyDrive/ASD_XAI_Project/slices/ASD/51460/slice_170.jpg,ASD,9.613298351807131e-11,168.0
51460,/content/drive/MyDrive/ASD_XAI_Project/slices/ASD/51460/slice_171.jpg,ASD,8.981963783849523e-11,170.0
51460,/content/drive/MyDrive/ASD_XAI_Project/slices/ASD/51460/slice_172.jpg,ASD,8.446809918183362e-11,171.0
51460,/content/drive/MyDrive/ASD_XAI_Project/slices/ASD/51460/slice_173.jpg,ASD,7.809495411459366e-11,173.0
51460,/content/drive/MyDrive/ASD_XAI_Project/slices/ASD/51460/slice_174.jpg,ASD,7.430264736818515e-11,175.0
51460,/content/drive/MyDrive/ASD_XAI_Project/slices/ASD/51460/slice_175.jpg,ASD,7.430264736818515e-11,176.0
51463,/content/drive/MyDrive/ASD_XAI_Project/slices/ASD/51463/slice_000.jpg,ASD,8.324228112366328e-11,176.0
51463,/content/drive/MyDrive/ASD_XAI_Project/slices/ASD/51463/slice_001.jpg,ASD,8.723628069917666e-11,175.0
51463,/content/drive/MyDrive/ASD_XAI_Project/slices/ASD/51463/slice_002.jpg,ASD,9.051724647601844e-11,174.0
51463,/content/drive/MyDrive/ASD_XAI_Project/slices/ASD/51463/slice_003.jpg,ASD,9.339105183636676e-11,173.0
51463,/content/drive/MyDrive/ASD_XAI_Project/slices/ASD/51463/slice_004.jpg,ASD,9.800716488372885e-11,171.0
51463,/content/drive/MyDrive/ASD_XAI_Project/slices/ASD/51463/slice_005.jpg,ASD,1.017958078941561e-10,170.0
51463,/content/drive/MyDrive/ASD_XAI_Project/slices/ASD/51463/slice_006.jpg,ASD,1.0812643141955292e-10,168.0
51463,/content/drive/MyDrive/ASD_XAI_Project/slices/ASD/51463/slice_007.jpg,ASD,1.1356793283567868e-10,166.0
51463,/content/drive/MyDrive/ASD_XAI_Project/slices/ASD/51463/slice_008.jpg,ASD,1.7403252450254314e-10,162.0
51463,/content/drive/MyDrive/ASD_XAI_Project/slices/ASD/51463/slice_009.jpg,ASD,4.312168400133487e-10,160.0
51463,/content/drive/MyDrive/ASD_XAI_Project/slices/ASD/51463/slice_010.jpg,ASD,7.218363684557971e-10,158.0
51463,/content/drive/MyDrive/ASD_XAI_Project/slices/ASD/51463/slice_011.jpg,ASD,8.474501100863563e-10,155.0
51463,/content/drive/MyDrive/ASD_XAI_Project/slices/ASD/51463/slice_012.jpg,ASD,8.977793508613274e-10,154.0
51463,/content/drive/MyDrive/ASD_XAI_Project/slices/ASD/51463/slice_013.jpg,ASD,9.672281864325782e-10,152.0
51463,/content/drive/MyDrive/ASD_XAI_Project/slices/ASD/51463/slice_014.jpg,ASD,1.1078958861432397e-09,151.0
51463,/content/drive/MyDrive/ASD_XAI_Project/slices/ASD/51463/slice_015.jpg,ASD,1.7583557943012806e-09,149.0
51463,/content/drive/MyDrive/ASD_XAI_Project/slices/ASD/51463/slice_016.jpg,ASD,2.3329773668478992e-09,148.0
51463,/content/drive/MyDrive/ASD_XAI_Project/slices/ASD/51463/slice_017.jpg,ASD,1.2218741574088199e-08,145.0
51463,/content/drive/MyDrive/ASD_XAI_Project/slices/ASD/51463/slice_018.jpg,ASD,5.468423580623494e-08,142.0
51463,/content/drive/MyDrive/ASD_XAI_Project/slices/ASD/51463/slice_019.jpg,ASD,1.6038589478739596e-07,80.0
51463,/content/drive/MyDrive/ASD_XAI_Project/slices/ASD/51463/slice_020.jpg,ASD,2.0619575025193626e-07,73.0
51463,/content/drive/MyDrive/ASD_XAI_Project/slices/ASD/51463/slice_021.jpg,ASD,2.887387609007419e-07,63.0
51463,/content/drive/MyDrive/ASD_XAI_Project/slices/ASD/51463/slice_022.jpg,ASD,3.5935966025135713e-07,53.0
51463,/content/drive/MyDrive/ASD_XAI_Project/slices/ASD/51463/slice_023.jpg,ASD,3.992278720943432e-07,45.0
51463,/content/drive/MyDrive/ASD_XAI_Project/slices/ASD/51463/slice_024.jpg,ASD,3.8982543060228636e-07,49.0
51463,/content/drive/MyDrive/ASD_XAI_Project/slices/ASD/51463/slice_025.jpg,ASD,4.6146467980179295e-07,40.0
51463,/content/drive/MyDrive/ASD_XAI_Project/slices/ASD/51463/slice_026.jpg,ASD,5.220418302087637e-07,30.0
51463,/content/drive/MyDrive/ASD_XAI_Project/slices/ASD/51463/slice_027.jpg,ASD,6.223469313226815e-07,14.0
51463,/content/drive/MyDrive/ASD_XAI_Project/slices/ASD/51463/slice_028.jpg,ASD,6.329282200567832e-07,12.0
51463,/content/drive/MyDrive/ASD_XAI_Project/slices/ASD/51463/slice_029.jpg,ASD,6.606634883610241e-07,8.0
51463,/content/drive/MyDrive/ASD_XAI_Project/slices/ASD/51463/slice_030.jpg,ASD,7.084253184075351e-07,3.0
51463,/content/drive/MyDrive/ASD_XAI_Project/slices/ASD/51463/slice_031.jpg,ASD,7.292763370969624e-07,1.0
51463,/content/drive/MyDrive/ASD_XAI_Project/slices/ASD/51463/slice_032.jpg,ASD,7.134044039958098e-07,2.0
51463,/content/drive/MyDrive/ASD_XAI_Project/slices/ASD/51463/slice_033.jpg,ASD,7.008261491137091e-07,4.0
51463,/content/drive/MyDrive/ASD_XAI_Project/slices/ASD/51463/slice_034.jpg,ASD,6.93746471824852e-07,5.0
51463,/content/drive/MyDrive/ASD_XAI_Project/slices/ASD/51463/slice_035.jpg,ASD,6.688219968964404e-07,6.0
51463,/content/drive/MyDrive/ASD_XAI_Project/slices/ASD/51463/slice_036.jpg,ASD,6.659326459157455e-07,7.0
51463,/content/drive/MyDrive/ASD_XAI_Project/slices/ASD/51463/slice_037.jpg,ASD,6.369612606249575e-07,11.0
51463,/content/drive/MyDrive/ASD_XAI_Project/slices/ASD/51463/slice_038.jpg,ASD,6.380936383720837e-07,10.0
51463,/content/drive/MyDrive/ASD_XAI_Project/slices/ASD/51463/slice_039.jpg,ASD,6.20234970938327e-07,16.0
51463,/content/drive/MyDrive/ASD_XAI_Project/slices/ASD/51463/slice_040.jpg,ASD,5.817673809360713e-07,19.0
51463,/content/drive/MyDrive/ASD_XAI_Project/slices/ASD/51463/slice_041.jpg,ASD,5.427733640317456e-07,26.0
51463,/content/drive/MyDrive/ASD_XAI_Project/slices/ASD/51463/slice_042.jpg,ASD,5.32924673279922e-07,28.0
51463,/content/drive/MyDrive/ASD_XAI_Project/slices/ASD/51463/slice_043.jpg,ASD,5.187939677853137e-07,32.0
51463,/content/drive/MyDrive/ASD_XAI_Project/slices/ASD/51463/slice_044.jpg,ASD,4.948560672346503e-07,36.0
51463,/content/drive/MyDrive/ASD_XAI_Project/slices/ASD/51463/slice_045.jpg,ASD,4.2956420998052636e-07,43.0
51463,/content/drive/MyDrive/ASD_XAI_Project/slices/ASD/51463/slice_046.jpg,ASD,4.391895345179364e-07,42.0
51463,/content/drive/MyDrive/ASD_XAI_Project/slices/ASD/51463/slice_047.jpg,ASD,4.5033277729089605e-07,41.0
51463,/content/drive/MyDrive/ASD_XAI_Project/slices/ASD/51463/slice_048.jpg,ASD,3.9101718130041263e-07,47.0
51463,/content/drive/MyDrive/ASD_XAI_Project/slices/ASD/51463/slice_049.jpg,ASD,3.7644045391971304e-07,51.0
51463,/content/drive/MyDrive/ASD_XAI_Project/slices/ASD/51463/slice_050.jpg,ASD,3.921382472071855e-07,46.0
51463,/content/drive/MyDrive/ASD_XAI_Project/slices/ASD/51463/slice_051.jpg,ASD,3.614785555328126e-07,52.0
51463,/content/drive/MyDrive/ASD_XAI_Project/slices/ASD/51463/slice_052.jpg,ASD,3.1516469789494295e-07,60.0
51463,/content/drive/MyDrive/ASD_XAI_Project/slices/ASD/51463/slice_053.jpg,ASD,3.176817244820995e-07,58.0
51463,/content/drive/MyDrive/ASD_XAI_Project/slices/ASD/51463/slice_054.jpg,ASD,3.185553509865713e-07,56.0
51463,/content/drive/MyDrive/ASD_XAI_Project/slices/ASD/51463/slice_055.jpg,ASD,2.519375925658096e-07,67.0
51463,/content/drive/MyDrive/ASD_XAI_Project/slices/ASD/51463/slice_056.jpg,ASD,2.5778857093428087e-07,65.0
51463,/content/drive/MyDrive/ASD_XAI_Project/slices/ASD/51463/slice_057.jpg,ASD,2.439061290715472e-07,70.0
51463,/content/drive/MyDrive/ASD_XAI_Project/slices/ASD/51463/slice_058.jpg,ASD,2.0356830532364256e-07,74.0
51463,/content/drive/MyDrive/ASD_XAI_Project/slices/ASD/51463/slice_059.jpg,ASD,1.8035837001662003e-07,77.0
51463,/content/drive/MyDrive/ASD_XAI_Project/slices/ASD/51463/slice_060.jpg,ASD,1.696069205081585e-07,78.0
51463,/content/drive/MyDrive/ASD_XAI_Project/slices/ASD/51463/slice_061.jpg,ASD,1.826903854862394e-07,76.0
51463,/content/drive/MyDrive/ASD_XAI_Project/slices/ASD/51463/slice_062.jpg,ASD,1.6145695269642601e-07,79.0
51463,/content/drive/MyDrive/ASD_XAI_Project/slices/ASD/51463/slice_063.jpg,ASD,1.5989934354365687e-07,81.0
51463,/content/drive/MyDrive/ASD_XAI_Project/slices/ASD/51463/slice_064.jpg,ASD,1.3488862293797865e-07,94.0
51463,/content/drive/MyDrive/ASD_XAI_Project/slices/ASD/51463/slice_065.jpg,ASD,1.2849214670040965e-07,101.0
51463,/content/drive/MyDrive/ASD_XAI_Project/slices/ASD/51463/slice_066.jpg,ASD,1.215900908846379e-07,108.0
51463,/content/drive/MyDrive/ASD_XAI_Project/slices/ASD/51463/slice_067.jpg,ASD,1.1696984358877671e-07,112.0
51463,/content/drive/MyDrive/ASD_XAI_Project/slices/ASD/51463/slice_068.jpg,ASD,1.1442336500522288e-07,120.0
51463,/content/drive/MyDrive/ASD_XAI_Project/slices/ASD/51463/slice_069.jpg,ASD,1.2371056357096677e-07,104.0
51463,/content/drive/MyDrive/ASD_XAI_Project/slices/ASD/51463/slice_070.jpg,ASD,1.2270355398413813e-07,106.0
51463,/content/drive/MyDrive/ASD_XAI_Project/slices/ASD/51463/slice_071.jpg,ASD,1.2026943352339003e-07,110.0
51463,/content/drive/MyDrive/ASD_XAI_Project/slices/ASD/51463/slice_072.jpg,ASD,1.3446029356600775e-07,95.0
51463,/content/drive/MyDrive/ASD_XAI_Project/slices/ASD/51463/slice_073.jpg,ASD,1.3857334124622867e-07,90.0
51463,/content/drive/MyDrive/ASD_XAI_Project/slices/ASD/51463/slice_074.jpg,ASD,1.3838325685355812e-07,91.0
51463,/content/drive/MyDrive/ASD_XAI_Project/slices/ASD/51463/slice_075.jpg,ASD,1.4339421738895908e-07,86.0
51463,/content/drive/MyDrive/ASD_XAI_Project/slices/ASD/51463/slice_076.jpg,ASD,1.434521124110688e-07,85.0
51463,/content/drive/MyDrive/ASD_XAI_Project/slices/ASD/51463/slice_077.jpg,ASD,1.3078279437195306e-07,99.0
51463,/content/drive/MyDrive/ASD_XAI_Project/slices/ASD/51463/slice_078.jpg,ASD,1.368767073017807e-07,93.0
51463,/content/drive/MyDrive/ASD_XAI_Project/slices/ASD/51463/slice_079.jpg,ASD,1.4403043735455867e-07,84.0
51463,/content/drive/MyDrive/ASD_XAI_Project/slices/ASD/51463/slice_080.jpg,ASD,1.3709642132653244e-07,92.0
51463,/content/drive/MyDrive/ASD_XAI_Project/slices/ASD/51463/slice_081.jpg,ASD,1.428535512104645e-07,87.0
51463,/content/drive/MyDrive/ASD_XAI_Project/slices/ASD/51463/slice_082.jpg,ASD,1.2784525438291894e-07,102.0
51463,/content/drive/MyDrive/ASD_XAI_Project/slices/ASD/51463/slice_083.jpg,ASD,1.23120358352935e-07,105.0
51463,/content/drive/MyDrive/ASD_XAI_Project/slices/ASD/51463/slice_084.jpg,ASD,1.2028037588152074e-07,109.0
51463,/content/drive/MyDrive/ASD_XAI_Project/slices/ASD/51463/slice_085.jpg,ASD,1.1575615133097017e-07,115.0
51463,/content/drive/MyDrive/ASD_XAI_Project/slices/ASD/51463/slice_086.jpg,ASD,1.3098407691813918e-07,98.0
51463,/content/drive/MyDrive/ASD_XAI_Project/slices/ASD/51463/slice_087.jpg,ASD,1.3152434519270173e-07,97.0
51463,/content/drive/MyDrive/ASD_XAI_Project/slices/ASD/51463/slice_088.jpg,ASD,1.1399709620718568e-07,122.0
51463,/content/drive/MyDrive/ASD_XAI_Project/slices/ASD/51463/slice_089.jpg,ASD,1.1686703516033958e-07,113.0
51463,/content/drive/MyDrive/ASD_XAI_Project/slices/ASD/51463/slice_090.jpg,ASD,1.1244358688600187e-07,125.0
51463,/content/drive/MyDrive/ASD_XAI_Project/slices/ASD/51463/slice_091.jpg,ASD,1.0845589315522375e-07,130.0
51463,/content/drive/MyDrive/ASD_XAI_Project/slices/ASD/51463/slice_092.jpg,ASD,1.0811872641625087e-07,131.0
51463,/content/drive/MyDrive/ASD_XAI_Project/slices/ASD/51463/slice_093.jpg,ASD,1.052880449492477e-07,133.0
51463,/content/drive/MyDrive/ASD_XAI_Project/slices/ASD/51463/slice_094.jpg,ASD,1.034286256640371e-07,136.0
51463,/content/drive/MyDrive/ASD_XAI_Project/slices/ASD/51463/slice_095.jpg,ASD,1.0251323345755736e-07,137.0
51463,/content/drive/MyDrive/ASD_XAI_Project/slices/ASD/51463/slice_096.jpg,ASD,1.035278032190945e-07,135.0
51463,/content/drive/MyDrive/ASD_XAI_Project/slices/ASD/51463/slice_097.jpg,ASD,1.0502382252752795e-07,134.0
51463,/content/drive/MyDrive/ASD_XAI_Project/slices/ASD/51463/slice_098.jpg,ASD,1.072070929808433e-07,132.0
51463,/content/drive/MyDrive/ASD_XAI_Project/slices/ASD/51463/slice_099.jpg,ASD,1.1437845159889548e-07,121.0
51463,/content/drive/MyDrive/ASD_XAI_Project/slices/ASD/51463/slice_100.jpg,ASD,1.0919955428789763e-07,129.0
51463,/content/drive/MyDrive/ASD_XAI_Project/slices/ASD/51463/slice_101.jpg,ASD,1.1106948250017012e-07,126.0
51463,/content/drive/MyDrive/ASD_XAI_Project/slices/ASD/51463/slice_102.jpg,ASD,1.1077351302901661e-07,127.0
51463,/content/drive/MyDrive/ASD_XAI_Project/slices/ASD/51463/slice_103.jpg,ASD,1.1252712539544518e-07,124.0
51463,/content/drive/MyDrive/ASD_XAI_Project/slices/ASD/51463/slice_104.jpg,ASD,1.1527762211471781e-07,118.0
51463,/content/drive/MyDrive/ASD_XAI_Project/slices/ASD/51463/slice_105.jpg,ASD,1.1264362598240041e-07,123.0
51463,/content/drive/MyDrive/ASD_XAI_Project/slices/ASD/51463/slice_106.jpg,ASD,1.2159537732259196e-07,107.0
51463,/content/drive/MyDrive/ASD_XAI_Project/slices/ASD/51463/slice_107.jpg,ASD,1.2731021570289158e-07,103.0
51463,/content/drive/MyDrive/ASD_XAI_Project/slices/ASD/51463/slice_108.jpg,ASD,1.1891708595612727e-07,111.0
51463,/content/drive/MyDrive/ASD_XAI_Project/slices/ASD/51463/slice_109.jpg,ASD,1.1537326116695112e-07,116.0
51463,/content/drive/MyDrive/ASD_XAI_Project/slices/ASD/51463/slice_110.jpg,ASD,1.1480199191282736e-07,119.0
51463,/content/drive/MyDrive/ASD_XAI_Project/slices/ASD/51463/slice_111.jpg,ASD,1.0965649011041023e-07,128.0
51463,/content/drive/MyDrive/ASD_XAI_Project/slices/ASD/51463/slice_112.jpg,ASD,1.0104698588975225e-07,138.0
51463,/content/drive/MyDrive/ASD_XAI_Project/slices/ASD/51463/slice_113.jpg,ASD,9.67819602237796e-08,140.0
51463,/content/drive/MyDrive/ASD_XAI_Project/slices/ASD/51463/slice_114.jpg,ASD,1.167791339184987e-07,114.0
51463,/content/drive/MyDrive/ASD_XAI_Project/slices/ASD/51463/slice_115.jpg,ASD,1.1535212962598962e-07,117.0
51463,/content/drive/MyDrive/ASD_XAI_Project/slices/ASD/51463/slice_116.jpg,ASD,1.330893724116322e-07,96.0
51463,/content/drive/MyDrive/ASD_XAI_Project/slices/ASD/51463/slice_117.jpg,ASD,1.301279155541124e-07,100.0
51463,/content/drive/MyDrive/ASD_XAI_Project/slices/ASD/51463/slice_118.jpg,ASD,1.3872235626877227e-07,89.0
51463,/content/drive/MyDrive/ASD_XAI_Project/slices/ASD/51463/slice_119.jpg,ASD,1.485474143692045e-07,83.0
51463,/content/drive/MyDrive/ASD_XAI_Project/slices/ASD/51463/slice_120.jpg,ASD,1.4204407250417717e-07,88.0
51463,/content/drive/MyDrive/ASD_XAI_Project/slices/ASD/51463/slice_121.jpg,ASD,1.5842522316233953e-07,82.0
51463,/content/drive/MyDrive/ASD_XAI_Project/slices/ASD/51463/slice_122.jpg,ASD,1.924601917835389e-07,75.0
51463,/content/drive/MyDrive/ASD_XAI_Project/slices/ASD/51463/slice_123.jpg,ASD,2.2223517248676217e-07,71.0
51463,/content/drive/MyDrive/ASD_XAI_Project/slices/ASD/51463/slice_124.jpg,ASD,2.5682700766083144e-07,66.0
51463,/content/drive/MyDrive/ASD_XAI_Project/slices/ASD/51463/slice_125.jpg,ASD,2.7551266157388454e-07,64.0
51463,/content/drive/MyDrive/ASD_XAI_Project/slices/ASD/51463/slice_126.jpg,ASD,2.49419969122755e-07,68.0
51463,/content/drive/MyDrive/ASD_XAI_Project/slices/ASD/51463/slice_127.jpg,ASD,2.9163845738366945e-07,62.0
51463,/content/drive/MyDrive/ASD_XAI_Project/slices/ASD/51463/slice_128.jpg,ASD,3.1745682349537674e-07,59.0
51463,/content/drive/MyDrive/ASD_XAI_Project/slices/ASD/51463/slice_129.jpg,ASD,3.1809594247533823e-07,57.0
51463,/content/drive/MyDrive/ASD_XAI_Project/slices/ASD/51463/slice_130.jpg,ASD,3.5543695275919163e-07,54.0
51463,/content/drive/MyDrive/ASD_XAI_Project/slices/ASD/51463/slice_131.jpg,ASD,3.49502414564995e-07,55.0
51463,/content/drive/MyDrive/ASD_XAI_Project/slices/ASD/51463/slice_132.jpg,ASD,4.0017161495597975e-07,44.0
51463,/content/drive/MyDrive/ASD_XAI_Project/slices/ASD/51463/slice_133.jpg,ASD,4.745093349356466e-07,37.0
51463,/content/drive/MyDrive/ASD_XAI_Project/slices/ASD/51463/slice_134.jpg,ASD,5.008301400266646e-07,35.0
51463,/content/drive/MyDrive/ASD_XAI_Project/slices/ASD/51463/slice_135.jpg,ASD,5.147777528691222e-07,34.0
51463,/content/drive/MyDrive/ASD_XAI_Project/slices/ASD/51463/slice_136.jpg,ASD,4.6993287128316297e-07,38.0
51463,/content/drive/MyDrive/ASD_XAI_Project/slices/ASD/51463/slice_137.jpg,ASD,5.222676691118977e-07,29.0
51463,/content/drive/MyDrive/ASD_XAI_Project/slices/ASD/51463/slice_138.jpg,ASD,5.196220058678591e-07,31.0
51463,/content/drive/MyDrive/ASD_XAI_Project/slices/ASD/51463/slice_139.jpg,ASD,5.425341100817604e-07,27.0
51463,/content/drive/MyDrive/ASD_XAI_Project/slices/ASD/51463/slice_140.jpg,ASD,5.515538532563369e-07,25.0
51463,/content/drive/MyDrive/ASD_XAI_Project/slices/ASD/51463/slice_141.jpg,ASD,6.139784431979933e-07,17.0
51463,/content/drive/MyDrive/ASD_XAI_Project/slices/ASD/51463/slice_142.jpg,ASD,6.405192038982932e-07,9.0
51463,/content/drive/MyDrive/ASD_XAI_Project/slices/ASD/51463/slice_143.jpg,ASD,6.00843407028151e-07,18.0
51463,/content/drive/MyDrive/ASD_XAI_Project/slices/ASD/51463/slice_144.jpg,ASD,6.313168796623359e-07,13.0
51463,/content/drive/MyDrive/ASD_XAI_Project/slices/ASD/51463/slice_145.jpg,ASD,5.525390633920324e-07,24.0
51463,/content/drive/MyDrive/ASD_XAI_Project/slices/ASD/51463/slice_146.jpg,ASD,6.209328944351e-07,15.0
51463,/content/drive/MyDrive/ASD_XAI_Project/slices/ASD/51463/slice_147.jpg,ASD,5.665036724167294e-07,21.0
51463,/content/drive/MyDrive/ASD_XAI_Project/slices/ASD/51463/slice_148.jpg,ASD,5.59957072709949e-07,23.0
51463,/content/drive/MyDrive/ASD_XAI_Project/slices/ASD/51463/slice_149.jpg,ASD,5.787056807093904e-07,20.0
51463,/content/drive/MyDrive/ASD_XAI_Project/slices/ASD/51463/slice_150.jpg,ASD,5.639046207761567e-07,22.0
51463,/content/drive/MyDrive/ASD_XAI_Project/slices/ASD/51463/slice_151.jpg,ASD,5.1621941565827e-07,33.0
51463,/content/drive/MyDrive/ASD_XAI_Project/slices/ASD/51463/slice_152.jpg,ASD,4.637465735868318e-07,39.0
51463,/content/drive/MyDrive/ASD_XAI_Project/slices/ASD/51463/slice_153.jpg,ASD,3.787049820402899e-07,50.0
51463,/content/drive/MyDrive/ASD_XAI_Project/slices/ASD/51463/slice_154.jpg,ASD,3.902489424945088e-07,48.0
51463,/content/drive/MyDrive/ASD_XAI_Project/slices/ASD/51463/slice_155.jpg,ASD,2.9527018341468647e-07,61.0
51463,/content/drive/MyDrive/ASD_XAI_Project/slices/ASD/51463/slice_156.jpg,ASD,2.4632385020595393e-07,69.0
51463,/content/drive/MyDrive/ASD_XAI_Project/slices/ASD/51463/slice_157.jpg,ASD,2.0705465431092307e-07,72.0
51463,/content/drive/MyDrive/ASD_XAI_Project/slices/ASD/51463/slice_158.jpg,ASD,9.93242394997651e-08,139.0
51463,/content/drive/MyDrive/ASD_XAI_Project/slices/ASD/51463/slice_159.jpg,ASD,6.066036206675562e-08,141.0
51463,/content/drive/MyDrive/ASD_XAI_Project/slices/ASD/51463/slice_160.jpg,ASD,1.6358228549506748e-08,144.0
51463,/content/drive/MyDrive/ASD_XAI_Project/slices/ASD/51463/slice_161.jpg,ASD,6.445216360617678e-09,146.0
51463,/content/drive/MyDrive/ASD_XAI_Project/slices/ASD/51463/slice_162.jpg,ASD,3.6642187062341236e-09,147.0
51463,/content/drive/MyDrive/ASD_XAI_Project/slices/ASD/51463/slice_163.jpg,ASD,1.6957571347120393e-08,143.0
51463,/content/drive/MyDrive/ASD_XAI_Project/slices/ASD/51463/slice_164.jpg,ASD,1.246168390700575e-09,150.0
51463,/content/drive/MyDrive/ASD_XAI_Project/slices/ASD/51463/slice_165.jpg,ASD,9.057800620659862e-10,153.0
51463,/content/drive/MyDrive/ASD_XAI_Project/slices/ASD/51463/slice_166.jpg,ASD,8.143455909603858e-10,156.0
51463,/content/drive/MyDrive/ASD_XAI_Project/slices/ASD/51463/slice_167.jpg,ASD,7.585794770115228e-10,157.0
51463,/content/drive/MyDrive/ASD_XAI_Project/slices/ASD/51463/slice_168.jpg,ASD,4.5450981867034557e-10,159.0
51463,/content/drive/MyDrive/ASD_XAI_Project/slices/ASD/51463/slice_169.jpg,ASD,2.4797250364194667e-10,161.0
51463,/content/drive/MyDrive/ASD_XAI_Project/slices/ASD/51463/slice_170.jpg,ASD,1.53816376302629e-10,163.0
51463,/content/drive/MyDrive/ASD_XAI_Project/slices/ASD/51463/slice_171.jpg,ASD,1.1807903266269903e-10,164.0
51463,/content/drive/MyDrive/ASD_XAI_Project/slices/ASD/51463/slice_172.jpg,ASD,1.1456492698957987e-10,165.0
51463,/content/drive/MyDrive/ASD_XAI_Project/slices/ASD/51463/slice_173.jpg,ASD,1.1125562277003453e-10,167.0
51463,/content/drive/MyDrive/ASD_XAI_Project/slices/ASD/51463/slice_174.jpg,ASD,1.0738751554661974e-10,169.0
51463,/content/drive/MyDrive/ASD_XAI_Project/slices/ASD/51463/slice_175.jpg,ASD,9.3988719584992e-11,172.0
51475,/content/drive/MyDrive/ASD_XAI_Project/slices/Control/51475/slice_000.jpg,Control,5.7131382957820165e-11,176.0
51475,/content/drive/MyDrive/ASD_XAI_Project/slices/Control/51475/slice_001.jpg,Control,1.2184589448516192e-10,173.0
51475,/content/drive/MyDrive/ASD_XAI_Project/slices/Control/51475/slice_002.jpg,Control,1.3896640782551373e-10,171.0
51475,/content/drive/MyDrive/ASD_XAI_Project/slices/Control/51475/slice_003.jpg,Control,1.5070553138762932e-10,170.0
51475,/content/drive/MyDrive/ASD_XAI_Project/slices/Control/51475/slice_004.jpg,Control,1.7994312984104255e-10,168.0
51475,/content/drive/MyDrive/ASD_XAI_Project/slices/Control/51475/slice_005.jpg,Control,3.0335023382122017e-10,165.0
51475,/content/drive/MyDrive/ASD_XAI_Project/slices/Control/51475/slice_006.jpg,Control,4.411351006705644e-10,163.0
51475,/content/drive/MyDrive/ASD_XAI_Project/slices/Control/51475/slice_007.jpg,Control,6.661867169022173e-10,161.0
51475,/content/drive/MyDrive/ASD_XAI_Project/slices/Control/51475/slice_008.jpg,Control,1.0110859927081606e-09,160.0
51475,/content/drive/MyDrive/ASD_XAI_Project/slices/Control/51475/slice_009.jpg,Control,1.5475229986350314e-09,158.0
51475,/content/drive/MyDrive/ASD_XAI_Project/slices/Control/51475/slice_010.jpg,Control,2.249812336430068e-09,156.0
51475,/content/drive/MyDrive/ASD_XAI_Project/slices/Control/51475/slice_011.jpg,Control,3.2585494302850293e-09,154.0
51475,/content/drive/MyDrive/ASD_XAI_Project/slices/Control/51475/slice_012.jpg,Control,3.733465980815254e-09,152.0
51475,/content/drive/MyDrive/ASD_XAI_Project/slices/Control/51475/slice_013.jpg,Control,1.875656252536828e-08,150.0
51475,/content/drive/MyDrive/ASD_XAI_Project/slices/Control/51475/slice_014.jpg,Control,8.980192944818555e-08,148.0
51475,/content/drive/MyDrive/ASD_XAI_Project/slices/Control/51475/slice_015.jpg,Control,1.9978533316589164e-07,147.0
51475,/content/drive/MyDrive/ASD_XAI_Project/slices/Control/51475/slice_016.jpg,Control,2.3022404604944313e-07,146.0
51475,/content/drive/MyDrive/ASD_XAI_Project/slices/Control/51475/slice_017.jpg,Control,3.50382066471866e-07,144.0
51475,/content/drive/MyDrive/ASD_XAI_Project/slices/Control/51475/slice_018.jpg,Control,4.755328291139449e-07,102.0
51475,/content/drive/MyDrive/ASD_XAI_Project/slices/Control/51475/slice_019.jpg,Control,5.28369980656862e-07,89.0
51475,/content/drive/MyDrive/ASD_XAI_Project/slices/Control/51475/slice_020.jpg,Control,6.998795925028389e-07,57.0
51475,/content/drive/MyDrive/ASD_XAI_Project/slices/Control/51475/slice_021.jpg,Control,6.893467912050255e-07,60.0
51475,/content/drive/MyDrive/ASD_XAI_Project/slices/Control/51475/slice_022.jpg,Control,8.384067200495338e-07,33.0
51475,/content/drive/MyDrive/ASD_XAI_Project/slices/Control/51475/slice_023.jpg,Control,7.056662525428692e-07,54.0
51475,/content/drive/MyDrive/ASD_XAI_Project/slices/Control/51475/slice_024.jpg,Control,8.570634690840961e-07,29.0
51475,/content/drive/MyDrive/ASD_XAI_Project/slices/Control/51475/slice_025.jpg,Control,8.257377430709312e-07,37.0
51475,/content/drive/MyDrive/ASD_XAI_Project/slices/Control/51475/slice_026.jpg,Control,9.230666933035536e-07,20.0
51475,/content/drive/MyDrive/ASD_XAI_Project/slices/Control/51475/slice_027.jpg,Control,9.020437232720724e-07,25.0
51475,/content/drive/MyDrive/ASD_XAI_Project/slices/Control/51475/slice_028.jpg,Control,9.146270940618706e-07,23.0
51475,/content/drive/MyDrive/ASD_XAI_Project/slices/Control/51475/slice_029.jpg,Control,9.187281193590024e-07,22.0
51475,/content/drive/MyDrive/ASD_XAI_Project/slices/Control/51475/slice_030.jpg,Control,9.951900210580789e-07,10.0
51475,/content/drive/MyDrive/ASD_XAI_Project/slices/Control/51475/slice_031.jpg,Control,9.528054647489625e-07,16.0
51475,/content/drive/MyDrive/ASD_XAI_Project/slices/Control/51475/slice_032.jpg,Control,9.524782740299997e-07,17.0
51475,/content/drive/MyDrive/ASD_XAI_Project/slices/Control/51475/slice_033.jpg,Control,9.644246574680437e-07,14.0
51475,/content/drive/MyDrive/ASD_XAI_Project/slices/Control/51475/slice_034.jpg,Control,9.187939440380433e-07,21.0
51475,/content/drive/MyDrive/ASD_XAI_Project/slices/Control/51475/slice_035.jpg,Control,9.847080946201459e-07,11.0
51475,/content/drive/MyDrive/ASD_XAI_Project/slices/Control/51475/slice_036.jpg,Control,9.835941909841495e-07,12.0
51475,/content/drive/MyDrive/ASD_XAI_Project/slices/Control/51475/slice_037.jpg,Control,8.714413297639112e-07,27.0
51475,/content/drive/MyDrive/ASD_XAI_Project/slices/Control/51475/slice_038.jpg,Control,8.584307238379552e-07,28.0
51475,/content/drive/MyDrive/ASD_XAI_Project/slices/Control/51475/slice_039.jpg,Control,8.370535624635522e-07,34.0
51475,/content/drive/MyDrive/ASD_XAI_Project/slices/Control/51475/slice_040.jpg,Control,8.543108833691804e-07,31.0
51475,/content/drive/MyDrive/ASD_XAI_Project/slices/Control/51475/slice_041.jpg,Control,8.292248026009474e-07,35.0
51475,/content/drive/MyDrive/ASD_XAI_Project/slices/Control/51475/slice_042.jpg,Control,7.761033771203074e-07,41.0
51475,/content/drive/MyDrive/ASD_XAI_Project/slices/Control/51475/slice_043.jpg,Control,7.566488875454525e-07,43.0
51475,/content/drive/MyDrive/ASD_XAI_Project/slices/Control/51475/slice_044.jpg,Control,7.191178497123474e-07,49.0
51475,/content/drive/MyDrive/ASD_XAI_Project/slices/Control/51475/slice_045.jpg,Control,7.331179858738324e-07,46.0
51475,/content/drive/MyDrive/ASD_XAI_Project/slices/Control/51475/slice_046.jpg,Control,8.025453439586272e-07,39.0
51475,/content/drive/MyDrive/ASD_XAI_Project/slices/Control/51475/slice_047.jpg,Control,7.372515256065526e-07,44.0
51475,/content/drive/MyDrive/ASD_XAI_Project/slices/Control/51475/slice_048.jpg,Control,7.229983793877182e-07,48.0
51475,/content/drive/MyDrive/ASD_XAI_Project/slices/Control/51475/slice_049.jpg,Control,7.262829058163334e-07,47.0
51475,/content/drive/MyDrive/ASD_XAI_Project/slices/Control/51475/slice_050.jpg,Control,7.143480615923181e-07,51.0
51475,/content/drive/MyDrive/ASD_XAI_Project/slices/Control/51475/slice_051.jpg,Control,6.811088155700418e-07,61.0
51475,/content/drive/MyDrive/ASD_XAI_Project/slices/Control/51475/slice_052.jpg,Control,6.966356522752903e-07,58.0
51475,/content/drive/MyDrive/ASD_XAI_Project/slices/Control/51475/slice_053.jpg,Control,7.063460998324445e-07,53.0
51475,/content/drive/MyDrive/ASD_XAI_Project/slices/Control/51475/slice_054.jpg,Control,6.748865644112811e-07,62.0
51475,/content/drive/MyDrive/ASD_XAI_Project/slices/Control/51475/slice_055.jpg,Control,5.817210535496997e-07,77.0
51475,/content/drive/MyDrive/ASD_XAI_Project/slices/Control/51475/slice_056.jpg,Control,5.687564339496021e-07,82.0
51475,/content/drive/MyDrive/ASD_XAI_Project/slices/Control/51475/slice_057.jpg,Control,5.971318159936345e-07,75.0
51475,/content/drive/MyDrive/ASD_XAI_Project/slices/Control/51475/slice_058.jpg,Control,5.94256619024236e-07,76.0
51475,/content/drive/MyDrive/ASD_XAI_Project/slices/Control/51475/slice_059.jpg,Control,5.424963660516369e-07,86.0
51475,/content/drive/MyDrive/ASD_XAI_Project/slices/Control/51475/slice_060.jpg,Control,5.051348921369936e-07,94.0
51475,/content/drive/MyDrive/ASD_XAI_Project/slices/Control/51475/slice_061.jpg,Control,5.104833462610259e-07,92.0
51475,/content/drive/MyDrive/ASD_XAI_Project/slices/Control/51475/slice_062.jpg,Control,4.824529469260597e-07,100.0
51475,/content/drive/MyDrive/ASD_XAI_Project/slices/Control/51475/slice_063.jpg,Control,4.935655510962533e-07,97.0
51475,/content/drive/MyDrive/ASD_XAI_Project/slices/Control/51475/slice_064.jpg,Control,4.857540716329822e-07,99.0
51475,/content/drive/MyDrive/ASD_XAI_Project/slices/Control/51475/slice_065.jpg,Control,4.5053442931930476e-07,111.0
51475,/content/drive/MyDrive/ASD_XAI_Project/slices/Control/51475/slice_066.jpg,Control,4.5754086386295967e-07,108.0
51475,/content/drive/MyDrive/ASD_XAI_Project/slices/Control/51475/slice_067.jpg,Control,4.3461457721605257e-07,112.0
51475,/content/drive/MyDrive/ASD_XAI_Project/slices/Control/51475/slice_068.jpg,Control,3.969099395817466e-07,128.0
51475,/content/drive/MyDrive/ASD_XAI_Project/slices/Control/51475/slice_069.jpg,Control,4.1164142317029473e-07,119.0
51475,/content/drive/MyDrive/ASD_XAI_Project/slices/Control/51475/slice_070.jpg,Control,4.220316327518958e-07,118.0
51475,/content/drive/MyDrive/ASD_XAI_Project/slices/Control/51475/slice_071.jpg,Control,4.050678512612649e-07,121.0
51475,/content/drive/MyDrive/ASD_XAI_Project/slices/Control/51475/slice_072.jpg,Control,4.004755567166285e-07,123.0
51475,/content/drive/MyDrive/ASD_XAI_Project/slices/Control/51475/slice_073.jpg,Control,3.969603312725667e-07,127.0
51475,/content/drive/MyDrive/ASD_XAI_Project/slices/Control/51475/slice_074.jpg,Control,4.0004411516747496e-07,124.0
51475,/content/drive/MyDrive/ASD_XAI_Project/slices/Control/51475/slice_075.jpg,Control,3.8159515725055826e-07,133.0
51475,/content/drive/MyDrive/ASD_XAI_Project/slices/Control/51475/slice_076.jpg,Control,3.976043387865502e-07,126.0
51475,/content/drive/MyDrive/ASD_XAI_Project/slices/Control/51475/slice_077.jpg,Control,3.968017097122356e-07,129.0
51475,/content/drive/MyDrive/ASD_XAI_Project/slices/Control/51475/slice_078.jpg,Control,3.6858307339571184e-07,141.0
51475,/content/drive/MyDrive/ASD_XAI_Project/slices/Control/51475/slice_079.jpg,Control,3.836131270418264e-07,132.0
51475,/content/drive/MyDrive/ASD_XAI_Project/slices/Control/51475/slice_080.jpg,Control,4.505555182277021e-07,110.0
51475,/content/drive/MyDrive/ASD_XAI_Project/slices/Control/51475/slice_081.jpg,Control,5.319027991390612e-07,88.0
51475,/content/drive/MyDrive/ASD_XAI_Project/slices/Control/51475/slice_082.jpg,Control,6.055623202882998e-07,73.0
51475,/content/drive/MyDrive/ASD_XAI_Project/slices/Control/51475/slice_083.jpg,Control,5.144146371094394e-07,91.0
51475,/content/drive/MyDrive/ASD_XAI_Project/slices/Control/51475/slice_084.jpg,Control,4.2350285411885125e-07,117.0
51475,/content/drive/MyDrive/ASD_XAI_Project/slices/Control/51475/slice_085.jpg,Control,4.621321920694754e-07,106.0
51475,/content/drive/MyDrive/ASD_XAI_Project/slices/Control/51475/slice_086.jpg,Control,5.681633865606273e-07,83.0
51475,/content/drive/MyDrive/ASD_XAI_Project/slices/Control/51475/slice_087.jpg,Control,5.773571274403366e-07,80.0
51475,/content/drive/MyDrive/ASD_XAI_Project/slices/Control/51475/slice_088.jpg,Control,4.7170161110443587e-07,104.0
51475,/content/drive/MyDrive/ASD_XAI_Project/slices/Control/51475/slice_089.jpg,Control,4.689870820584474e-07,105.0
51475,/content/drive/MyDrive/ASD_XAI_Project/slices/Control/51475/slice_090.jpg,Control,5.75603394281643e-07,81.0
51475,/content/drive/MyDrive/ASD_XAI_Project/slices/Control/51475/slice_091.jpg,Control,5.371400106923829e-07,87.0
51475,/content/drive/MyDrive/ASD_XAI_Project/slices/Control/51475/slice_092.jpg,Control,5.4547012950934e-07,85.0
51475,/content/drive/MyDrive/ASD_XAI_Project/slices/Control/51475/slice_093.jpg,Control,6.054734171812015e-07,74.0
51475,/content/drive/MyDrive/ASD_XAI_Project/slices/Control/51475/slice_094.jpg,Control,6.470964422078396e-07,64.0
51475,/content/drive/MyDrive/ASD_XAI_Project/slices/Control/51475/slice_095.jpg,Control,6.898037554492475e-07,59.0
51475,/content/drive/MyDrive/ASD_XAI_Project/slices/Control/51475/slice_096.jpg,Control,6.36928803032788e-07,66.0
51475,/content/drive/MyDrive/ASD_XAI_Project/slices/Control/51475/slice_097.jpg,Control,6.350518333420041e-07,67.0
51475,/content/drive/MyDrive/ASD_XAI_Project/slices/Control/51475/slice_098.jpg,Control,6.339229798868473e-07,68.0
51475,/content/drive/MyDrive/ASD_XAI_Project/slices/Control/51475/slice_099.jpg,Control,5.608430910797324e-07,84.0
51475,/content/drive/MyDrive/ASD_XAI_Project/slices/Control/51475/slice_100.jpg,Control,4.3202373944950523e-07,113.0
51475,/content/drive/MyDrive/ASD_XAI_Project/slices/Control/51475/slice_101.jpg,Control,3.717205174780247e-07,139.0
51475,/content/drive/MyDrive/ASD_XAI_Project/slices/Control/51475/slice_102.jpg,Control,3.690416576773714e-07,140.0
51475,/content/drive/MyDrive/ASD_XAI_Project/slices/Control/51475/slice_103.jpg,Control,3.639806323008088e-07,143.0
51475,/content/drive/MyDrive/ASD_XAI_Project/slices/Control/51475/slice_104.jpg,Control,3.7647541262231243e-07,138.0
51475,/content/drive/MyDrive/ASD_XAI_Project/slices/Control/51475/slice_105.jpg,Control,3.7965935462125344e-07,135.0
51475,/content/drive/MyDrive/ASD_XAI_Project/slices/Control/51475/slice_106.jpg,Control,3.7780105799356534e-07,136.0
51475,/content/drive/MyDrive/ASD_XAI_Project/slices/Control/51475/slice_107.jpg,Control,3.644258868007455e-07,142.0
51475,/content/drive/MyDrive/ASD_XAI_Project/slices/Control/51475/slice_108.jpg,Control,3.858010586554883e-07,131.0
51475,/content/drive/MyDrive/ASD_XAI_Project/slices/Control/51475/slice_109.jpg,Control,3.996581767751195e-07,125.0
51475,/content/drive/MyDrive/ASD_XAI_Project/slices/Control/51475/slice_110.jpg,Control,3.772034915527911e-07,137.0
51475,/content/drive/MyDrive/ASD_XAI_Project/slices/Control/51475/slice_111.jpg,Control,4.029789693049679e-07,122.0
51475,/content/drive/MyDrive/ASD_XAI_Project/slices/Control/51475/slice_112.jpg,Control,4.2661974930524593e-07,114.0
51475,/content/drive/MyDrive/ASD_XAI_Project/slices/Control/51475/slice_113.jpg,Control,4.5212695454210916e-07,109.0
51475,/content/drive/MyDrive/ASD_XAI_Project/slices/Control/51475/slice_114.jpg,Control,4.2562663793432876e-07,115.0
51475,/content/drive/MyDrive/ASD_XAI_Project/slices/Control/51475/slice_115.jpg,Control,4.1108776827059046e-07,120.0
51475,/content/drive/MyDrive/ASD_XAI_Project/slices/Control/51475/slice_116.jpg,Control,3.936991106456844e-07,130.0
51475,/content/drive/MyDrive/ASD_XAI_Project/slices/Control/51475/slice_117.jpg,Control,4.246772959959344e-07,116.0
51475,/content/drive/MyDrive/ASD_XAI_Project/slices/Control/51475/slice_118.jpg,Control,4.6210902837628964e-07,107.0
51475,/content/drive/MyDrive/ASD_XAI_Project/slices/Control/51475/slice_119.jpg,Control,4.752191102852521e-07,103.0
51475,/content/drive/MyDrive/ASD_XAI_Project/slices/Control/51475/slice_120.jpg,Control,4.796853545485646e-07,101.0
51475,/content/drive/MyDrive/ASD_XAI_Project/slices/Control/51475/slice_121.jpg,Control,4.908968094241573e-07,98.0
51475,/content/drive/MyDrive/ASD_XAI_Project/slices/Control/51475/slice_122.jpg,Control,4.956955876878055e-07,96.0
51475,/content/drive/MyDrive/ASD_XAI_Project/slices/Control/51475/slice_123.jpg,Control,4.968361508872476e-07,95.0
51475,/content/drive/MyDrive/ASD_XAI_Project/slices/Control/51475/slice_124.jpg,Control,5.212911560192879e-07,90.0
51475,/content/drive/MyDrive/ASD_XAI_Project/slices/Control/51475/slice_125.jpg,Control,6.130551355454372e-07,71.0
51475,/content/drive/MyDrive/ASD_XAI_Project/slices/Control/51475/slice_126.jpg,Control,6.260812597247423e-07,69.0
51475,/content/drive/MyDrive/ASD_XAI_Project/slices/Control/51475/slice_127.jpg,Control,5.794363460154273e-07,78.0
51475,/content/drive/MyDrive/ASD_XAI_Project/slices/Control/51475/slice_128.jpg,Control,5.785468033536745e-07,79.0
51475,/content/drive/MyDrive/ASD_XAI_Project/slices/Control/51475/slice_129.jpg,Control,6.148152920104621e-07,70.0
51475,/content/drive/MyDrive/ASD_XAI_Project/slices/Control/51475/slice_130.jpg,Control,6.083911330279079e-07,72.0
51475,/content/drive/MyDrive/ASD_XAI_Project/slices/Control/51475/slice_131.jpg,Control,6.462511237259605e-07,65.0
51475,/content/drive/MyDrive/ASD_XAI_Project/slices/Control/51475/slice_132.jpg,Control,7.155626917665359e-07,50.0
51475,/content/drive/MyDrive/ASD_XAI_Project/slices/Control/51475/slice_133.jpg,Control,7.013824756540998e-07,56.0
51475,/content/drive/MyDrive/ASD_XAI_Project/slices/Control/51475/slice_134.jpg,Control,7.019064582891588e-07,55.0
51475,/content/drive/MyDrive/ASD_XAI_Project/slices/Control/51475/slice_135.jpg,Control,7.121299177015317e-07,52.0
51475,/content/drive/MyDrive/ASD_XAI_Project/slices/Control/51475/slice_136.jpg,Control,7.7174814805403e-07,42.0
51475,/content/drive/MyDrive/ASD_XAI_Project/slices/Control/51475/slice_137.jpg,Control,7.332764653256163e-07,45.0
51475,/content/drive/MyDrive/ASD_XAI_Project/slices/Control/51475/slice_138.jpg,Control,8.564473432670638e-07,30.0
51475,/content/drive/MyDrive/ASD_XAI_Project/slices/Control/51475/slice_139.jpg,Control,8.2866631601064e-07,36.0
51475,/content/drive/MyDrive/ASD_XAI_Project/slices/Control/51475/slice_140.jpg,Control,8.394325732297148e-07,32.0
51475,/content/drive/MyDrive/ASD_XAI_Project/slices/Control/51475/slice_141.jpg,Control,8.889702485248563e-07,26.0
51475,/content/drive/MyDrive/ASD_XAI_Project/slices/Control/51475/slice_142.jpg,Control,9.299145062868774e-07,18.0
51475,/content/drive/MyDrive/ASD_XAI_Project/slices/Control/51475/slice_143.jpg,Control,9.593007916919305e-07,15.0
51475,/content/drive/MyDrive/ASD_XAI_Project/slices/Control/51475/slice_144.jpg,Control,9.704157264422975e-07,13.0
51475,/content/drive/MyDrive/ASD_XAI_Project/slices/Control/51475/slice_145.jpg,Control,1.0196455377808888e-06,7.0
51475,/content/drive/MyDrive/ASD_XAI_Project/slices/Control/51475/slice_146.jpg,Control,1.0250236073261476e-06,6.0
51475,/content/drive/MyDrive/ASD_XAI_Project/slices/Control/51475/slice_147.jpg,Control,1.0787875908135902e-06,3.0
51475,/content/drive/MyDrive/ASD_XAI_Project/slices/Control/51475/slice_148.jpg,Control,1.1328639857310918e-06,1.0
51475,/content/drive/MyDrive/ASD_XAI_Project/slices/Control/51475/slice_149.jpg,Control,1.095731022360269e-06,2.0
51475,/content/drive/MyDrive/ASD_XAI_Project/slices/Control/51475/slice_150.jpg,Control,1.0513962251934572e-06,4.0
51475,/content/drive/MyDrive/ASD_XAI_Project/slices/Control/51475/slice_151.jpg,Control,1.01220518899936e-06,8.0
51475,/content/drive/MyDrive/ASD_XAI_Project/slices/Control/51475/slice_152.jpg,Control,1.0454243692947784e-06,5.0
51475,/content/drive/MyDrive/ASD_XAI_Project/slices/Control/51475/slice_153.jpg,Control,1.010455662253662e-06,9.0
51475,/content/drive/MyDrive/ASD_XAI_Project/slices/Control/51475/slice_154.jpg,Control,9.23817538023286e-07,19.0
51475,/content/drive/MyDrive/ASD_XAI_Project/slices/Control/51475/slice_155.jpg,Control,9.142832482211816e-07,24.0
51475,/content/drive/MyDrive/ASD_XAI_Project/slices/Control/51475/slice_156.jpg,Control,8.163349889400706e-07,38.0
51475,/content/drive/MyDrive/ASD_XAI_Project/slices/Control/51475/slice_157.jpg,Control,7.791973644089012e-07,40.0
51475,/content/drive/MyDrive/ASD_XAI_Project/slices/Control/51475/slice_158.jpg,Control,6.595587933588831e-07,63.0
51475,/content/drive/MyDrive/ASD_XAI_Project/slices/Control/51475/slice_159.jpg,Control,5.072997169008886e-07,93.0
51475,/content/drive/MyDrive/ASD_XAI_Project/slices/Control/51475/slice_160.jpg,Control,3.8015525660739513e-07,134.0
51475,/content/drive/MyDrive/ASD_XAI_Project/slices/Control/51475/slice_161.jpg,Control,2.6681004783313256e-07,145.0
51475,/content/drive/MyDrive/ASD_XAI_Project/slices/Control/51475/slice_162.jpg,Control,8.811170459921414e-08,149.0
51475,/content/drive/MyDrive/ASD_XAI_Project/slices/Control/51475/slice_163.jpg,Control,5.865978813801576e-09,151.0
51475,/content/drive/MyDrive/ASD_XAI_Project/slices/Control/51475/slice_164.jpg,Control,3.703870099514006e-09,153.0
51475,/content/drive/MyDrive/ASD_XAI_Project/slices/Control/51475/slice_165.jpg,Control,2.934694931511217e-09,155.0
51475,/content/drive/MyDrive/ASD_XAI_Project/slices/Control/51475/slice_166.jpg,Control,1.909672864286449e-09,157.0
51475,/content/drive/MyDrive/ASD_XAI_Project/slices/Control/51475/slice_167.jpg,Control,1.1167426983149653e-09,159.0
51475,/content/drive/MyDrive/ASD_XAI_Project/slices/Control/51475/slice_168.jpg,Control,6.612301817199295e-10,162.0
51475,/content/drive/MyDrive/ASD_XAI_Project/slices/Control/51475/slice_169.jpg,Control,4.3027018059582645e-10,164.0
51475,/content/drive/MyDrive/ASD_XAI_Project/slices/Control/51475/slice_170.jpg,Control,2.997997128328933e-10,166.0
51475,/content/drive/MyDrive/ASD_XAI_Project/slices/Control/51475/slice_171.jpg,Control,2.2095181240189277e-10,167.0
51475,/content/drive/MyDrive/ASD_XAI_Project/slices/Control/51475/slice_172.jpg,Control,1.6502114952299252e-10,169.0
51475,/content/drive/MyDrive/ASD_XAI_Project/slices/Control/51475/slice_173.jpg,Control,1.3154084765876206e-10,172.0
51475,/content/drive/MyDrive/ASD_XAI_Project/slices/Control/51475/slice_174.jpg,Control,1.1044376524438348e-10,174.0
51475,/content/drive/MyDrive/ASD_XAI_Project/slices/Control/51475/slice_175.jpg,Control,5.963508159512187e-11,175.0
51476,/content/drive/MyDrive/ASD_XAI_Project/slices/Control/51476/slice_002.jpg,Control,5.0991644934272884e-11,173.0
51476,/content/drive/MyDrive/ASD_XAI_Project/slices/Control/51476/slice_003.jpg,Control,7.284230857385054e-11,171.0
51476,/content/drive/MyDrive/ASD_XAI_Project/slices/Control/51476/slice_004.jpg,Control,1.2862158560444925e-10,166.0
51476,/content/drive/MyDrive/ASD_XAI_Project/slices/Control/51476/slice_005.jpg,Control,1.6211654241260476e-10,165.0
51476,/content/drive/MyDrive/ASD_XAI_Project/slices/Control/51476/slice_006.jpg,Control,2.369601459495385e-10,163.0
51476,/content/drive/MyDrive/ASD_XAI_Project/slices/Control/51476/slice_007.jpg,Control,4.0635789178011805e-10,161.0
51476,/content/drive/MyDrive/ASD_XAI_Project/slices/Control/51476/slice_008.jpg,Control,6.00548888396446e-10,160.0
51476,/content/drive/MyDrive/ASD_XAI_Project/slices/Control/51476/slice_009.jpg,Control,8.753336389055733e-10,158.0
51476,/content/drive/MyDrive/ASD_XAI_Project/slices/Control/51476/slice_010.jpg,Control,1.2755448919321566e-09,157.0
51476,/content/drive/MyDrive/ASD_XAI_Project/slices/Control/51476/slice_011.jpg,Control,2.012659372496728e-09,154.0
51476,/content/drive/MyDrive/ASD_XAI_Project/slices/Control/51476/slice_012.jpg,Control,2.7572819583099317e-09,152.0
51476,/content/drive/MyDrive/ASD_XAI_Project/slices/Control/51476/slice_013.jpg,Control,3.643947366072098e-09,150.0
51476,/content/drive/MyDrive/ASD_XAI_Project/slices/Control/51476/slice_014.jpg,Control,4.42340475359515e-09,149.0
51476,/content/drive/MyDrive/ASD_XAI_Project/slices/Control/51476/slice_015.jpg,Control,1.2066656118747687e-08,147.0
51476,/content/drive/MyDrive/ASD_XAI_Project/slices/Control/51476/slice_016.jpg,Control,5.909471667564503e-08,145.0
51476,/content/drive/MyDrive/ASD_XAI_Project/slices/Control/51476/slice_017.jpg,Control,2.774659719761985e-07,140.0
51476,/content/drive/MyDrive/ASD_XAI_Project/slices/Control/51476/slice_018.jpg,Control,2.868069941541762e-07,139.0
51476,/content/drive/MyDrive/ASD_XAI_Project/slices/Control/51476/slice_019.jpg,Control,4.337215102623304e-07,137.0
51476,/content/drive/MyDrive/ASD_XAI_Project/slices/Control/51476/slice_020.jpg,Control,6.01244437348214e-07,101.0
51476,/content/drive/MyDrive/ASD_XAI_Project/slices/Control/51476/slice_021.jpg,Control,6.475390819105087e-07,70.0
51476,/content/drive/MyDrive/ASD_XAI_Project/slices/Control/51476/slice_022.jpg,Control,7.201932135103561e-07,54.0
51476,/content/drive/MyDrive/ASD_XAI_Project/slices/Control/51476/slice_023.jpg,Control,8.196470844268333e-07,46.0
51476,/content/drive/MyDrive/ASD_XAI_Project/slices/Control/51476/slice_024.jpg,Control,8.805712354842399e-07,40.0
51476,/content/drive/MyDrive/ASD_XAI_Project/slices/Control/51476/slice_025.jpg,Control,9.380527785651793e-07,32.0
51476,/content/drive/MyDrive/ASD_XAI_Project/slices/Control/51476/slice_026.jpg,Control,9.159527962765424e-07,37.0
51476,/content/drive/MyDrive/ASD_XAI_Project/slices/Control/51476/slice_027.jpg,Control,9.65884510151227e-07,24.0
51476,/content/drive/MyDrive/ASD_XAI_Project/slices/Control/51476/slice_028.jpg,Control,9.72431280388264e-07,22.0
51476,/content/drive/MyDrive/ASD_XAI_Project/slices/Control/51476/slice_029.jpg,Control,9.555420774631784e-07,26.0
51476,/content/drive/MyDrive/ASD_XAI_Project/slices/Control/51476/slice_030.jpg,Control,9.63472189141612e-07,25.0
51476,/content/drive/MyDrive/ASD_XAI_Project/slices/Control/51476/slice_031.jpg,Control,9.422550419913023e-07,31.0
51476,/content/drive/MyDrive/ASD_XAI_Project/slices/Control/51476/slice_032.jpg,Control,9.70339101513673e-07,23.0
51476,/content/drive/MyDrive/ASD_XAI_Project/slices/Control/51476/slice_033.jpg,Control,1.0206405249846284e-06,18.0
51476,/content/drive/MyDrive/ASD_XAI_Project/slices/Control/51476/slice_034.jpg,Control,9.330476018476475e-07,33.0
51476,/content/drive/MyDrive/ASD_XAI_Project/slices/Control/51476/slice_035.jpg,Control,9.510668519396859e-07,28.0
51476,/content/drive/MyDrive/ASD_XAI_Project/slices/Control/51476/slice_036.jpg,Control,9.435518109057739e-07,29.0
51476,/content/drive/MyDrive/ASD_XAI_Project/slices/Control/51476/slice_037.jpg,Control,9.516339787296602e-07,27.0
51476,/content/drive/MyDrive/ASD_XAI_Project/slices/Control/51476/slice_038.jpg,Control,9.775714033821714e-07,21.0
51476,/content/drive/MyDrive/ASD_XAI_Project/slices/Control/51476/slice_039.jpg,Control,9.279387995775323e-07,34.0
51476,/content/drive/MyDrive/ASD_XAI_Project/slices/Control/51476/slice_040.jpg,Control,9.230028581441729e-07,36.0
51476,/content/drive/MyDrive/ASD_XAI_Project/slices/Control/51476/slice_041.jpg,Control,8.662674986226193e-07,41.0
51476,/content/drive/MyDrive/ASD_XAI_Project/slices/Control/51476/slice_042.jpg,Control,8.384746479350724e-07,44.0
51476,/content/drive/MyDrive/ASD_XAI_Project/slices/Control/51476/slice_043.jpg,Control,8.098319881355565e-07,48.0
51476,/content/drive/MyDrive/ASD_XAI_Project/slices/Control/51476/slice_044.jpg,Control,8.527517252332473e-07,42.0
51476,/content/drive/MyDrive/ASD_XAI_Project/slices/Control/51476/slice_045.jpg,Control,8.440387091468438e-07,43.0
51476,/content/drive/MyDrive/ASD_XAI_Project/slices/Control/51476/slice_046.jpg,Control,7.527015100095014e-07,51.0
51476,/content/drive/MyDrive/ASD_XAI_Project/slices/Control/51476/slice_047.jpg,Control,7.265828685376619e-07,53.0
51476,/content/drive/MyDrive/ASD_XAI_Project/slices/Control/51476/slice_048.jpg,Control,7.328287097152497e-07,52.0
51476,/content/drive/MyDrive/ASD_XAI_Project/slices/Control/51476/slice_049.jpg,Control,7.025137165328488e-07,57.0
51476,/content/drive/MyDrive/ASD_XAI_Project/slices/Control/51476/slice_050.jpg,Control,7.016334961917892e-07,58.0
51476,/content/drive/MyDrive/ASD_XAI_Project/slices/Control/51476/slice_051.jpg,Control,7.000035679993744e-07,59.0
51476,/content/drive/MyDrive/ASD_XAI_Project/slices/Control/51476/slice_052.jpg,Control,6.794467140025517e-07,61.0
51476,/content/drive/MyDrive/ASD_XAI_Project/slices/Control/51476/slice_053.jpg,Control,6.444482210099522e-07,72.0
51476,/content/drive/MyDrive/ASD_XAI_Project/slices/Control/51476/slice_054.jpg,Control,6.587997063434159e-07,65.0
51476,/content/drive/MyDrive/ASD_XAI_Project/slices/Control/51476/slice_055.jpg,Control,6.549836939484521e-07,68.0
51476,/content/drive/MyDrive/ASD_XAI_Project/slices/Control/51476/slice_056.jpg,Control,6.382161927831476e-07,79.0
51476,/content/drive/MyDrive/ASD_XAI_Project/slices/Control/51476/slice_057.jpg,Control,5.847552415616519e-07,107.0
51476,/content/drive/MyDrive/ASD_XAI_Project/slices/Control/51476/slice_058.jpg,Control,5.321902563082404e-07,124.0
51476,/content/drive/MyDrive/ASD_XAI_Project/slices/Control/51476/slice_059.jpg,Control,5.146779358256026e-07,126.0
51476,/content/drive/MyDrive/ASD_XAI_Project/slices/Control/51476/slice_060.jpg,Control,5.24066479101748e-07,125.0
51476,/content/drive/MyDrive/ASD_XAI_Project/slices/Control/51476/slice_061.jpg,Control,5.385363124332798e-07,122.0
51476,/content/drive/MyDrive/ASD_XAI_Project/slices/Control/51476/slice_062.jpg,Control,5.446926820695808e-07,120.0
51476,/content/drive/MyDrive/ASD_XAI_Project/slices/Control/51476/slice_063.jpg,Control,5.831191174365813e-07,108.0
51476,/content/drive/MyDrive/ASD_XAI_Project/slices/Control/51476/slice_064.jpg,Control,5.600401209449046e-07,114.0
51476,/content/drive/MyDrive/ASD_XAI_Project/slices/Control/51476/slice_065.jpg,Control,5.475393436427112e-07,119.0
51476,/content/drive/MyDrive/ASD_XAI_Project/slices/Control/51476/slice_066.jpg,Control,5.767569177805854e-07,110.0
51476,/content/drive/MyDrive/ASD_XAI_Project/slices/Control/51476/slice_067.jpg,Control,5.999306154080841e-07,102.0
51476,/content/drive/MyDrive/ASD_XAI_Project/slices/Control/51476/slice_068.jpg,Control,5.862424927727261e-07,105.0
51476,/content/drive/MyDrive/ASD_XAI_Project/slices/Control/51476/slice_069.jpg,Control,6.170406550154439e-07,96.0
51476,/content/drive/MyDrive/ASD_XAI_Project/slices/Control/51476/slice_070.jpg,Control,6.163621719679213e-07,97.0
51476,/content/drive/MyDrive/ASD_XAI_Project/slices/Control/51476/slice_071.jpg,Control,6.287390306169982e-07,88.0
51476,/content/drive/MyDrive/ASD_XAI_Project/slices/Control/51476/slice_072.jpg,Control,6.323308525679749e-07,86.0
51476,/content/drive/MyDrive/ASD_XAI_Project/slices/Control/51476/slice_073.jpg,Control,6.210295850905823e-07,93.0
51476,/content/drive/MyDrive/ASD_XAI_Project/slices/Control/51476/slice_074.jpg,Control,6.338464118016418e-07,84.0
51476,/content/drive/MyDrive/ASD_XAI_Project/slices/Control/51476/slice_075.jpg,Control,6.159103236313967e-07,98.0
51476,/content/drive/MyDrive/ASD_XAI_Project/slices/Control/51476/slice_076.jpg,Control,6.469939535236335e-07,71.0
51476,/content/drive/MyDrive/ASD_XAI_Project/slices/Control/51476/slice_077.jpg,Control,6.379634669428924e-07,80.0
51476,/content/drive/MyDrive/ASD_XAI_Project/slices/Control/51476/slice_078.jpg,Control,6.295410912571242e-07,87.0
51476,/content/drive/MyDrive/ASD_XAI_Project/slices/Control/51476/slice_079.jpg,Control,6.239334879865055e-07,90.0
51476,/content/drive/MyDrive/ASD_XAI_Project/slices/Control/51476/slice_080.jpg,Control,6.407281603060255e-07,75.0
51476,/content/drive/MyDrive/ASD_XAI_Project/slices/Control/51476/slice_081.jpg,Control,6.147677140688756e-07,99.0
51476,/content/drive/MyDrive/ASD_XAI_Project/slices/Control/51476/slice_082.jpg,Control,6.366859111039957e-07,81.0
51476,/content/drive/MyDrive/ASD_XAI_Project/slices/Control/51476/slice_083.jpg,Control,6.613520895371039e-07,64.0
51476,/content/drive/MyDrive/ASD_XAI_Project/slices/Control/51476/slice_084.jpg,Control,6.206294074218022e-07,94.0
51476,/content/drive/MyDrive/ASD_XAI_Project/slices/Control/51476/slice_085.jpg,Control,6.550178568431875e-07,67.0
51476,/content/drive/MyDrive/ASD_XAI_Project/slices/Control/51476/slice_086.jpg,Control,6.230130793483113e-07,92.0
51476,/content/drive/MyDrive/ASD_XAI_Project/slices/Control/51476/slice_087.jpg,Control,6.341700213852164e-07,83.0
51476,/content/drive/MyDrive/ASD_XAI_Project/slices/Control/51476/slice_088.jpg,Control,6.174302598083159e-07,95.0
51476,/content/drive/MyDrive/ASD_XAI_Project/slices/Control/51476/slice_089.jpg,Control,6.254394975258037e-07,89.0
51476,/content/drive/MyDrive/ASD_XAI_Project/slices/Control/51476/slice_090.jpg,Control,6.337247668852797e-07,85.0
51476,/content/drive/MyDrive/ASD_XAI_Project/slices/Control/51476/slice_091.jpg,Control,6.382166475304984e-07,78.0
51476,/content/drive/MyDrive/ASD_XAI_Project/slices/Control/51476/slice_092.jpg,Control,6.395165428330074e-07,77.0
51476,/content/drive/MyDrive/ASD_XAI_Project/slices/Control/51476/slice_093.jpg,Control,6.543726271956984e-07,69.0
51476,/content/drive/MyDrive/ASD_XAI_Project/slices/Control/51476/slice_094.jpg,Control,6.443802931244136e-07,73.0
51476,/content/drive/MyDrive/ASD_XAI_Project/slices/Control/51476/slice_095.jpg,Control,6.428778078770847e-07,74.0
51476,/content/drive/MyDrive/ASD_XAI_Project/slices/Control/51476/slice_096.jpg,Control,6.39519555534207e-07,76.0
51476,/content/drive/MyDrive/ASD_XAI_Project/slices/Control/51476/slice_097.jpg,Control,6.555925438078702e-07,66.0
51476,/content/drive/MyDrive/ASD_XAI_Project/slices/Control/51476/slice_098.jpg,Control,6.352576065182802e-07,82.0
51476,/content/drive/MyDrive/ASD_XAI_Project/slices/Control/51476/slice_099.jpg,Control,6.091545401432086e-07,100.0
51476,/content/drive/MyDrive/ASD_XAI_Project/slices/Control/51476/slice_100.jpg,Control,6.233396447896666e-07,91.0
51476,/content/drive/MyDrive/ASD_XAI_Project/slices/Control/51476/slice_101.jpg,Control,5.933702595939394e-07,103.0
51476,/content/drive/MyDrive/ASD_XAI_Project/slices/Control/51476/slice_102.jpg,Control,5.86564738114248e-07,104.0
51476,/content/drive/MyDrive/ASD_XAI_Project/slices/Control/51476/slice_103.jpg,Control,5.480018785419816e-07,118.0
51476,/content/drive/MyDrive/ASD_XAI_Project/slices/Control/51476/slice_104.jpg,Control,5.639446385430347e-07,113.0
51476,/content/drive/MyDrive/ASD_XAI_Project/slices/Control/51476/slice_105.jpg,Control,5.413516532826179e-07,121.0
51476,/content/drive/MyDrive/ASD_XAI_Project/slices/Control/51476/slice_106.jpg,Control,5.372358486965823e-07,123.0
51476,/content/drive/MyDrive/ASD_XAI_Project/slices/Control/51476/slice_107.jpg,Control,5.08141226873704e-07,129.0
51476,/content/drive/MyDrive/ASD_XAI_Project/slices/Control/51476/slice_108.jpg,Control,5.120655259815976e-07,128.0
51476,/content/drive/MyDrive/ASD_XAI_Project/slices/Control/51476/slice_109.jpg,Control,5.133990157446533e-07,127.0
51476,/content/drive/MyDrive/ASD_XAI_Project/slices/Control/51476/slice_110.jpg,Control,4.93438676585356e-07,130.0
51476,/content/drive/MyDrive/ASD_XAI_Project/slices/Control/51476/slice_111.jpg,Control,4.715814441169641e-07,136.0
51476,/content/drive/MyDrive/ASD_XAI_Project/slices/Control/51476/slice_112.jpg,Control,4.794034680344339e-07,134.0
51476,/content/drive/MyDrive/ASD_XAI_Project/slices/Control/51476/slice_113.jpg,Control,4.7481029241680517e-07,135.0
51476,/content/drive/MyDrive/ASD_XAI_Project/slices/Control/51476/slice_114.jpg,Control,4.825764676752442e-07,133.0
51476,/content/drive/MyDrive/ASD_XAI_Project/slices/Control/51476/slice_115.jpg,Control,4.85508735437179e-07,132.0
51476,/content/drive/MyDrive/ASD_XAI_Project/slices/Control/51476/slice_116.jpg,Control,4.933548893859552e-07,131.0
51476,/content/drive/MyDrive/ASD_XAI_Project/slices/Control/51476/slice_117.jpg,Control,5.859274665453995e-07,106.0
51476,/content/drive/MyDrive/ASD_XAI_Project/slices/Control/51476/slice_118.jpg,Control,5.829011229252501e-07,109.0
51476,/content/drive/MyDrive/ASD_XAI_Project/slices/Control/51476/slice_119.jpg,Control,5.649886247738323e-07,112.0
51476,/content/drive/MyDrive/ASD_XAI_Project/slices/Control/51476/slice_120.jpg,Control,5.493637900144677e-07,117.0
51476,/content/drive/MyDrive/ASD_XAI_Project/slices/Control/51476/slice_121.jpg,Control,5.545003318729869e-07,116.0
51476,/content/drive/MyDrive/ASD_XAI_Project/slices/Control/51476/slice_122.jpg,Control,5.716485702578211e-07,111.0
51476,/content/drive/MyDrive/ASD_XAI_Project/slices/Control/51476/slice_123.jpg,Control,6.772065148652473e-07,62.0
51476,/content/drive/MyDrive/ASD_XAI_Project/slices/Control/51476/slice_124.jpg,Control,7.199246851996577e-07,55.0
51476,/content/drive/MyDrive/ASD_XAI_Project/slices/Control/51476/slice_125.jpg,Control,6.7030049422101e-07,63.0
51476,/content/drive/MyDrive/ASD_XAI_Project/slices/Control/51476/slice_126.jpg,Control,7.07467279426055e-07,56.0
51476,/content/drive/MyDrive/ASD_XAI_Project/slices/Control/51476/slice_127.jpg,Control,8.074730999396706e-07,49.0
51476,/content/drive/MyDrive/ASD_XAI_Project/slices/Control/51476/slice_128.jpg,Control,8.199398848773853e-07,45.0
51476,/content/drive/MyDrive/ASD_XAI_Project/slices/Control/51476/slice_129.jpg,Control,8.148235792759806e-07,47.0
51476,/content/drive/MyDrive/ASD_XAI_Project/slices/Control/51476/slice_130.jpg,Control,8.871023737810901e-07,38.0
51476,/content/drive/MyDrive/ASD_XAI_Project/slices/Control/51476/slice_131.jpg,Control,8.826226576275076e-07,39.0
51476,/content/drive/MyDrive/ASD_XAI_Project/slices/Control/51476/slice_132.jpg,Control,9.42402152759314e-07,30.0
51476,/content/drive/MyDrive/ASD_XAI_Project/slices/Control/51476/slice_133.jpg,Control,1.0058984116767533e-06,20.0
51476,/content/drive/MyDrive/ASD_XAI_Project/slices/Control/51476/slice_134.jpg,Control,1.0096957794303307e-06,19.0
51476,/content/drive/MyDrive/ASD_XAI_Project/slices/Control/51476/slice_135.jpg,Control,1.0260079079671414e-06,17.0
51476,/content/drive/MyDrive/ASD_XAI_Project/slices/Control/51476/slice_136.jpg,Control,1.0708704394346569e-06,15.0
51476,/content/drive/MyDrive/ASD_XAI_Project/slices/Control/51476/slice_137.jpg,Control,1.0795245088957017e-06,14.0
51476,/content/drive/MyDrive/ASD_XAI_Project/slices/Control/51476/slice_138.jpg,Control,1.184033294521214e-06,7.0
51476,/content/drive/MyDrive/ASD_XAI_Project/slices/Control/51476/slice_139.jpg,Control,1.1443895573393092e-06,10.0
51476,/content/drive/MyDrive/ASD_XAI_Project/slices/Control/51476/slice_140.jpg,Control,1.1335035878801136e-06,11.0
51476,/content/drive/MyDrive/ASD_XAI_Project/slices/Control/51476/slice_141.jpg,Control,1.1592377404667786e-06,9.0
51476,/content/drive/MyDrive/ASD_XAI_Project/slices/Control/51476/slice_142.jpg,Control,1.2241082458785968e-06,4.0
51476,/content/drive/MyDrive/ASD_XAI_Project/slices/Control/51476/slice_143.jpg,Control,1.2588581057570991e-06,1.0
51476,/content/drive/MyDrive/ASD_XAI_Project/slices/Control/51476/slice_144.jpg,Control,1.1916154107893817e-06,6.0
51476,/content/drive/MyDrive/ASD_XAI_Project/slices/Control/51476/slice_145.jpg,Control,1.2335800647633732e-06,3.0
51476,/content/drive/MyDrive/ASD_XAI_Project/slices/Control/51476/slice_146.jpg,Control,1.1830738912976813e-06,8.0
51476,/content/drive/MyDrive/ASD_XAI_Project/slices/Control/51476/slice_147.jpg,Control,1.1985895298494142e-06,5.0
51476,/content/drive/MyDrive/ASD_XAI_Project/slices/Control/51476/slice_148.jpg,Control,1.2339584145593108e-06,2.0
51476,/content/drive/MyDrive/ASD_XAI_Project/slices/Control/51476/slice_149.jpg,Control,1.128937697103538e-06,12.0
51476,/content/drive/MyDrive/ASD_XAI_Project/slices/Control/51476/slice_150.jpg,Control,1.0803928489622194e-06,13.0
51476,/content/drive/MyDrive/ASD_XAI_Project/slices/Control/51476/slice_151.jpg,Control,1.0539698678257992e-06,16.0
51476,/content/drive/MyDrive/ASD_XAI_Project/slices/Control/51476/slice_152.jpg,Control,9.263093829758873e-07,35.0
51476,/content/drive/MyDrive/ASD_XAI_Project/slices/Control/51476/slice_153.jpg,Control,7.642016157660692e-07,50.0
51476,/content/drive/MyDrive/ASD_XAI_Project/slices/Control/51476/slice_154.jpg,Control,6.959973006814835e-07,60.0
51476,/content/drive/MyDrive/ASD_XAI_Project/slices/Control/51476/slice_155.jpg,Control,5.552452080337389e-07,115.0
51476,/content/drive/MyDrive/ASD_XAI_Project/slices/Control/51476/slice_156.jpg,Control,3.11332428282185e-07,138.0
51476,/content/drive/MyDrive/ASD_XAI_Project/slices/Control/51476/slice_157.jpg,Control,2.641740195485909e-07,141.0
51476,/content/drive/MyDrive/ASD_XAI_Project/slices/Control/51476/slice_158.jpg,Control,1.221528407313599e-07,143.0
51476,/content/drive/MyDrive/ASD_XAI_Project/slices/Control/51476/slice_159.jpg,Control,1.568331242651766e-07,142.0
51476,/content/drive/MyDrive/ASD_XAI_Project/slices/Control/51476/slice_160.jpg,Control,6.456918555386437e-08,144.0
51476,/content/drive/MyDrive/ASD_XAI_Project/slices/Control/51476/slice_161.jpg,Control,3.667070558321939e-08,146.0
51476,/content/drive/MyDrive/ASD_XAI_Project/slices/Control/51476/slice_162.jpg,Control,5.698690408451057e-09,148.0
51476,/content/drive/MyDrive/ASD_XAI_Project/slices/Control/51476/slice_163.jpg,Control,3.105814938564322e-09,151.0
51476,/content/drive/MyDrive/ASD_XAI_Project/slices/Control/51476/slice_164.jpg,Control,2.6453159662764847e-09,153.0
51476,/content/drive/MyDrive/ASD_XAI_Project/slices/Control/51476/slice_165.jpg,Control,1.994322262888204e-09,155.0
51476,/content/drive/MyDrive/ASD_XAI_Project/slices/Control/51476/slice_166.jpg,Control,1.3953577182590493e-09,156.0
51476,/content/drive/MyDrive/ASD_XAI_Project/slices/Control/51476/slice_167.jpg,Control,7.519867506466937e-10,159.0
51476,/content/drive/MyDrive/ASD_XAI_Project/slices/Control/51476/slice_168.jpg,Control,3.701765838304283e-10,162.0
51476,/content/drive/MyDrive/ASD_XAI_Project/slices/Control/51476/slice_169.jpg,Control,1.9653567662203386e-10,164.0
51476,/content/drive/MyDrive/ASD_XAI_Project/slices/Control/51476/slice_170.jpg,Control,1.1767066487866629e-10,167.0
51476,/content/drive/MyDrive/ASD_XAI_Project/slices/Control/51476/slice_171.jpg,Control,1.022259291105776e-10,168.0
51476,/content/drive/MyDrive/ASD_XAI_Project/slices/Control/51476/slice_172.jpg,Control,9.258657035493556e-11,169.0
51476,/content/drive/MyDrive/ASD_XAI_Project/slices/Control/51476/slice_173.jpg,Control,8.051578154200101e-11,170.0
51476,/content/drive/MyDrive/ASD_XAI_Project/slices/Control/51476/slice_174.jpg,Control,6.792752471618257e-11,172.0
51476,/content/drive/MyDrive/ASD_XAI_Project/slices/Control/51476/slice_175.jpg,Control,4.964497909987209e-11,174.0
51466,/content/drive/MyDrive/ASD_XAI_Project/slices/ASD/51466/slice_000.jpg,ASD,5.225065519143257e-11,176.0
51466,/content/drive/MyDrive/ASD_XAI_Project/slices/ASD/51466/slice_001.jpg,ASD,6.523356854692963e-11,175.0
51466,/content/drive/MyDrive/ASD_XAI_Project/slices/ASD/51466/slice_002.jpg,ASD,6.901819393778652e-11,173.0
51466,/content/drive/MyDrive/ASD_XAI_Project/slices/ASD/51466/slice_003.jpg,ASD,7.262099949167933e-11,171.0
51466,/content/drive/MyDrive/ASD_XAI_Project/slices/ASD/51466/slice_004.jpg,ASD,1.2954139150256339e-10,168.0
51466,/content/drive/MyDrive/ASD_XAI_Project/slices/ASD/51466/slice_005.jpg,ASD,1.7731552337529877e-10,166.0
51466,/content/drive/MyDrive/ASD_XAI_Project/slices/ASD/51466/slice_006.jpg,ASD,2.1241107484026855e-10,165.0
51466,/content/drive/MyDrive/ASD_XAI_Project/slices/ASD/51466/slice_007.jpg,ASD,2.887579619859082e-10,163.0
51466,/content/drive/MyDrive/ASD_XAI_Project/slices/ASD/51466/slice_008.jpg,ASD,4.0646785937070717e-10,162.0
51466,/content/drive/MyDrive/ASD_XAI_Project/slices/ASD/51466/slice_009.jpg,ASD,7.03906544163857e-10,160.0
51466,/content/drive/MyDrive/ASD_XAI_Project/slices/ASD/51466/slice_010.jpg,ASD,1.429868223823405e-09,157.0
51466,/content/drive/MyDrive/ASD_XAI_Project/slices/ASD/51466/slice_011.jpg,ASD,1.6942650615803245e-09,155.0
51466,/content/drive/MyDrive/ASD_XAI_Project/slices/ASD/51466/slice_012.jpg,ASD,1.9395738348748637e-09,154.0
51466,/content/drive/MyDrive/ASD_XAI_Project/slices/ASD/51466/slice_013.jpg,ASD,2.7289550619258307e-09,152.0
51466,/content/drive/MyDrive/ASD_XAI_Project/slices/ASD/51466/slice_014.jpg,ASD,3.402626180815105e-09,151.0
51466,/content/drive/MyDrive/ASD_XAI_Project/slices/ASD/51466/slice_015.jpg,ASD,3.864168540701485e-09,150.0
51466,/content/drive/MyDrive/ASD_XAI_Project/slices/ASD/51466/slice_016.jpg,ASD,4.45565939699577e-09,149.0
51466,/content/drive/MyDrive/ASD_XAI_Project/slices/ASD/51466/slice_017.jpg,ASD,1.2174768748707265e-08,148.0
51466,/content/drive/MyDrive/ASD_XAI_Project/slices/ASD/51466/slice_018.jpg,ASD,2.618720529312668e-08,146.0
51466,/content/drive/MyDrive/ASD_XAI_Project/slices/ASD/51466/slice_019.jpg,ASD,4.7030720651264346e-08,145.0
51466,/content/drive/MyDrive/ASD_XAI_Project/slices/ASD/51466/slice_020.jpg,ASD,8.30617281621926e-08,144.0
51466,/content/drive/MyDrive/ASD_XAI_Project/slices/ASD/51466/slice_021.jpg,ASD,1.540740726113654e-07,94.0
51466,/content/drive/MyDrive/ASD_XAI_Project/slices/ASD/51466/slice_022.jpg,ASD,1.6844400363424938e-07,86.0
51466,/content/drive/MyDrive/ASD_XAI_Project/slices/ASD/51466/slice_023.jpg,ASD,2.582507647730381e-07,77.0
51466,/content/drive/MyDrive/ASD_XAI_Project/slices/ASD/51466/slice_024.jpg,ASD,2.6485432158551703e-07,74.0
51466,/content/drive/MyDrive/ASD_XAI_Project/slices/ASD/51466/slice_025.jpg,ASD,4.0629529962643574e-07,55.0
51466,/content/drive/MyDrive/ASD_XAI_Project/slices/ASD/51466/slice_026.jpg,ASD,6.246633574846783e-07,36.0
51466,/content/drive/MyDrive/ASD_XAI_Project/slices/ASD/51466/slice_027.jpg,ASD,6.393477747224097e-07,34.0
51466,/content/drive/MyDrive/ASD_XAI_Project/slices/ASD/51466/slice_028.jpg,ASD,7.632086180819897e-07,16.0
51466,/content/drive/MyDrive/ASD_XAI_Project/slices/ASD/51466/slice_029.jpg,ASD,8.557855721846863e-07,1.0
51466,/content/drive/MyDrive/ASD_XAI_Project/slices/ASD/51466/slice_030.jpg,ASD,7.965357440298249e-07,9.0
51466,/content/drive/MyDrive/ASD_XAI_Project/slices/ASD/51466/slice_031.jpg,ASD,7.718435881542973e-07,13.0
51466,/content/drive/MyDrive/ASD_XAI_Project/slices/ASD/51466/slice_032.jpg,ASD,7.586422157146444e-07,17.0
51466,/content/drive/MyDrive/ASD_XAI_Project/slices/ASD/51466/slice_033.jpg,ASD,7.56029578496964e-07,18.0
51466,/content/drive/MyDrive/ASD_XAI_Project/slices/ASD/51466/slice_034.jpg,ASD,7.773294328217162e-07,11.0
51466,/content/drive/MyDrive/ASD_XAI_Project/slices/ASD/51466/slice_035.jpg,ASD,7.259726544361911e-07,20.0
51466,/content/drive/MyDrive/ASD_XAI_Project/slices/ASD/51466/slice_036.jpg,ASD,7.039652700768784e-07,22.0
51466,/content/drive/MyDrive/ASD_XAI_Project/slices/ASD/51466/slice_037.jpg,ASD,8.15122746189445e-07,4.0
51466,/content/drive/MyDrive/ASD_XAI_Project/slices/ASD/51466/slice_038.jpg,ASD,6.592325121346221e-07,31.0
51466,/content/drive/MyDrive/ASD_XAI_Project/slices/ASD/51466/slice_039.jpg,ASD,6.777111138944747e-07,26.0
51466,/content/drive/MyDrive/ASD_XAI_Project/slices/ASD/51466/slice_040.jpg,ASD,6.744425604665594e-07,28.0
51466,/content/drive/MyDrive/ASD_XAI_Project/slices/ASD/51466/slice_041.jpg,ASD,6.326052357508161e-07,35.0
51466,/content/drive/MyDrive/ASD_XAI_Project/slices/ASD/51466/slice_042.jpg,ASD,6.672093491033593e-07,29.0
51466,/content/drive/MyDrive/ASD_XAI_Project/slices/ASD/51466/slice_043.jpg,ASD,6.76479317007761e-07,27.0
51466,/content/drive/MyDrive/ASD_XAI_Project/slices/ASD/51466/slice_044.jpg,ASD,6.52247194921074e-07,32.0
51466,/content/drive/MyDrive/ASD_XAI_Project/slices/ASD/51466/slice_045.jpg,ASD,5.714994699701492e-07,41.0
51466,/content/drive/MyDrive/ASD_XAI_Project/slices/ASD/51466/slice_046.jpg,ASD,5.512248435479705e-07,44.0
51466,/content/drive/MyDrive/ASD_XAI_Project/slices/ASD/51466/slice_047.jpg,ASD,5.395133939600782e-07,47.0
51466,/content/drive/MyDrive/ASD_XAI_Project/slices/ASD/51466/slice_048.jpg,ASD,5.454571692098398e-07,45.0
51466,/content/drive/MyDrive/ASD_XAI_Project/slices/ASD/51466/slice_049.jpg,ASD,5.116746137900918e-07,49.0
51466,/content/drive/MyDrive/ASD_XAI_Project/slices/ASD/51466/slice_050.jpg,ASD,4.811522558156867e-07,51.0
51466,/content/drive/MyDrive/ASD_XAI_Project/slices/ASD/51466/slice_051.jpg,ASD,3.8654343370581046e-07,59.0
51466,/content/drive/MyDrive/ASD_XAI_Project/slices/ASD/51466/slice_052.jpg,ASD,4.0094928976941446e-07,57.0
51466,/content/drive/MyDrive/ASD_XAI_Project/slices/ASD/51466/slice_053.jpg,ASD,4.1773810721679183e-07,54.0
51466,/content/drive/MyDrive/ASD_XAI_Project/slices/ASD/51466/slice_054.jpg,ASD,4.2969955416083394e-07,53.0
51466,/content/drive/MyDrive/ASD_XAI_Project/slices/ASD/51466/slice_055.jpg,ASD,4.0486608554601844e-07,56.0
51466,/content/drive/MyDrive/ASD_XAI_Project/slices/ASD/51466/slice_056.jpg,ASD,3.5820278299070196e-07,63.0
51466,/content/drive/MyDrive/ASD_XAI_Project/slices/ASD/51466/slice_057.jpg,ASD,3.311278931050765e-07,64.0
51466,/content/drive/MyDrive/ASD_XAI_Project/slices/ASD/51466/slice_058.jpg,ASD,3.0184492061380297e-07,68.0
51466,/content/drive/MyDrive/ASD_XAI_Project/slices/ASD/51466/slice_059.jpg,ASD,3.0928134719943046e-07,67.0
51466,/content/drive/MyDrive/ASD_XAI_Project/slices/ASD/51466/slice_060.jpg,ASD,3.1944233569447533e-07,65.0
51466,/content/drive/MyDrive/ASD_XAI_Project/slices/ASD/51466/slice_061.jpg,ASD,3.009122906405537e-07,69.0
51466,/content/drive/MyDrive/ASD_XAI_Project/slices/ASD/51466/slice_062.jpg,ASD,2.816055655330274e-07,72.0
51466,/content/drive/MyDrive/ASD_XAI_Project/slices/ASD/51466/slice_063.jpg,ASD,2.4222418915087474e-07,79.0
51466,/content/drive/MyDrive/ASD_XAI_Project/slices/ASD/51466/slice_064.jpg,ASD,2.3267644166935497e-07,80.0
51466,/content/drive/MyDrive/ASD_XAI_Project/slices/ASD/51466/slice_065.jpg,ASD,1.95771718836113e-07,83.0
51466,/content/drive/MyDrive/ASD_XAI_Project/slices/ASD/51466/slice_066.jpg,ASD,1.783844112424049e-07,85.0
51466,/content/drive/MyDrive/ASD_XAI_Project/slices/ASD/51466/slice_067.jpg,ASD,1.6414054471169948e-07,87.0
51466,/content/drive/MyDrive/ASD_XAI_Project/slices/ASD/51466/slice_068.jpg,ASD,1.5853187562697713e-07,91.0
51466,/content/drive/MyDrive/ASD_XAI_Project/slices/ASD/51466/slice_069.jpg,ASD,1.500738591175832e-07,97.0
51466,/content/drive/MyDrive/ASD_XAI_Project/slices/ASD/51466/slice_070.jpg,ASD,1.5879636805493647e-07,90.0
51466,/content/drive/MyDrive/ASD_XAI_Project/slices/ASD/51466/slice_071.jpg,ASD,1.5458273594504135e-07,92.0
51466,/content/drive/MyDrive/ASD_XAI_Project/slices/ASD/51466/slice_072.jpg,ASD,1.5935208352857444e-07,89.0
51466,/content/drive/MyDrive/ASD_XAI_Project/slices/ASD/51466/slice_073.jpg,ASD,1.5392247121326363e-07,95.0
51466,/content/drive/MyDrive/ASD_XAI_Project/slices/ASD/51466/slice_074.jpg,ASD,1.621266392248799e-07,88.0
51466,/content/drive/MyDrive/ASD_XAI_Project/slices/ASD/51466/slice_075.jpg,ASD,1.4715431007061852e-07,98.0
51466,/content/drive/MyDrive/ASD_XAI_Project/slices/ASD/51466/slice_076.jpg,ASD,1.350102962760502e-07,104.0
51466,/content/drive/MyDrive/ASD_XAI_Project/slices/ASD/51466/slice_077.jpg,ASD,1.308750938733283e-07,106.0
51466,/content/drive/MyDrive/ASD_XAI_Project/slices/ASD/51466/slice_078.jpg,ASD,1.2692281359250046e-07,108.0
51466,/content/drive/MyDrive/ASD_XAI_Project/slices/ASD/51466/slice_079.jpg,ASD,1.1711176028939008e-07,135.0
51466,/content/drive/MyDrive/ASD_XAI_Project/slices/ASD/51466/slice_080.jpg,ASD,1.1481846229344228e-07,139.0
51466,/content/drive/MyDrive/ASD_XAI_Project/slices/ASD/51466/slice_081.jpg,ASD,1.1784526066094259e-07,134.0
51466,/content/drive/MyDrive/ASD_XAI_Project/slices/ASD/51466/slice_082.jpg,ASD,1.1112891940001646e-07,141.0
51466,/content/drive/MyDrive/ASD_XAI_Project/slices/ASD/51466/slice_083.jpg,ASD,1.1056805249154422e-07,142.0
51466,/content/drive/MyDrive/ASD_XAI_Project/slices/ASD/51466/slice_084.jpg,ASD,1.189451666050445e-07,131.0
51466,/content/drive/MyDrive/ASD_XAI_Project/slices/ASD/51466/slice_085.jpg,ASD,1.1678425693162353e-07,136.0
51466,/content/drive/MyDrive/ASD_XAI_Project/slices/ASD/51466/slice_086.jpg,ASD,1.2485634215408936e-07,113.0
51466,/content/drive/MyDrive/ASD_XAI_Project/slices/ASD/51466/slice_087.jpg,ASD,1.2437166674317268e-07,117.0
51466,/content/drive/MyDrive/ASD_XAI_Project/slices/ASD/51466/slice_088.jpg,ASD,1.2376042946016241e-07,118.0
51466,/content/drive/MyDrive/ASD_XAI_Project/slices/ASD/51466/slice_089.jpg,ASD,1.2303068785968208e-07,122.0
51466,/content/drive/MyDrive/ASD_XAI_Project/slices/ASD/51466/slice_090.jpg,ASD,1.2085185119303787e-07,126.0
51466,/content/drive/MyDrive/ASD_XAI_Project/slices/ASD/51466/slice_091.jpg,ASD,1.2463553389352455e-07,116.0
51466,/content/drive/MyDrive/ASD_XAI_Project/slices/ASD/51466/slice_092.jpg,ASD,1.1785900255745219e-07,133.0
51466,/content/drive/MyDrive/ASD_XAI_Project/slices/ASD/51466/slice_093.jpg,ASD,1.206299629075147e-07,129.0
51466,/content/drive/MyDrive/ASD_XAI_Project/slices/ASD/51466/slice_094.jpg,ASD,1.2363280177396518e-07,120.0
51466,/content/drive/MyDrive/ASD_XAI_Project/slices/ASD/51466/slice_095.jpg,ASD,1.1887149042877354e-07,132.0
51466,/content/drive/MyDrive/ASD_XAI_Project/slices/ASD/51466/slice_096.jpg,ASD,1.1483495399033927e-07,138.0
51466,/content/drive/MyDrive/ASD_XAI_Project/slices/ASD/51466/slice_097.jpg,ASD,1.2476101574065979e-07,114.0
51466,/content/drive/MyDrive/ASD_XAI_Project/slices/ASD/51466/slice_098.jpg,ASD,1.2003958715922636e-07,130.0
51466,/content/drive/MyDrive/ASD_XAI_Project/slices/ASD/51466/slice_099.jpg,ASD,1.1406024924554004e-07,140.0
51466,/content/drive/MyDrive/ASD_XAI_Project/slices/ASD/51466/slice_100.jpg,ASD,1.208154287724028e-07,127.0
51466,/content/drive/MyDrive/ASD_XAI_Project/slices/ASD/51466/slice_101.jpg,ASD,1.2077748579031322e-07,128.0
51466,/content/drive/MyDrive/ASD_XAI_Project/slices/ASD/51466/slice_102.jpg,ASD,1.2669443094637245e-07,110.0
51466,/content/drive/MyDrive/ASD_XAI_Project/slices/ASD/51466/slice_103.jpg,ASD,1.2642868796319817e-07,111.0
51466,/content/drive/MyDrive/ASD_XAI_Project/slices/ASD/51466/slice_104.jpg,ASD,1.3052400049673452e-07,107.0
51466,/content/drive/MyDrive/ASD_XAI_Project/slices/ASD/51466/slice_105.jpg,ASD,1.2677699601226777e-07,109.0
51466,/content/drive/MyDrive/ASD_XAI_Project/slices/ASD/51466/slice_106.jpg,ASD,1.2100070989617961e-07,125.0
51466,/content/drive/MyDrive/ASD_XAI_Project/slices/ASD/51466/slice_107.jpg,ASD,1.2467836540963617e-07,115.0
51466,/content/drive/MyDrive/ASD_XAI_Project/slices/ASD/51466/slice_108.jpg,ASD,1.23235523119547e-07,121.0
51466,/content/drive/MyDrive/ASD_XAI_Project/slices/ASD/51466/slice_109.jpg,ASD,1.148554957808301e-07,137.0
51466,/content/drive/MyDrive/ASD_XAI_Project/slices/ASD/51466/slice_110.jpg,ASD,1.2364517942842213e-07,119.0
51466,/content/drive/MyDrive/ASD_XAI_Project/slices/ASD/51466/slice_111.jpg,ASD,1.2229864410073787e-07,123.0
51466,/content/drive/MyDrive/ASD_XAI_Project/slices/ASD/51466/slice_112.jpg,ASD,1.2161257245679735e-07,124.0
51466,/content/drive/MyDrive/ASD_XAI_Project/slices/ASD/51466/slice_113.jpg,ASD,1.2641869773233338e-07,112.0
51466,/content/drive/MyDrive/ASD_XAI_Project/slices/ASD/51466/slice_114.jpg,ASD,1.3550221922287164e-07,101.0
51466,/content/drive/MyDrive/ASD_XAI_Project/slices/ASD/51466/slice_115.jpg,ASD,1.3532304876662238e-07,102.0
51466,/content/drive/MyDrive/ASD_XAI_Project/slices/ASD/51466/slice_116.jpg,ASD,1.4461313924130081e-07,99.0
51466,/content/drive/MyDrive/ASD_XAI_Project/slices/ASD/51466/slice_117.jpg,ASD,1.3525401243441593e-07,103.0
51466,/content/drive/MyDrive/ASD_XAI_Project/slices/ASD/51466/slice_118.jpg,ASD,1.3191210257446073e-07,105.0
51466,/content/drive/MyDrive/ASD_XAI_Project/slices/ASD/51466/slice_119.jpg,ASD,1.397838360617243e-07,100.0
51466,/content/drive/MyDrive/ASD_XAI_Project/slices/ASD/51466/slice_120.jpg,ASD,1.5028346922463243e-07,96.0
51466,/content/drive/MyDrive/ASD_XAI_Project/slices/ASD/51466/slice_121.jpg,ASD,1.5419665544413874e-07,93.0
51466,/content/drive/MyDrive/ASD_XAI_Project/slices/ASD/51466/slice_122.jpg,ASD,1.852536115620751e-07,84.0
51466,/content/drive/MyDrive/ASD_XAI_Project/slices/ASD/51466/slice_123.jpg,ASD,2.2481867745227646e-07,82.0
51466,/content/drive/MyDrive/ASD_XAI_Project/slices/ASD/51466/slice_124.jpg,ASD,2.2815453348812298e-07,81.0
51466,/content/drive/MyDrive/ASD_XAI_Project/slices/ASD/51466/slice_125.jpg,ASD,2.5948875759240764e-07,76.0
51466,/content/drive/MyDrive/ASD_XAI_Project/slices/ASD/51466/slice_126.jpg,ASD,2.672063317277207e-07,73.0
51466,/content/drive/MyDrive/ASD_XAI_Project/slices/ASD/51466/slice_127.jpg,ASD,2.4716993607398763e-07,78.0
51466,/content/drive/MyDrive/ASD_XAI_Project/slices/ASD/51466/slice_128.jpg,ASD,2.643543552949268e-07,75.0
51466,/content/drive/MyDrive/ASD_XAI_Project/slices/ASD/51466/slice_129.jpg,ASD,2.8523498940558056e-07,70.0
51466,/content/drive/MyDrive/ASD_XAI_Project/slices/ASD/51466/slice_130.jpg,ASD,3.1694793278802535e-07,66.0
51466,/content/drive/MyDrive/ASD_XAI_Project/slices/ASD/51466/slice_131.jpg,ASD,3.766682254990883e-07,61.0
51466,/content/drive/MyDrive/ASD_XAI_Project/slices/ASD/51466/slice_132.jpg,ASD,3.753171711196046e-07,62.0
51466,/content/drive/MyDrive/ASD_XAI_Project/slices/ASD/51466/slice_133.jpg,ASD,3.8263027590801357e-07,60.0
51466,/content/drive/MyDrive/ASD_XAI_Project/slices/ASD/51466/slice_134.jpg,ASD,3.965519965731801e-07,58.0
51466,/content/drive/MyDrive/ASD_XAI_Project/slices/ASD/51466/slice_135.jpg,ASD,4.835639515476942e-07,50.0
51466,/content/drive/MyDrive/ASD_XAI_Project/slices/ASD/51466/slice_136.jpg,ASD,5.671291205544549e-07,43.0
51466,/content/drive/MyDrive/ASD_XAI_Project/slices/ASD/51466/slice_137.jpg,ASD,6.464607622547192e-07,33.0
51466,/content/drive/MyDrive/ASD_XAI_Project/slices/ASD/51466/slice_138.jpg,ASD,5.949609658273403e-07,39.0
51466,/content/drive/MyDrive/ASD_XAI_Project/slices/ASD/51466/slice_139.jpg,ASD,5.744504392168892e-07,40.0
51466,/content/drive/MyDrive/ASD_XAI_Project/slices/ASD/51466/slice_140.jpg,ASD,6.195625701366225e-07,37.0
51466,/content/drive/MyDrive/ASD_XAI_Project/slices/ASD/51466/slice_141.jpg,ASD,6.822883733548224e-07,25.0
51466,/content/drive/MyDrive/ASD_XAI_Project/slices/ASD/51466/slice_142.jpg,ASD,7.67132235068857e-07,15.0
51466,/content/drive/MyDrive/ASD_XAI_Project/slices/ASD/51466/slice_143.jpg,ASD,6.912802064107382e-07,24.0
51466,/content/drive/MyDrive/ASD_XAI_Project/slices/ASD/51466/slice_144.jpg,ASD,6.670377388218185e-07,30.0
51466,/content/drive/MyDrive/ASD_XAI_Project/slices/ASD/51466/slice_145.jpg,ASD,7.465864086952934e-07,19.0
51466,/content/drive/MyDrive/ASD_XAI_Project/slices/ASD/51466/slice_146.jpg,ASD,7.785772027091298e-07,10.0
51466,/content/drive/MyDrive/ASD_XAI_Project/slices/ASD/51466/slice_147.jpg,ASD,8.132914217640064e-07,5.0
51466,/content/drive/MyDrive/ASD_XAI_Project/slices/ASD/51466/slice_148.jpg,ASD,7.761244660287048e-07,12.0
51466,/content/drive/MyDrive/ASD_XAI_Project/slices/ASD/51466/slice_149.jpg,ASD,7.203173595371481e-07,21.0
51466,/content/drive/MyDrive/ASD_XAI_Project/slices/ASD/51466/slice_150.jpg,ASD,8.039096996981243e-07,6.0
51466,/content/drive/MyDrive/ASD_XAI_Project/slices/ASD/51466/slice_151.jpg,ASD,7.984561420926184e-07,8.0
51466,/content/drive/MyDrive/ASD_XAI_Project/slices/ASD/51466/slice_152.jpg,ASD,7.690554184591747e-07,14.0
51466,/content/drive/MyDrive/ASD_XAI_Project/slices/ASD/51466/slice_153.jpg,ASD,7.989934260876908e-07,7.0
51466,/content/drive/MyDrive/ASD_XAI_Project/slices/ASD/51466/slice_154.jpg,ASD,8.270362741313875e-07,2.0
51466,/content/drive/MyDrive/ASD_XAI_Project/slices/ASD/51466/slice_155.jpg,ASD,8.25648783120414e-07,3.0
51466,/content/drive/MyDrive/ASD_XAI_Project/slices/ASD/51466/slice_156.jpg,ASD,6.934511134204513e-07,23.0
51466,/content/drive/MyDrive/ASD_XAI_Project/slices/ASD/51466/slice_157.jpg,ASD,5.986784685774182e-07,38.0
51466,/content/drive/MyDrive/ASD_XAI_Project/slices/ASD/51466/slice_158.jpg,ASD,5.712191750717466e-07,42.0
51466,/content/drive/MyDrive/ASD_XAI_Project/slices/ASD/51466/slice_159.jpg,ASD,5.395334596869361e-07,46.0
51466,/content/drive/MyDrive/ASD_XAI_Project/slices/ASD/51466/slice_160.jpg,ASD,5.383221264310123e-07,48.0
51466,/content/drive/MyDrive/ASD_XAI_Project/slices/ASD/51466/slice_161.jpg,ASD,4.7133673319876834e-07,52.0
51466,/content/drive/MyDrive/ASD_XAI_Project/slices/ASD/51466/slice_162.jpg,ASD,2.834229348991357e-07,71.0
51466,/content/drive/MyDrive/ASD_XAI_Project/slices/ASD/51466/slice_163.jpg,ASD,9.468898554132466e-08,143.0
51466,/content/drive/MyDrive/ASD_XAI_Project/slices/ASD/51466/slice_164.jpg,ASD,1.2626244050295554e-08,147.0
51466,/content/drive/MyDrive/ASD_XAI_Project/slices/ASD/51466/slice_165.jpg,ASD,2.386356223738062e-09,153.0
51466,/content/drive/MyDrive/ASD_XAI_Project/slices/ASD/51466/slice_166.jpg,ASD,1.6461146890023315e-09,156.0
51466,/content/drive/MyDrive/ASD_XAI_Project/slices/ASD/51466/slice_167.jpg,ASD,1.1775033170735583e-09,158.0
51466,/content/drive/MyDrive/ASD_XAI_Project/slices/ASD/51466/slice_168.jpg,ASD,7.255365197522678e-10,159.0
51466,/content/drive/MyDrive/ASD_XAI_Project/slices/ASD/51466/slice_169.jpg,ASD,5.03944497243225e-10,161.0
51466,/content/drive/MyDrive/ASD_XAI_Project/slices/ASD/51466/slice_170.jpg,ASD,2.405481924760977e-10,164.0
51466,/content/drive/MyDrive/ASD_XAI_Project/slices/ASD/51466/slice_171.jpg,ASD,1.6080251019623404e-10,167.0
51466,/content/drive/MyDrive/ASD_XAI_Project/slices/ASD/51466/slice_172.jpg,ASD,1.0350048595952899e-10,169.0
51466,/content/drive/MyDrive/ASD_XAI_Project/slices/ASD/51466/slice_173.jpg,ASD,7.878467322974814e-11,170.0
51466,/content/drive/MyDrive/ASD_XAI_Project/slices/ASD/51466/slice_174.jpg,ASD,7.258408457611054e-11,172.0
51466,/content/drive/MyDrive/ASD_XAI_Project/slices/ASD/51466/slice_175.jpg,ASD,6.681671188557559e-11,174.0
