SUB_ID,SLICE_PATH,LABEL,SHAP_SCORE,PERMUTATION_SCORE,SHAP_NORM,PERMUTATION_NORM,COMBINED_SCORE,SLICE_RANK
51487,/content/drive/MyDrive/ASD_XAI_Project/slices/Control/51487/slice_000.jpg,Control,0.0002954532049711,0.00426173210144043,0.7690040942576643,0.006120378515023261,0.38756223638634374,105.0
51487,/content/drive/MyDrive/ASD_XAI_Project/slices/Control/51487/slice_001.jpg,Control,0.0002829275425215,0.05893278121948242,0.7218162419991019,0.08463481969792894,0.4032255308485154,95.0
51487,/content/drive/MyDrive/ASD_XAI_Project/slices/Control/51487/slice_002.jpg,Control,0.0002449604008362,0.03699636459350586,0.5787828591553023,0.053131391087564726,0.3159571251214335,147.0
51487,/content/drive/MyDrive/ASD_XAI_Project/slices/Control/51487/slice_003.jpg,Control,0.0002135236527366,0.03733861446380615,0.4603513885019524,0.05362290456215583,0.2569871465320541,170.0
51487,/content/drive/MyDrive/ASD_XAI_Project/slices/Control/51487/slice_004.jpg,Control,0.0002644611771829,0.024345338344573975,0.652248015739075,0.034962940466093786,0.3436054781025844,130.0
51487,/content/drive/MyDrive/ASD_XAI_Project/slices/Control/51487/slice_005.jpg,Control,0.0002367033590418,0.09454458951950073,0.5476761556292651,0.13577781536555694,0.341726985497411,131.0
51487,/content/drive/MyDrive/ASD_XAI_Project/slices/Control/51487/slice_006.jpg,Control,0.0002210084385801,0.11872473359107971,0.4885487768629438,0.1705035162644565,0.32952614656370016,137.0
51487,/content/drive/MyDrive/ASD_XAI_Project/slices/Control/51487/slice_007.jpg,Control,0.0002691184495765,0.13597041368484497,0.6697933298109944,0.19527046252256836,0.43253189616678134,74.0
51487,/content/drive/MyDrive/ASD_XAI_Project/slices/Control/51487/slice_008.jpg,Control,0.0002310855345646,0.12748107314109802,0.526512159512388,0.18307871132049178,0.3547954354164399,125.0
51487,/content/drive/MyDrive/ASD_XAI_Project/slices/Control/51487/slice_009.jpg,Control,0.0001667081974149,0.32248935103416443,0.283983807304021,0.4631349058112266,0.37355935655762385,114.0
51487,/content/drive/MyDrive/ASD_XAI_Project/slices/Control/51487/slice_010.jpg,Control,0.0001934196074503,0.2770787179470062,0.3846135404969819,0.3979195763431192,0.39126655842005054,100.0
51487,/content/drive/MyDrive/ASD_XAI_Project/slices/Control/51487/slice_011.jpg,Control,0.0001896490169337,0.21610552072525024,0.3704086176882454,0.3103544649316863,0.34038154130996584,132.0
51487,/content/drive/MyDrive/ASD_XAI_Project/slices/Control/51487/slice_012.jpg,Control,0.0001895271161945,0.24972784519195557,0.3699493817720034,0.3586403138290423,0.3642948478005229,120.0
51487,/content/drive/MyDrive/ASD_XAI_Project/slices/Control/51487/slice_013.jpg,Control,0.0002125112973465,0.2838684022426605,0.45653754817427183,0.40767040931379517,0.4321039787440335,75.0
51487,/content/drive/MyDrive/ASD_XAI_Project/slices/Control/51487/slice_014.jpg,Control,0.0002106201757774,0.12037837505340576,0.44941313734452604,0.1728783515278348,0.3111457444361804,150.0
51487,/content/drive/MyDrive/ASD_XAI_Project/slices/Control/51487/slice_015.jpg,Control,0.0002072001501441,0.05295823514461517,0.4365288954967178,0.07605462681783802,0.2562917611572779,171.0
51487,/content/drive/MyDrive/ASD_XAI_Project/slices/Control/51487/slice_016.jpg,Control,0.0002886593717665,0.07110890746116638,0.7434097275870042,0.10212125471354745,0.42276549115027584,81.0
51487,/content/drive/MyDrive/ASD_XAI_Project/slices/Control/51487/slice_017.jpg,Control,0.0002561031426528,0.030547738075256348,0.6207608428917086,0.043870359597489667,0.33231560124459913,135.0
51487,/content/drive/MyDrive/ASD_XAI_Project/slices/Control/51487/slice_018.jpg,Control,0.0002427285098077,0.054432883858680725,0.5703746696057402,0.07817240618358533,0.3242735378946628,141.0
51487,/content/drive/MyDrive/ASD_XAI_Project/slices/Control/51487/slice_019.jpg,Control,0.0002599905471382,0.16040164232254028,0.635405838257378,0.23035675215565724,0.4328812952065176,73.0
51487,/content/drive/MyDrive/ASD_XAI_Project/slices/Control/51487/slice_020.jpg,Control,0.0002332984624098,0.011110067367553711,0.5348489091763939,0.01595544159001784,0.2754021753832059,163.0
51487,/content/drive/MyDrive/ASD_XAI_Project/slices/Control/51487/slice_021.jpg,Control,0.0002654502524143,0.0760231763124466,0.65597415286593,0.10917875733889024,0.3825764551024101,109.0
51487,/content/drive/MyDrive/ASD_XAI_Project/slices/Control/51487/slice_022.jpg,Control,0.0002585863586309,0.005164384841918945,0.6301158474012247,0.007416700364415041,0.31876627388281986,146.0
51487,/content/drive/MyDrive/ASD_XAI_Project/slices/Control/51487/slice_023.jpg,Control,0.0002205509876479,0.11796730756759644,0.48682542473757306,0.16941575808292283,0.32812059141024796,138.0
51487,/content/drive/MyDrive/ASD_XAI_Project/slices/Control/51487/slice_024.jpg,Control,0.0002621189304884,0.15028834342956543,0.6434240839575907,0.21583279434055874,0.42962843914907467,76.0
51487,/content/drive/MyDrive/ASD_XAI_Project/slices/Control/51487/slice_025.jpg,Control,0.0002293928425216,0.2313593327999115,0.520135291034116,0.33226084043154575,0.4261980657328309,78.0
51487,/content/drive/MyDrive/ASD_XAI_Project/slices/Control/51487/slice_026.jpg,Control,0.0002512241788264,0.0821128785610199,0.6023803520281388,0.11792432883843605,0.3601523404332874,122.0
51487,/content/drive/MyDrive/ASD_XAI_Project/slices/Control/51487/slice_027.jpg,Control,0.000232544622966,0.2811661660671234,0.532008974406968,0.40378966133677285,0.46789931787187045,59.0
51487,/content/drive/MyDrive/ASD_XAI_Project/slices/Control/51487/slice_028.jpg,Control,0.0002670046069308,0.44969442486763,0.6618298632187483,0.6458172477231336,0.653823555470941,3.0
51487,/content/drive/MyDrive/ASD_XAI_Project/slices/Control/51487/slice_029.jpg,Control,0.0003363136537113,0.33273372054100037,0.9229374152400363,0.4778470973655494,0.7003922563027929,1.0
51487,/content/drive/MyDrive/ASD_XAI_Project/slices/Control/51487/slice_030.jpg,Control,0.000226971996976,0.051607340574264526,0.5110152542770805,0.07411457382820004,0.2925649140526403,156.0
51487,/content/drive/MyDrive/ASD_XAI_Project/slices/Control/51487/slice_031.jpg,Control,0.0002007077341499,0.16246101260185242,0.41207005605663527,0.23331426457360563,0.32269216031512044,144.0
51487,/content/drive/MyDrive/ASD_XAI_Project/slices/Control/51487/slice_032.jpg,Control,0.0002520276961343,0.458303302526474,0.6054074379140109,0.6581806691225791,0.631794053518295,5.0
51487,/content/drive/MyDrive/ASD_XAI_Project/slices/Control/51487/slice_033.jpg,Control,0.0002218388879952,0.18258380889892578,0.49167732391309993,0.26221310832710454,0.37694521612010223,113.0
51487,/content/drive/MyDrive/ASD_XAI_Project/slices/Control/51487/slice_034.jpg,Control,0.0002472359970371,0.2570250332355499,0.5873556989360553,0.3691199854412031,0.4782378421886292,51.0
51487,/content/drive/MyDrive/ASD_XAI_Project/slices/Control/51487/slice_035.jpg,Control,0.0002584674437679,0.3026641607284546,0.6296678601583009,0.43466346135738526,0.5321656607578431,23.0
51487,/content/drive/MyDrive/ASD_XAI_Project/slices/Control/51487/slice_036.jpg,Control,0.0002239126744858,0.2680162191390991,0.49948988719492154,0.38490469843054664,0.4421972928127341,69.0
51487,/content/drive/MyDrive/ASD_XAI_Project/slices/Control/51487/slice_037.jpg,Control,0.0001800860430621,0.3925926387310028,0.3343820841598759,0.5638119651944774,0.44909702467717666,64.0
51487,/content/drive/MyDrive/ASD_XAI_Project/slices/Control/51487/slice_038.jpg,Control,0.0002294427972069,0.39976605772972107,0.5203234850173919,0.5741138890306039,0.5472186870239979,20.0
51487,/content/drive/MyDrive/ASD_XAI_Project/slices/Control/51487/slice_039.jpg,Control,0.0001840207570921,0.4101773500442505,0.34920530848628756,0.5890658025434068,0.4691355555148472,57.0
51487,/content/drive/MyDrive/ASD_XAI_Project/slices/Control/51487/slice_040.jpg,Control,0.0002279654514096,0.23314633965492249,0.5147578891458516,0.3348272050225795,0.42479254708421554,79.0
51487,/content/drive/MyDrive/ASD_XAI_Project/slices/Control/51487/slice_041.jpg,Control,0.0002295875068324,0.20836234092712402,0.5208686487128023,0.29923429356793585,0.41005147114036905,90.0
51487,/content/drive/MyDrive/ASD_XAI_Project/slices/Control/51487/slice_042.jpg,Control,0.0001955208482726,0.3024929463863373,0.3925295323162823,0.43441757622054045,0.41347355426841137,85.0
51487,/content/drive/MyDrive/ASD_XAI_Project/slices/Control/51487/slice_043.jpg,Control,0.0002102843801114,0.510979950428009,0.4481480963664515,0.7338309015600032,0.5909894989632274,11.0
51487,/content/drive/MyDrive/ASD_XAI_Project/slices/Control/51487/slice_044.jpg,Control,0.000210290695987,0.4777859151363373,0.448171890126334,0.6861601293034821,0.567166009714908,14.0
51487,/content/drive/MyDrive/ASD_XAI_Project/slices/Control/51487/slice_045.jpg,Control,0.0002100242613065,0.45812419056892395,0.4471681523687041,0.6579234420255491,0.5525457971971266,18.0
51487,/content/drive/MyDrive/ASD_XAI_Project/slices/Control/51487/slice_046.jpg,Control,0.0002357532435243,0.5355393886566162,0.544096791196545,0.7691013161467398,0.6565990536716424,2.0
51487,/content/drive/MyDrive/ASD_XAI_Project/slices/Control/51487/slice_047.jpg,Control,0.0001836538708984,0.5830764770507812,0.3478231403515735,0.837370500494595,0.5925968204230843,10.0
51487,/content/drive/MyDrive/ASD_XAI_Project/slices/Control/51487/slice_048.jpg,Control,0.0002180401114351,0.5003501176834106,0.4773662159934535,0.718565136748944,0.5979656763711987,9.0
51487,/content/drive/MyDrive/ASD_XAI_Project/slices/Control/51487/slice_049.jpg,Control,0.0002265611520094,0.43941131234169006,0.5094674805235483,0.6310494163641288,0.5702584484438386,13.0
51487,/content/drive/MyDrive/ASD_XAI_Project/slices/Control/51487/slice_050.jpg,Control,0.0001588130589929,0.5076242089271545,0.2542405001602034,0.7290116384775442,0.4916260693188738,39.0
51487,/content/drive/MyDrive/ASD_XAI_Project/slices/Control/51487/slice_051.jpg,Control,0.0001986023559781,0.39038902521133423,0.40413847762562993,0.5606473015037128,0.48239288956467136,49.0
51487,/content/drive/MyDrive/ASD_XAI_Project/slices/Control/51487/slice_052.jpg,Control,0.0002088219478472,0.26279717683792114,0.4426386841578039,0.37740950314168015,0.410024093649742,91.0
51487,/content/drive/MyDrive/ASD_XAI_Project/slices/Control/51487/slice_053.jpg,Control,0.0001830365023236,0.11092796921730042,0.3454973314601107,0.15930639077084585,0.25240186111547824,173.0
51487,/content/drive/MyDrive/ASD_XAI_Project/slices/Control/51487/slice_054.jpg,Control,0.0001761506322323,0.2052510678768158,0.31955623478379913,0.2947661176530206,0.3071611762184099,152.0
51487,/content/drive/MyDrive/ASD_XAI_Project/slices/Control/51487/slice_055.jpg,Control,0.0001595803317215,0.3761734962463379,0.2571310420620696,0.5402320299694819,0.3986815360157758,98.0
51487,/content/drive/MyDrive/ASD_XAI_Project/slices/Control/51487/slice_056.jpg,Control,0.0002046424759172,0.4828653335571289,0.4268933848776092,0.6934548072962444,0.5601740960869268,15.0
51487,/content/drive/MyDrive/ASD_XAI_Project/slices/Control/51487/slice_057.jpg,Control,0.0002145983221514,0.4151340126991272,0.46439998407735034,0.5961841879550266,0.5302920860161885,24.0
51487,/content/drive/MyDrive/ASD_XAI_Project/slices/Control/51487/slice_058.jpg,Control,0.000200381476728,0.2857836186885834,0.41084094844777036,0.41042089885847666,0.4106309236531235,87.0
51487,/content/drive/MyDrive/ASD_XAI_Project/slices/Control/51487/slice_059.jpg,Control,0.0001518715509367,0.49510952830314636,0.2280897989158116,0.7110389971687043,0.46956439804225797,56.0
51487,/content/drive/MyDrive/ASD_XAI_Project/slices/Control/51487/slice_060.jpg,Control,0.0001901846858329,0.4736175835132599,0.3724266398868049,0.6801738855175923,0.5263002627021987,27.0
51487,/content/drive/MyDrive/ASD_XAI_Project/slices/Control/51487/slice_061.jpg,Control,0.0002160930153031,0.5350170135498047,0.4700309325320212,0.768351120380227,0.6191910264561241,7.0
51487,/content/drive/MyDrive/ASD_XAI_Project/slices/Control/51487/slice_062.jpg,Control,0.0001996858301619,0.3110118508338928,0.4082202433539371,0.4466517848735744,0.42743601411375576,77.0
51487,/content/drive/MyDrive/ASD_XAI_Project/slices/Control/51487/slice_063.jpg,Control,0.0002146728454607,0.5248046517372131,0.4646807352889703,0.7536848958645416,0.6091828155767559,8.0
51487,/content/drive/MyDrive/ASD_XAI_Project/slices/Control/51487/slice_064.jpg,Control,0.0001989384698066,0.6051886081695557,0.4054047172153631,0.8691262770191172,0.6372654971172401,4.0
51487,/content/drive/MyDrive/ASD_XAI_Project/slices/Control/51487/slice_065.jpg,Control,0.0002017469051841,0.42741358280181885,0.4159849187978688,0.6138191812491461,0.5149020500235075,30.0
51487,/content/drive/MyDrive/ASD_XAI_Project/slices/Control/51487/slice_066.jpg,Control,0.0001919454139334,0.4806485176086426,0.3790598201922941,0.6902711832720383,0.5346655017321662,22.0
51487,/content/drive/MyDrive/ASD_XAI_Project/slices/Control/51487/slice_067.jpg,Control,0.0001520041777641,0.465271919965744,0.22858944315914448,0.6681884723911865,0.4483889577751655,65.0
51487,/content/drive/MyDrive/ASD_XAI_Project/slices/Control/51487/slice_068.jpg,Control,0.0001956033436243,0.4149933457374573,0.39284031655493645,0.5959821726641811,0.49441124460955876,38.0
51487,/content/drive/MyDrive/ASD_XAI_Project/slices/Control/51487/slice_069.jpg,Control,0.0001962321212264,0.36638903617858887,0.395209106605824,0.5261803256965847,0.46069471615120433,61.0
51487,/content/drive/MyDrive/ASD_XAI_Project/slices/Control/51487/slice_070.jpg,Control,0.0001979638457346,0.08128920197486877,0.40173302185376225,0.11674142659089609,0.2592372242223292,168.0
51487,/content/drive/MyDrive/ASD_XAI_Project/slices/Control/51487/slice_071.jpg,Control,0.0001731526432832,0.2349187135696411,0.3082619291794316,0.3373725548873833,0.32281724203340745,142.0
51487,/content/drive/MyDrive/ASD_XAI_Project/slices/Control/51487/slice_072.jpg,Control,0.0001987431162216,0.3848409056663513,0.40466876283815933,0.5526795102738471,0.4786741365560032,50.0
51487,/content/drive/MyDrive/ASD_XAI_Project/slices/Control/51487/slice_073.jpg,Control,0.0002472506647967,0.46965306997299194,0.5874109566979305,0.6744803499041797,0.6309456533010551,6.0
51487,/content/drive/MyDrive/ASD_XAI_Project/slices/Control/51487/slice_074.jpg,Control,0.0001908202050524,0.4154471755027771,0.37482082759207874,0.5966339287762564,0.48572737818416756,44.0
51487,/content/drive/MyDrive/ASD_XAI_Project/slices/Control/51487/slice_075.jpg,Control,0.0001551767949819,0.43759164214134216,0.240541624782185,0.6284361431377631,0.43448888395997404,71.0
51487,/content/drive/MyDrive/ASD_XAI_Project/slices/Control/51487/slice_076.jpg,Control,0.0001921487087272,0.4549156129360199,0.3798256914372977,0.6533155246011825,0.51657060801924,29.0
51487,/content/drive/MyDrive/ASD_XAI_Project/slices/Control/51487/slice_077.jpg,Control,0.0001799500799662,0.4444761574268341,0.33386987121243605,0.6383231652303608,0.48609651822139843,43.0
51487,/content/drive/MyDrive/ASD_XAI_Project/slices/Control/51487/slice_078.jpg,Control,0.0001456380126054,0.5214099884033203,0.20460622772673942,0.7488097361783022,0.4767079819525208,54.0
51487,/content/drive/MyDrive/ASD_XAI_Project/slices/Control/51487/slice_079.jpg,Control,0.0001993019945167,0.43246549367904663,0.4067742216532768,0.6210743549805843,0.5139242883169306,31.0
51487,/content/drive/MyDrive/ASD_XAI_Project/slices/Control/51487/slice_080.jpg,Control,0.0001876248175115,0.2870540916919708,0.3627828634687795,0.41224545645354965,0.38751415996116456,106.0
51487,/content/drive/MyDrive/ASD_XAI_Project/slices/Control/51487/slice_081.jpg,Control,0.0001990404242108,0.39267218112945557,0.40578880942460616,0.5639261979934745,0.48485750370904035,45.0
51487,/content/drive/MyDrive/ASD_XAI_Project/slices/Control/51487/slice_082.jpg,Control,0.0001951279879711,0.4024694859981537,0.3910495120826197,0.5779963490016164,0.48452293054211804,47.0
51487,/content/drive/MyDrive/ASD_XAI_Project/slices/Control/51487/slice_083.jpg,Control,0.0001302324641061,0.46952593326568604,0.14656899820118238,0.6742977657451231,0.41043338197315277,88.0
51487,/content/drive/MyDrive/ASD_XAI_Project/slices/Control/51487/slice_084.jpg,Control,0.0001640193112019,0.44781285524368286,0.27385398256463717,0.6431150792088259,0.4584845308867316,62.0
51487,/content/drive/MyDrive/ASD_XAI_Project/slices/Control/51487/slice_085.jpg,Control,0.0001631610471358,0.21629422903060913,0.27062064954828613,0.31062547358033754,0.29062306156431184,157.0
51487,/content/drive/MyDrive/ASD_XAI_Project/slices/Control/51487/slice_086.jpg,Control,0.0001475506521839,0.16450053453445435,0.21181170322292917,0.23624327229161696,0.22402748775727305,176.0
51487,/content/drive/MyDrive/ASD_XAI_Project/slices/Control/51487/slice_087.jpg,Control,0.000156124253735,0.5218777656555176,0.2441109804024773,0.749481522620063,0.49679625151127016,37.0
51487,/content/drive/MyDrive/ASD_XAI_Project/slices/Control/51487/slice_088.jpg,Control,0.0001365114125572,0.5453598499298096,0.170223642659456,0.7832047226381417,0.47671418264879883,53.0
51487,/content/drive/MyDrive/ASD_XAI_Project/slices/Control/51487/slice_089.jpg,Control,0.0001306446236527,0.4872833788394928,0.1481217243639841,0.6997996710232348,0.42396069769360945,80.0
51487,/content/drive/MyDrive/ASD_XAI_Project/slices/Control/51487/slice_090.jpg,Control,0.000180805474295,0.2553742527961731,0.33709239308484334,0.3667492589634013,0.35192082602412234,126.0
51487,/content/drive/MyDrive/ASD_XAI_Project/slices/Control/51487/slice_091.jpg,Control,0.0001656476818024,0.19233384728431702,0.2799885332622758,0.27621537877353436,0.2781019560179051,162.0
51487,/content/drive/MyDrive/ASD_XAI_Project/slices/Control/51487/slice_092.jpg,Control,0.0001804896980496,0.23373618721961975,0.3359027711487057,0.3356742996489385,0.33578853539882214,133.0
51487,/content/drive/MyDrive/ASD_XAI_Project/slices/Control/51487/slice_093.jpg,Control,0.0001364160230385,0.3074778616428375,0.16986428230358314,0.4415765358897284,0.30572040909665577,153.0
51487,/content/drive/MyDrive/ASD_XAI_Project/slices/Control/51487/slice_094.jpg,Control,0.000151067062773,0.4196120500564575,0.2250590555307661,0.6026152077795746,0.41383713165517033,84.0
51487,/content/drive/MyDrive/ASD_XAI_Project/slices/Control/51487/slice_095.jpg,Control,0.0001389749091226,0.37218746542930603,0.1795043583449791,0.534507592864546,0.35700597560476255,124.0
51487,/content/drive/MyDrive/ASD_XAI_Project/slices/Control/51487/slice_096.jpg,Control,0.0001531218596748,0.30521970987319946,0.23280007944975148,0.4383335484739114,0.33556681396183147,134.0
51487,/content/drive/MyDrive/ASD_XAI_Project/slices/Control/51487/slice_097.jpg,Control,0.0001473655996158,0.38332778215408325,0.2111145558042831,0.5505064763020656,0.38081051605317434,110.0
51487,/content/drive/MyDrive/ASD_XAI_Project/slices/Control/51487/slice_098.jpg,Control,0.0001323504390437,0.33203619718551636,0.1545480323516674,0.4768453668820241,0.31569669961684577,148.0
51487,/content/drive/MyDrive/ASD_XAI_Project/slices/Control/51487/slice_099.jpg,Control,0.0001450874694369,0.42214497923851013,0.2025321697835631,0.6062528098101364,0.4043924897968497,93.0
51487,/content/drive/MyDrive/ASD_XAI_Project/slices/Control/51487/slice_100.jpg,Control,0.0001480755178752,0.36092761158943176,0.21378902656181925,0.5183370392296575,0.3660630328957384,119.0
51487,/content/drive/MyDrive/ASD_XAI_Project/slices/Control/51487/slice_101.jpg,Control,0.0001280638033675,0.47053906321525574,0.13839901573967436,0.6757527466375582,0.4070758811886163,92.0
51487,/content/drive/MyDrive/ASD_XAI_Project/slices/Control/51487/slice_102.jpg,Control,0.0001693813468348,0.4521806240081787,0.29405434691810195,0.649387739589279,0.47172104325369046,55.0
51487,/content/drive/MyDrive/ASD_XAI_Project/slices/Control/51487/slice_103.jpg,Control,0.0001645414501459,0.4999108910560608,0.27582103344494413,0.7179343525632488,0.49687769300409645,36.0
51487,/content/drive/MyDrive/ASD_XAI_Project/slices/Control/51487/slice_104.jpg,Control,0.0001282126427837,0.5826596617698669,0.13895973757056804,0.836771901795916,0.487865819683242,40.0
51487,/content/drive/MyDrive/ASD_XAI_Project/slices/Control/51487/slice_105.jpg,Control,0.0001363155206504,0.5831777453422546,0.16948566026579645,0.8375159343840639,0.5035007973249301,33.0
51487,/content/drive/MyDrive/ASD_XAI_Project/slices/Control/51487/slice_106.jpg,Control,0.0001584645081381,0.44145724177360535,0.252927406636641,0.6339876260498375,0.44345751634323927,67.0
51487,/content/drive/MyDrive/ASD_XAI_Project/slices/Control/51487/slice_107.jpg,Control,0.0001780657100318,0.43711066246032715,0.3267708957751901,0.6277453963625607,0.4772581460688754,52.0
51487,/content/drive/MyDrive/ASD_XAI_Project/slices/Control/51487/slice_108.jpg,Control,0.0001618484957918,0.51915442943573,0.26567588282224147,0.7455704723494139,0.5056231775858276,32.0
51487,/content/drive/MyDrive/ASD_XAI_Project/slices/Control/51487/slice_109.jpg,Control,0.0002205608241202,0.2702972888946533,0.4868624816200737,0.3881805989308255,0.4375215402754496,70.0
51487,/content/drive/MyDrive/ASD_XAI_Project/slices/Control/51487/slice_110.jpg,Control,0.0001943270712718,0.353481262922287,0.3880322234537703,0.5076431543694709,0.4478376889116206,66.0
51487,/content/drive/MyDrive/ASD_XAI_Project/slices/Control/51487/slice_111.jpg,Control,0.0001783568283498,0.3106377422809601,0.32786762405082587,0.44611451835959476,0.3869910712052103,107.0
51487,/content/drive/MyDrive/ASD_XAI_Project/slices/Control/51487/slice_112.jpg,Control,0.0001589060828576,0.3089074492454529,0.25459094840209456,0.44362960188264555,0.34911027514237003,127.0
51487,/content/drive/MyDrive/ASD_XAI_Project/slices/Control/51487/slice_113.jpg,Control,0.0001659122102562,0.36738550662994385,0.28098508970360797,0.5276113814730065,0.40429823558830724,94.0
51487,/content/drive/MyDrive/ASD_XAI_Project/slices/Control/51487/slice_114.jpg,Control,0.000148600951447,0.4529850482940674,0.21576848927347633,0.6505429931338769,0.4331557412036766,72.0
51487,/content/drive/MyDrive/ASD_XAI_Project/slices/Control/51487/slice_115.jpg,Control,0.0001579429986179,0.39811331033706665,0.25096272698080235,0.5717403377627183,0.4113515323717603,86.0
51487,/content/drive/MyDrive/ASD_XAI_Project/slices/Control/51487/slice_116.jpg,Control,0.000223228856008,0.33271411061286926,0.49691374198647936,0.47781893506441037,0.48736633852544486,41.0
51487,/content/drive/MyDrive/ASD_XAI_Project/slices/Control/51487/slice_117.jpg,Control,0.0001856290584601,0.36944928765296936,0.3552642524859202,0.5305752282687187,0.44291974037731946,68.0
51487,/content/drive/MyDrive/ASD_XAI_Project/slices/Control/51487/slice_118.jpg,Control,0.000192355322807,0.5105822086334229,0.38060406740833885,0.7332596947651675,0.5569318810867532,16.0
51487,/content/drive/MyDrive/ASD_XAI_Project/slices/Control/51487/slice_119.jpg,Control,0.0002062230276595,0.45501530170440674,0.43284778788046574,0.6534586900986142,0.5431532389895399,21.0
51487,/content/drive/MyDrive/ASD_XAI_Project/slices/Control/51487/slice_120.jpg,Control,0.0002103262212723,0.38450902700424194,0.44830572431841176,0.552202891146971,0.5002543077326913,35.0
51487,/content/drive/MyDrive/ASD_XAI_Project/slices/Control/51487/slice_121.jpg,Control,0.0002044255384303,0.5221844911575317,0.42607611759754543,0.7499220186737456,0.5879990681356455,12.0
51487,/content/drive/MyDrive/ASD_XAI_Project/slices/Control/51487/slice_122.jpg,Control,0.0002556884684852,0.246873676776886,0.6191986434124488,0.35454137221796694,0.48687000781520784,42.0
51487,/content/drive/MyDrive/ASD_XAI_Project/slices/Control/51487/slice_123.jpg,Control,0.0002325055149511,0.2756715416908264,0.5318616430193746,0.39589869583721815,0.46388016942829635,60.0
51487,/content/drive/MyDrive/ASD_XAI_Project/slices/Control/51487/slice_124.jpg,Control,0.0002187385208964,0.020169943571090698,0.47999732972563447,0.028966553115811942,0.2544819414207232,172.0
51487,/content/drive/MyDrive/ASD_XAI_Project/slices/Control/51487/slice_125.jpg,Control,0.0001945403287391,0.06070566177368164,0.38883562701829066,0.08718089716017861,0.23800826208923465,174.0
51487,/content/drive/MyDrive/ASD_XAI_Project/slices/Control/51487/slice_126.jpg,Control,0.00028886968989,0.01489374041557312,0.744202057779435,0.021389267715114613,0.38279566274727483,108.0
51487,/content/drive/MyDrive/ASD_XAI_Project/slices/Control/51487/slice_127.jpg,Control,0.0001952103288775,0.25611189007759094,0.39135971448043083,0.3678085980446974,0.37958415626256414,112.0
51487,/content/drive/MyDrive/ASD_XAI_Project/slices/Control/51487/slice_128.jpg,Control,0.0002295929011915,0.3742793798446655,0.5208889708491574,0.5375118427184273,0.5292004067837923,25.0
51487,/content/drive/MyDrive/ASD_XAI_Project/slices/Control/51487/slice_129.jpg,Control,0.0002964498660359,0.23405593633651733,0.7727588094487275,0.3361334992369643,0.5544461543428459,17.0
51487,/content/drive/MyDrive/ASD_XAI_Project/slices/Control/51487/slice_130.jpg,Control,0.0002635230489059,0.1335788071155548,0.6487138107648647,0.19183581737954666,0.4202748140722057,82.0
51487,/content/drive/MyDrive/ASD_XAI_Project/slices/Control/51487/slice_131.jpg,Control,0.0002355889927336,0.002735614776611328,0.5434780101878685,0.003928683808748358,0.2737033469983084,165.0
51487,/content/drive/MyDrive/ASD_XAI_Project/slices/Control/51487/slice_132.jpg,Control,0.0002416086220439,0.06109464168548584,0.5661557232181138,0.08773952079918619,0.32694762200865,139.0
51487,/content/drive/MyDrive/ASD_XAI_Project/slices/Control/51487/slice_133.jpg,Control,0.000235230236603,0.0185641348361969,0.5421264703906145,0.02666041161129108,0.28439344100095276,160.0
51487,/content/drive/MyDrive/ASD_XAI_Project/slices/Control/51487/slice_134.jpg,Control,0.0002523008976373,0.08980695903301239,0.6064366682810478,0.12897398744971444,0.3677053278653811,117.0
51487,/content/drive/MyDrive/ASD_XAI_Project/slices/Control/51487/slice_135.jpg,Control,0.000243868126735,0.16050797700881958,0.5746679415514891,0.23050946201958453,0.40258870178553685,96.0
51487,/content/drive/MyDrive/ASD_XAI_Project/slices/Control/51487/slice_136.jpg,Control,0.0002385108257413,0.17288407683372498,0.5544854139755973,0.24828308402706184,0.4013842490013295,97.0
51487,/content/drive/MyDrive/ASD_XAI_Project/slices/Control/51487/slice_137.jpg,Control,0.0002299864694043,0.08574321866035461,0.5223716579927716,0.12313794973654124,0.32275480386465644,143.0
51487,/content/drive/MyDrive/ASD_XAI_Project/slices/Control/51487/slice_138.jpg,Control,0.0001968827415448,0.11972929537296295,0.3976601845894924,0.1719461922000869,0.2848031883947897,159.0
51487,/content/drive/MyDrive/ASD_XAI_Project/slices/Control/51487/slice_139.jpg,Control,0.0002091654573144,0.06821998953819275,0.44393278529240454,0.09797240847765729,0.2709525968850309,166.0
51487,/content/drive/MyDrive/ASD_XAI_Project/slices/Control/51487/slice_140.jpg,Control,0.0002142365633426,0.12402018904685974,0.46303713230870525,0.17810845036809583,0.32057279133840055,145.0
51487,/content/drive/MyDrive/ASD_XAI_Project/slices/Control/51487/slice_141.jpg,Control,0.0002216540965923,0.07186639308929443,0.4909811603805295,0.10320909849478065,0.2970951294376551,155.0
51487,/content/drive/MyDrive/ASD_XAI_Project/slices/Control/51487/slice_142.jpg,Control,0.0001879181297561,0.1983446478843689,0.3638878569108034,0.2848476376708527,0.32436774729082807,140.0
51487,/content/drive/MyDrive/ASD_XAI_Project/slices/Control/51487/slice_143.jpg,Control,0.0001805632732633,0.13235881924629211,0.33617995060551586,0.1900837627299593,0.2631318566677376,167.0
51487,/content/drive/MyDrive/ASD_XAI_Project/slices/Control/51487/slice_144.jpg,Control,0.000269300825599,0.10429030656814575,0.6704803938956176,0.14977387983377224,0.41012713686469493,89.0
51487,/content/drive/MyDrive/ASD_XAI_Project/slices/Control/51487/slice_145.jpg,Control,0.0002387877716352,0.09419326484203339,0.5555287505637859,0.13527326933671532,0.34540100995025064,129.0
51487,/content/drive/MyDrive/ASD_XAI_Project/slices/Control/51487/slice_146.jpg,Control,0.0002182097172147,0.18354541063308716,0.4780051708193692,0.2635940882793125,0.37079962954934087,116.0
51487,/content/drive/MyDrive/ASD_XAI_Project/slices/Control/51487/slice_147.jpg,Control,0.000213192880562,0.18119823932647705,0.4591052724925939,0.2602232577122761,0.359664265102435,123.0
51487,/content/drive/MyDrive/ASD_XAI_Project/slices/Control/51487/slice_148.jpg,Control,0.0002396669172587,0.1598687767982483,0.5588407505448171,0.22959149084203054,0.3942161206934238,99.0
51487,/content/drive/MyDrive/ASD_XAI_Project/slices/Control/51487/slice_149.jpg,Control,0.0002038255190644,0.2346903383731842,0.42381566827566,0.33704457963870765,0.3804301239571838,111.0
51487,/content/drive/MyDrive/ASD_XAI_Project/slices/Control/51487/slice_150.jpg,Control,0.0002168876263162,0.2150043547153473,0.47302446578745294,0.30877305328307375,0.3908987595352633,101.0
51487,/content/drive/MyDrive/ASD_XAI_Project/slices/Control/51487/slice_151.jpg,Control,0.0002288514097313,0.2661744952201843,0.5180955545635364,0.38225975331536194,0.4501776539394492,63.0
51487,/content/drive/MyDrive/ASD_XAI_Project/slices/Control/51487/slice_152.jpg,Control,0.0002083678204768,0.23505768179893494,0.44092785286666614,0.3375721305867928,0.38924999172672947,103.0
51487,/content/drive/MyDrive/ASD_XAI_Project/slices/Control/51487/slice_153.jpg,Control,0.0002056893517247,0.12085467576980591,0.4308372737646159,0.17356237872662572,0.3021998262456208,154.0
51487,/content/drive/MyDrive/ASD_XAI_Project/slices/Control/51487/slice_154.jpg,Control,0.0002233402268974,0.1584317684173584,0.49733330886336574,0.2275277676865243,0.36243053827494504,121.0
51487,/content/drive/MyDrive/ASD_XAI_Project/slices/Control/51487/slice_155.jpg,Control,0.0001769945722932,0.13364869356155396,0.3227356050621435,0.1919361830272231,0.25733589404468327,169.0
51487,/content/drive/MyDrive/ASD_XAI_Project/slices/Control/51487/slice_156.jpg,Control,0.0002097804506771,0.08990812301635742,0.44624964606171347,0.12911927153970917,0.2876844588007113,158.0
51487,/content/drive/MyDrive/ASD_XAI_Project/slices/Control/51487/slice_157.jpg,Control,0.0002362060783852,0.011875629425048828,0.5458027532244741,0.01705488413053475,0.28142881867750447,161.0
51487,/content/drive/MyDrive/ASD_XAI_Project/slices/Control/51487/slice_158.jpg,Control,0.0001940113240572,0.46265166997909546,0.3868427108851897,0.6644254668008414,0.5256340888430155,28.0
51487,/content/drive/MyDrive/ASD_XAI_Project/slices/Control/51487/slice_159.jpg,Control,0.0001877524473463,0.4189538359642029,0.3632636825721651,0.6016699302978766,0.4824668064350209,48.0
51487,/content/drive/MyDrive/ASD_XAI_Project/slices/Control/51487/slice_160.jpg,Control,0.0002347160756178,0.38806354999542236,0.5401894748261594,0.5573076292272984,0.5487485520267289,19.0
51487,/content/drive/MyDrive/ASD_XAI_Project/slices/Control/51487/slice_161.jpg,Control,0.0002826656449428,0.23170512914657593,0.7208295968375946,0.3327574470882577,0.5267935219629262,26.0
51487,/content/drive/MyDrive/ASD_XAI_Project/slices/Control/51487/slice_162.jpg,Control,0.0002146853069163,0.37674379348754883,0.46472768125515335,0.5410510478944015,0.5028893645747774,34.0
51487,/content/drive/MyDrive/ASD_XAI_Project/slices/Control/51487/slice_163.jpg,Control,0.0002006070588509,0.03458017110824585,0.4116907826126626,0.049661436068494824,0.23067610934057872,175.0
51487,/content/drive/MyDrive/ASD_XAI_Project/slices/Control/51487/slice_164.jpg,Control,0.0002625324290649,0.012251704931259155,0.6449818546396219,0.017594975434598235,0.33128841503711004,136.0
51487,/content/drive/MyDrive/ASD_XAI_Project/slices/Control/51487/slice_165.jpg,Control,0.0002684603446955,0.05539405345916748,0.6673140552799888,0.07955276553797186,0.3734334104089803,115.0
51487,/content/drive/MyDrive/ASD_XAI_Project/slices/Control/51487/slice_166.jpg,Control,0.0002528735845832,0.007590562105178833,0.6085941483426632,0.010900993333153003,0.3097475708379081,151.0
51487,/content/drive/MyDrive/ASD_XAI_Project/slices/Control/51487/slice_167.jpg,Control,0.000228256467932,0.023789197206497192,0.5158542339275403,0.03416425246980813,0.2750092431986742,164.0
51487,/content/drive/MyDrive/ASD_XAI_Project/slices/Control/51487/slice_168.jpg,Control,0.0002645497491242,0.08590739965438843,0.6525816922769138,0.12337373410884378,0.38797771319287877,104.0
51487,/content/drive/MyDrive/ASD_XAI_Project/slices/Control/51487/slice_169.jpg,Control,0.0002657400563828,0.1947633922100067,0.6570659296006575,0.2797045081252947,0.46838521886297607,58.0
51487,/content/drive/MyDrive/ASD_XAI_Project/slices/Control/51487/slice_170.jpg,Control,0.0002659955863297,0.0848737359046936,0.6580285860214634,0.12188926411992723,0.3899589250706953,102.0
51487,/content/drive/MyDrive/ASD_XAI_Project/slices/Control/51487/slice_171.jpg,Control,0.0002907610134658,0.05990216135978699,0.751327229627798,0.08602697041092307,0.41867710001936054,83.0
51487,/content/drive/MyDrive/ASD_XAI_Project/slices/Control/51487/slice_172.jpg,Control,0.0002722141786237,0.20056629180908203,0.6814558510947671,0.28803819527071933,0.4847470231827432,46.0
51487,/content/drive/MyDrive/ASD_XAI_Project/slices/Control/51487/slice_173.jpg,Control,0.0002358466051664,0.1031336784362793,0.5444485119451885,0.14811281766476486,0.34628066480497666,128.0
51487,/content/drive/MyDrive/ASD_XAI_Project/slices/Control/51487/slice_174.jpg,Control,0.0002182342600895,0.10110324621200562,0.4780976310429082,0.14519686390092895,0.3116472474719186,149.0
51487,/content/drive/MyDrive/ASD_XAI_Project/slices/Control/51487/slice_175.jpg,Control,0.0002559431129031,0.07857176661491394,0.6201579637852181,0.11283885069049854,0.3664984072378583,118.0
51460,/content/drive/MyDrive/ASD_XAI_Project/slices/ASD/51460/slice_000.jpg,ASD,0.0001979808654699,0.01987960934638977,0.4017971401994424,0.028549596979494763,0.2151733685894686,175.0
51460,/content/drive/MyDrive/ASD_XAI_Project/slices/ASD/51460/slice_001.jpg,ASD,0.0002290237336148,0.04065147042274475,0.5187447492858068,0.05838057866081667,0.28856266397331176,150.0
51460,/content/drive/MyDrive/ASD_XAI_Project/slices/ASD/51460/slice_002.jpg,ASD,0.0002304478618571,0.0460030734539032,0.5241098589848188,0.06606614768139518,0.295088003333107,146.0
51460,/content/drive/MyDrive/ASD_XAI_Project/slices/ASD/51460/slice_003.jpg,ASD,0.0002366207559386,0.027609705924987793,0.5473649654590378,0.03965097920920258,0.2935079723341202,148.0
51460,/content/drive/MyDrive/ASD_XAI_Project/slices/ASD/51460/slice_004.jpg,ASD,0.0002840610387221,0.010357499122619629,0.726086455368237,0.014874659783994295,0.37048055757611564,79.0
51460,/content/drive/MyDrive/ASD_XAI_Project/slices/ASD/51460/slice_005.jpg,ASD,0.0002275447945982,0.12782669067382812,0.5131731512888503,0.18357506117810524,0.34837410623347775,98.0
51460,/content/drive/MyDrive/ASD_XAI_Project/slices/ASD/51460/slice_006.jpg,ASD,0.0002358075704219,0.16248488426208496,0.5443014565887291,0.23334854725325974,0.3888250019209944,71.0
51460,/content/drive/MyDrive/ASD_XAI_Project/slices/ASD/51460/slice_007.jpg,ASD,0.0002408550801682,0.15055015683174133,0.5633169094751882,0.21620879102066,0.3897628502479241,69.0
51460,/content/drive/MyDrive/ASD_XAI_Project/slices/ASD/51460/slice_008.jpg,ASD,0.0002587420339772,0.29026666283607483,0.6307023221901682,0.41685910905778356,0.5237807156239759,8.0
51460,/content/drive/MyDrive/ASD_XAI_Project/slices/ASD/51460/slice_009.jpg,ASD,0.0003033294853841,0.02820923924446106,0.7986763577384292,0.04051198378673212,0.41959417076258065,44.0
51460,/content/drive/MyDrive/ASD_XAI_Project/slices/ASD/51460/slice_010.jpg,ASD,0.0002414810627433,0.005398929119110107,0.5656751698377924,0.007753535181990097,0.28671435250989125,151.0
51460,/content/drive/MyDrive/ASD_XAI_Project/slices/ASD/51460/slice_011.jpg,ASD,0.0002603707094794,0.011887609958648682,0.6368380215421339,0.01707208967013642,0.32695505560613514,115.0
51460,/content/drive/MyDrive/ASD_XAI_Project/slices/ASD/51460/slice_012.jpg,ASD,0.0002462761443113,0.004947394132614136,0.5837396515775002,0.00710507465834592,0.295422363117923,145.0
51460,/content/drive/MyDrive/ASD_XAI_Project/slices/ASD/51460/slice_013.jpg,ASD,0.0002500004912685,0.018649756908416748,0.5977703613050797,0.026783375579638367,0.312276868442359,131.0
51460,/content/drive/MyDrive/ASD_XAI_Project/slices/ASD/51460/slice_014.jpg,ASD,0.0002389847605659,0.059126317501068115,0.5562708657689375,0.08491276192224055,0.320591813845589,125.0
51460,/content/drive/MyDrive/ASD_XAI_Project/slices/ASD/51460/slice_015.jpg,ASD,0.000259234196764,0.03629001975059509,0.6325564440750687,0.05211699184851182,0.34233671796179027,102.0
51460,/content/drive/MyDrive/ASD_XAI_Project/slices/ASD/51460/slice_016.jpg,ASD,0.0002975175920832,0.17614826560020447,0.7767812473178096,0.2529708659710721,0.5148760566444408,10.0
51460,/content/drive/MyDrive/ASD_XAI_Project/slices/ASD/51460/slice_017.jpg,ASD,0.0002093759335901,0.03812341392040253,0.4447257112906603,0.05474997440568985,0.24973784284817507,168.0
51460,/content/drive/MyDrive/ASD_XAI_Project/slices/ASD/51460/slice_018.jpg,ASD,0.0002637357694392,0.015621721744537354,0.64951519154118,0.02243473964508995,0.33597496559313494,110.0
51460,/content/drive/MyDrive/ASD_XAI_Project/slices/ASD/51460/slice_019.jpg,ASD,0.0002405396811241,0.034696727991104126,0.5621287085672229,0.04982882628088822,0.30597876742405555,137.0
51460,/content/drive/MyDrive/ASD_XAI_Project/slices/ASD/51460/slice_020.jpg,ASD,0.0002333302159747,0.025584369897842407,0.5349685341890601,0.03674234421967485,0.28585543920436746,152.0
51460,/content/drive/MyDrive/ASD_XAI_Project/slices/ASD/51460/slice_021.jpg,ASD,0.0002122500459739,0.10850220918655396,0.45555333746109006,0.15582269700000445,0.3056880172305473,138.0
51460,/content/drive/MyDrive/ASD_XAI_Project/slices/ASD/51460/slice_022.jpg,ASD,0.0002152045641055,0.07171730697154999,0.4666838757180616,0.10299499224637922,0.2848394339822204,154.0
51460,/content/drive/MyDrive/ASD_XAI_Project/slices/ASD/51460/slice_023.jpg,ASD,0.0002074639313136,0.12965545058250427,0.437522636698434,0.1862013883586463,0.3118620125285402,132.0
51460,/content/drive/MyDrive/ASD_XAI_Project/slices/ASD/51460/slice_024.jpg,ASD,0.0002318554048614,0.1407281458377838,0.5294124872171964,0.20210315893707087,0.3657578230771336,85.0
51460,/content/drive/MyDrive/ASD_XAI_Project/slices/ASD/51460/slice_025.jpg,ASD,0.0002409427934469,0.10526509582996368,0.5636473511786162,0.151173798719497,0.3574105749490566,93.0
51460,/content/drive/MyDrive/ASD_XAI_Project/slices/ASD/51460/slice_026.jpg,ASD,0.0002294958241091,0.08355079591274261,0.5205232529447819,0.11998935738935983,0.3202563051670708,126.0
51460,/content/drive/MyDrive/ASD_XAI_Project/slices/ASD/51460/slice_027.jpg,ASD,0.0002114474003838,0.11493517458438873,0.4525295355924045,0.16506123716903304,0.3087953863807188,135.0
51460,/content/drive/MyDrive/ASD_XAI_Project/slices/ASD/51460/slice_028.jpg,ASD,0.0002250645639198,0.14409145712852478,0.5038293932808073,0.2069332931813676,0.3553813432310875,95.0
51460,/content/drive/MyDrive/ASD_XAI_Project/slices/ASD/51460/slice_029.jpg,ASD,0.0002130326968548,0.13212235271930695,0.45850181338294627,0.18974416732207502,0.32412299035251063,119.0
51460,/content/drive/MyDrive/ASD_XAI_Project/slices/ASD/51460/slice_030.jpg,ASD,0.0002079039835423,0.1519956886768341,0.4391804427935207,0.2182847549331963,0.3287325988633585,114.0
51460,/content/drive/MyDrive/ASD_XAI_Project/slices/ASD/51460/slice_031.jpg,ASD,0.0002700349684428,0.06080731749534607,0.6732461257831971,0.0873268874476943,0.3802865066154457,75.0
51460,/content/drive/MyDrive/ASD_XAI_Project/slices/ASD/51460/slice_032.jpg,ASD,0.0002645201452854,0.1228799968957901,0.6524701659143599,0.17647099231622856,0.4144705791152942,48.0
51460,/content/drive/MyDrive/ASD_XAI_Project/slices/ASD/51460/slice_033.jpg,ASD,0.0002535883474055,0.0265810489654541,0.6112868699926611,0.03817369959504494,0.324730284793853,118.0
51460,/content/drive/MyDrive/ASD_XAI_Project/slices/ASD/51460/slice_034.jpg,ASD,0.0002237618606761,0.0023245811462402344,0.4989217272433573,0.0033383882809217788,0.25113005776213954,167.0
51460,/content/drive/MyDrive/ASD_XAI_Project/slices/ASD/51460/slice_035.jpg,ASD,0.000195451660896,0.013585090637207031,0.3922688831315949,0.01950988351250492,0.20588938332204992,176.0
51460,/content/drive/MyDrive/ASD_XAI_Project/slices/ASD/51460/slice_036.jpg,ASD,0.0002486965584127,0.1230478584766388,0.5928580629574149,0.1767120624699759,0.3847850627136954,73.0
51460,/content/drive/MyDrive/ASD_XAI_Project/slices/ASD/51460/slice_037.jpg,ASD,0.0002435570916636,0.19944238662719727,0.5734961810114368,0.2864241273367434,0.4299601541740901,35.0
51460,/content/drive/MyDrive/ASD_XAI_Project/slices/ASD/51460/slice_038.jpg,ASD,0.0002509210689327,0.056531891226768494,0.6012384479620205,0.08118684240170844,0.3412126451818645,103.0
51460,/content/drive/MyDrive/ASD_XAI_Project/slices/ASD/51460/slice_039.jpg,ASD,0.0002308997791205,0.2092428058385849,0.5258123641532456,0.30049875092918477,0.4131555575412152,51.0
51460,/content/drive/MyDrive/ASD_XAI_Project/slices/ASD/51460/slice_040.jpg,ASD,0.0002253677054104,0.1656757891178131,0.5049714163817356,0.23793108436672145,0.37145125037422855,78.0
51460,/content/drive/MyDrive/ASD_XAI_Project/slices/ASD/51460/slice_041.jpg,ASD,0.0002370108054902,0.20398876070976257,0.5488343967716314,0.29295328721678054,0.420893841994206,43.0
51460,/content/drive/MyDrive/ASD_XAI_Project/slices/ASD/51460/slice_042.jpg,ASD,0.0002582485000508,0.1253032386302948,0.6288430348193597,0.17995106949976564,0.4043970521595627,59.0
51460,/content/drive/MyDrive/ASD_XAI_Project/slices/ASD/51460/slice_043.jpg,ASD,0.0002112295639757,0.0532904714345932,0.4517088818119502,0.0765317595429113,0.26412032067743074,164.0
51460,/content/drive/MyDrive/ASD_XAI_Project/slices/ASD/51460/slice_044.jpg,ASD,0.0002920348855643,0.13482266664505005,0.7561262802666121,0.1936221547087881,0.4748742174877001,16.0
51460,/content/drive/MyDrive/ASD_XAI_Project/slices/ASD/51460/slice_045.jpg,ASD,0.000267036317803,0.15048377215862274,0.6619493273954644,0.21611345435532983,0.4390313908753971,28.0
51460,/content/drive/MyDrive/ASD_XAI_Project/slices/ASD/51460/slice_046.jpg,ASD,0.0002230409226379,0.20974037051200867,0.4962057417399122,0.30121331582077615,0.39870952878034416,65.0
51460,/content/drive/MyDrive/ASD_XAI_Project/slices/ASD/51460/slice_047.jpg,ASD,0.0002265123900053,0.2114255130290985,0.5092837797209312,0.3036333905253459,0.40645858512313854,54.0
51460,/content/drive/MyDrive/ASD_XAI_Project/slices/ASD/51460/slice_048.jpg,ASD,0.0002233078801324,0.2294805496931076,0.4972114490915568,0.32956267370319026,0.4133870613973735,50.0
51460,/content/drive/MyDrive/ASD_XAI_Project/slices/ASD/51460/slice_049.jpg,ASD,0.0001998780302892,0.28450512886047363,0.4089443177290532,0.4085848281038194,0.4087645729164363,53.0
51460,/content/drive/MyDrive/ASD_XAI_Project/slices/ASD/51460/slice_050.jpg,ASD,0.0002031619799894,0.2707729935646057,0.42131592153852165,0.3888637701326213,0.4050898458355715,57.0
51460,/content/drive/MyDrive/ASD_XAI_Project/slices/ASD/51460/slice_051.jpg,ASD,0.0002708568489982,0.11025829613208771,0.6763423914201206,0.15834465674691695,0.4173435240835188,46.0
51460,/content/drive/MyDrive/ASD_XAI_Project/slices/ASD/51460/slice_052.jpg,ASD,0.0002347922027885,0.1839878410100937,0.5404762682551144,0.2642294734488564,0.4023528708519854,60.0
51460,/content/drive/MyDrive/ASD_XAI_Project/slices/ASD/51460/slice_053.jpg,ASD,0.0002369198619838,0.21446017920970917,0.5484917858509597,0.3079915494264649,0.4282416676387123,37.0
51460,/content/drive/MyDrive/ASD_XAI_Project/slices/ASD/51460/slice_054.jpg,ASD,0.0002489190448917,0.20463275909423828,0.593696234921798,0.29387814917014515,0.4437871920459716,26.0
51460,/content/drive/MyDrive/ASD_XAI_Project/slices/ASD/51460/slice_055.jpg,ASD,0.0002501704080387,0.19292664527893066,0.5984104877239986,0.27706671058501914,0.43773859915450886,29.0
51460,/content/drive/MyDrive/ASD_XAI_Project/slices/ASD/51460/slice_056.jpg,ASD,0.0002283220996536,0.22401419281959534,0.5161014879146884,0.32171230386112853,0.4189068958879084,45.0
51460,/content/drive/MyDrive/ASD_XAI_Project/slices/ASD/51460/slice_057.jpg,ASD,0.0002859376737171,0.20953571796417236,0.7331562910151441,0.30091940925250577,0.517037850133825,9.0
51460,/content/drive/MyDrive/ASD_XAI_Project/slices/ASD/51460/slice_058.jpg,ASD,0.0002259194269898,0.2711487412452698,0.5070499137451562,0.3894033906383375,0.44822665219174684,24.0
51460,/content/drive/MyDrive/ASD_XAI_Project/slices/ASD/51460/slice_059.jpg,ASD,0.0002403746680074,0.28993701934814453,0.5615070556524253,0.41638569991963903,0.48894637778603217,12.0
51460,/content/drive/MyDrive/ASD_XAI_Project/slices/ASD/51460/slice_060.jpg,ASD,0.0002113420167527,0.1848982870578766,0.45213252447743735,0.2655369874589592,0.35883475596819825,92.0
51460,/content/drive/MyDrive/ASD_XAI_Project/slices/ASD/51460/slice_061.jpg,ASD,0.0003021548780959,0.25995925068855286,0.7942512668180536,0.3733338874487215,0.5837925771333875,3.0
51460,/content/drive/MyDrive/ASD_XAI_Project/slices/ASD/51460/slice_062.jpg,ASD,0.0002050084031682,0.27300554513931274,0.42827194039329947,0.3920699924774984,0.41017096643539896,52.0
51460,/content/drive/MyDrive/ASD_XAI_Project/slices/ASD/51460/slice_063.jpg,ASD,0.0002506421017358,0.19540369510650635,0.6001874965312861,0.2806240628972896,0.44040577971428785,27.0
51460,/content/drive/MyDrive/ASD_XAI_Project/slices/ASD/51460/slice_064.jpg,ASD,0.0002537658610578,0.11532765626907349,0.6119556160994891,0.1656248897903869,0.388790252944938,72.0
51460,/content/drive/MyDrive/ASD_XAI_Project/slices/ASD/51460/slice_065.jpg,ASD,0.0002400090943532,0.12090413272380829,0.5601298322398173,0.17363340507729483,0.36688161865855606,84.0
51460,/content/drive/MyDrive/ASD_XAI_Project/slices/ASD/51460/slice_066.jpg,ASD,0.0003123692282461,0.18349066376686096,0.832731726254373,0.2635154649553118,0.5481235956048424,5.0
51460,/content/drive/MyDrive/ASD_XAI_Project/slices/ASD/51460/slice_067.jpg,ASD,0.0002692307462604,0.11190679669380188,0.6702163844278917,0.16071210903621244,0.41546424673205207,47.0
51460,/content/drive/MyDrive/ASD_XAI_Project/slices/ASD/51460/slice_068.jpg,ASD,0.0002584568468555,0.12580133974552155,0.6296279384744188,0.18066640478865262,0.4051471716315357,56.0
51460,/content/drive/MyDrive/ASD_XAI_Project/slices/ASD/51460/slice_069.jpg,ASD,0.0003075974441143,0.17623841762542725,0.8147550128049124,0.2531003355165822,0.5339276741607473,6.0
51460,/content/drive/MyDrive/ASD_XAI_Project/slices/ASD/51460/slice_070.jpg,ASD,0.000276374691637,0.12145131826400757,0.6971297265629424,0.17441923171872897,0.43577447914083567,30.0
51460,/content/drive/MyDrive/ASD_XAI_Project/slices/ASD/51460/slice_071.jpg,ASD,0.0002704787006274,0.2107970416545868,0.6749177953538507,0.3027308272937039,0.48882431132377724,13.0
51460,/content/drive/MyDrive/ASD_XAI_Project/slices/ASD/51460/slice_072.jpg,ASD,0.0002574199346546,0.19495630264282227,0.625721585422191,0.27998155155276144,0.4528515684874762,22.0
51460,/content/drive/MyDrive/ASD_XAI_Project/slices/ASD/51460/slice_073.jpg,ASD,0.0002640319558522,0.1901053637266159,0.6506310128204037,0.2730149986081489,0.46182300571427626,20.0
51460,/content/drive/MyDrive/ASD_XAI_Project/slices/ASD/51460/slice_074.jpg,ASD,0.0002931167531745,0.03494763374328613,0.7602019935599296,0.050189158215978996,0.4051955758879543,55.0
51460,/content/drive/MyDrive/ASD_XAI_Project/slices/ASD/51460/slice_075.jpg,ASD,0.0002395944630735,0.15509924292564392,0.5585677943318833,0.2227418456870249,0.3906548200094541,68.0
51460,/content/drive/MyDrive/ASD_XAI_Project/slices/ASD/51460/slice_076.jpg,ASD,0.0002393082630395,0.1357332319021225,0.5574895946777628,0.19492983991828994,0.3762097172980264,77.0
51460,/content/drive/MyDrive/ASD_XAI_Project/slices/ASD/51460/slice_077.jpg,ASD,0.0001991120853488,0.03629395365715027,0.40605877799562834,0.05212264142867953,0.22909070971215392,174.0
51460,/content/drive/MyDrive/ASD_XAI_Project/slices/ASD/51460/slice_078.jpg,ASD,0.000224578472555,0.11677241325378418,0.5019981442272231,0.16769974090682951,0.3348489425670263,111.0
51460,/content/drive/MyDrive/ASD_XAI_Project/slices/ASD/51460/slice_079.jpg,ASD,0.0002129106432672,0.14730657637119293,0.458042001641853,0.2115506051727556,0.33479630340730426,112.0
51460,/content/drive/MyDrive/ASD_XAI_Project/slices/ASD/51460/slice_080.jpg,ASD,0.0002149944132843,0.0718224048614502,0.4658921758025719,0.10314592591654166,0.2845190508595568,155.0
51460,/content/drive/MyDrive/ASD_XAI_Project/slices/ASD/51460/slice_081.jpg,ASD,0.0002048309545069,0.17147423326969147,0.42760343912667215,0.24625837293460764,0.3369309060306399,109.0
51460,/content/drive/MyDrive/ASD_XAI_Project/slices/ASD/51460/slice_082.jpg,ASD,0.000209810941534,0.17522616684436798,0.44636451408218125,0.25164661721971493,0.3490055656509481,97.0
51460,/content/drive/MyDrive/ASD_XAI_Project/slices/ASD/51460/slice_083.jpg,ASD,0.0002134684636145,0.11156244575977325,0.46014347485663326,0.16021757817221358,0.3101805265144234,134.0
51460,/content/drive/MyDrive/ASD_XAI_Project/slices/ASD/51460/slice_084.jpg,ASD,0.0002235884857651,0.14995859563350677,0.498268572991554,0.21535923540294005,0.356813904197247,94.0
51460,/content/drive/MyDrive/ASD_XAI_Project/slices/ASD/51460/slice_085.jpg,ASD,0.0001965341053522,0.12161482870578766,0.39634676957335324,0.174654053094412,0.2855004113338826,153.0
51460,/content/drive/MyDrive/ASD_XAI_Project/slices/ASD/51460/slice_086.jpg,ASD,0.0002198497508071,0.2132422924041748,0.4841836594357315,0.3062425121662853,0.3952130858010084,66.0
51460,/content/drive/MyDrive/ASD_XAI_Project/slices/ASD/51460/slice_087.jpg,ASD,0.0001916151643493,0.06138157844543457,0.37781567293496005,0.08815159775263125,0.23298363534379565,173.0
51460,/content/drive/MyDrive/ASD_XAI_Project/slices/ASD/51460/slice_088.jpg,ASD,0.0001978637809281,0.05895538628101349,0.40135604831448607,0.08466728338396841,0.24301166584922723,171.0
51460,/content/drive/MyDrive/ASD_XAI_Project/slices/ASD/51460/slice_089.jpg,ASD,0.0002182468800331,0.13887865841388702,0.4781451740799735,0.19944706446102492,0.3387961192704992,106.0
51460,/content/drive/MyDrive/ASD_XAI_Project/slices/ASD/51460/slice_090.jpg,ASD,0.0001910614111421,0.21133539080619812,0.3757295218324375,0.3035039637796855,0.3396167428060615,105.0
51460,/content/drive/MyDrive/ASD_XAI_Project/slices/ASD/51460/slice_091.jpg,ASD,0.0002202651189043,0.1333494335412979,0.48574847315176944,0.19150640833590418,0.3386274407438368,107.0
51460,/content/drive/MyDrive/ASD_XAI_Project/slices/ASD/51460/slice_092.jpg,ASD,0.0002279052075626,0.12362709641456604,0.5145309328660412,0.177543920349822,0.34603742660793163,100.0
51460,/content/drive/MyDrive/ASD_XAI_Project/slices/ASD/51460/slice_093.jpg,ASD,0.000205269043537,0.1746331751346588,0.4292538492755673,0.25079500720920667,0.340024428242387,104.0
51460,/content/drive/MyDrive/ASD_XAI_Project/slices/ASD/51460/slice_094.jpg,ASD,0.0002289619873811,0.19479109346866608,0.5185121330736836,0.2797442905856423,0.39912821182966296,64.0
51460,/content/drive/MyDrive/ASD_XAI_Project/slices/ASD/51460/slice_095.jpg,ASD,0.0002241346855167,0.024903923273086548,0.500326268006558,0.03576513805005939,0.2680457030283087,162.0
51460,/content/drive/MyDrive/ASD_XAI_Project/slices/ASD/51460/slice_096.jpg,ASD,0.0002819844669638,0.03539648652076721,0.7182633991642839,0.05083376675314519,0.3845485829587146,74.0
51460,/content/drive/MyDrive/ASD_XAI_Project/slices/ASD/51460/slice_097.jpg,ASD,0.0002204806237027,0.1253099888563156,0.4865603430731272,0.17996076366573524,0.3332605533694312,113.0
51460,/content/drive/MyDrive/ASD_XAI_Project/slices/ASD/51460/slice_098.jpg,ASD,0.0002484930926902,0.1030811071395874,0.5920915477737555,0.14803731872979634,0.3700644332517759,81.0
51460,/content/drive/MyDrive/ASD_XAI_Project/slices/ASD/51460/slice_099.jpg,ASD,0.0002641161132875,0.055286481976509094,0.6509480586165343,0.07939827948027971,0.36517316904840696,87.0
51460,/content/drive/MyDrive/ASD_XAI_Project/slices/ASD/51460/slice_100.jpg,ASD,0.0002419922828332,0.16276217997074127,0.5676010861852016,0.23374677845530892,0.4006739323202552,63.0
51460,/content/drive/MyDrive/ASD_XAI_Project/slices/ASD/51460/slice_101.jpg,ASD,0.0002814158912023,0.060211628675460815,0.7161214071427506,0.08647140405078323,0.40129640559676694,61.0
51460,/content/drive/MyDrive/ASD_XAI_Project/slices/ASD/51460/slice_102.jpg,ASD,0.0002407737176308,0.014920920133590698,0.5630103928809833,0.021428301178091545,0.29221934702953745,149.0
51460,/content/drive/MyDrive/ASD_XAI_Project/slices/ASD/51460/slice_103.jpg,ASD,0.0002808430093029,0.16013817489147186,0.713963192633996,0.22997838008389454,0.4719707863589453,17.0
51460,/content/drive/MyDrive/ASD_XAI_Project/slices/ASD/51460/slice_104.jpg,ASD,0.0002661528502214,0.14269514381885529,0.6586210453278678,0.2049280132207024,0.4317745292742851,33.0
51460,/content/drive/MyDrive/ASD_XAI_Project/slices/ASD/51460/slice_105.jpg,ASD,0.000220949662593,0.2593567967414856,0.4883273504428415,0.37246868848591597,0.4303980194643787,34.0
51460,/content/drive/MyDrive/ASD_XAI_Project/slices/ASD/51460/slice_106.jpg,ASD,0.0002258101884512,0.27034175395965576,0.5066383800605194,0.3882444563066606,0.44744141818359,25.0
51460,/content/drive/MyDrive/ASD_XAI_Project/slices/ASD/51460/slice_107.jpg,ASD,0.0002584048333151,0.21050530672073364,0.6294319881787983,0.30231185956444817,0.46587192387162324,18.0
51460,/content/drive/MyDrive/ASD_XAI_Project/slices/ASD/51460/slice_108.jpg,ASD,0.0001946628082283,0.17016099393367767,0.3892970432559012,0.24437239755513562,0.3168347204055184,128.0
51460,/content/drive/MyDrive/ASD_XAI_Project/slices/ASD/51460/slice_109.jpg,ASD,0.0002219467847653,0.23444262146949768,0.49208380276139574,0.3366888272875407,0.4143863150244682,49.0
51460,/content/drive/MyDrive/ASD_XAI_Project/slices/ASD/51460/slice_110.jpg,ASD,0.0002510296252381,0.174178346991539,0.6016474114736561,0.25014181730216456,0.4258946143879103,38.0
51460,/content/drive/MyDrive/ASD_XAI_Project/slices/ASD/51460/slice_111.jpg,ASD,0.0002514404154605,0.18336153030395508,0.6031949789896953,0.26333001320632166,0.4332624960980085,31.0
51460,/content/drive/MyDrive/ASD_XAI_Project/slices/ASD/51460/slice_112.jpg,ASD,0.0002004849073858,0.22015663981437683,0.4112306021382567,0.3161723769084881,0.3637014895233724,89.0
51460,/content/drive/MyDrive/ASD_XAI_Project/slices/ASD/51460/slice_113.jpg,ASD,0.0002156466048939,0.2756112813949585,0.46834917330205844,0.3958121545410127,0.43208066392153555,32.0
51460,/content/drive/MyDrive/ASD_XAI_Project/slices/ASD/51460/slice_114.jpg,ASD,0.0001924629226295,0.33157652616500854,0.3810094275677402,0.47618522199939667,0.42859732478356843,36.0
51460,/content/drive/MyDrive/ASD_XAI_Project/slices/ASD/51460/slice_115.jpg,ASD,0.000263554238922,0.2527920603752136,0.6488313127235509,0.3630409087811938,0.5059361107523723,11.0
51460,/content/drive/MyDrive/ASD_XAI_Project/slices/ASD/51460/slice_116.jpg,ASD,0.0002084780281223,0.23547235131263733,0.44134303746185577,0.33816764769628954,0.38975534257907263,70.0
51460,/content/drive/MyDrive/ASD_XAI_Project/slices/ASD/51460/slice_117.jpg,ASD,0.0001904905461289,0.33267709612846375,0.3735789055268445,0.47776577765101413,0.4256723415889293,39.0
51460,/content/drive/MyDrive/ASD_XAI_Project/slices/ASD/51460/slice_118.jpg,ASD,0.0001852181300494,0.26957643032073975,0.35371616437393566,0.3871453561649417,0.37043076026943866,80.0
51460,/content/drive/MyDrive/ASD_XAI_Project/slices/ASD/51460/slice_119.jpg,ASD,0.0001749882078856,0.20864015817642212,0.31517704058512536,0.29963327376735577,0.30740515717624056,136.0
51460,/content/drive/MyDrive/ASD_XAI_Project/slices/ASD/51460/slice_120.jpg,ASD,0.0001817798257028,0.26369065046310425,0.34076306124025546,0.3786926426373473,0.3597278519388014,90.0
51460,/content/drive/MyDrive/ASD_XAI_Project/slices/ASD/51460/slice_121.jpg,ASD,0.000194450196313,0.28797999024391174,0.38849607167551925,0.4135751621857507,0.40103561693063494,62.0
51460,/content/drive/MyDrive/ASD_XAI_Project/slices/ASD/51460/slice_122.jpg,ASD,0.000221985364799,0.3192722499370575,0.49222914508861326,0.4585147476298299,0.4753719463592216,15.0
51460,/content/drive/MyDrive/ASD_XAI_Project/slices/ASD/51460/slice_123.jpg,ASD,0.0001793270999352,0.2172963172197342,0.3315229223160284,0.31206459712843826,0.32179375972223334,123.0
51460,/content/drive/MyDrive/ASD_XAI_Project/slices/ASD/51460/slice_124.jpg,ASD,0.000188727090136,0.2289852499961853,0.3669354484488439,0.32885136160018025,0.34789340502451205,99.0
51460,/content/drive/MyDrive/ASD_XAI_Project/slices/ASD/51460/slice_125.jpg,ASD,0.0002336038874593,0.07980568706989288,0.535999535114931,0.11461091426984654,0.32530522469238876,116.0
51460,/content/drive/MyDrive/ASD_XAI_Project/slices/ASD/51460/slice_126.jpg,ASD,0.0002324253297528,0.0508052259683609,0.531559561807628,0.07296263727195812,0.3022610995397931,140.0
51460,/content/drive/MyDrive/ASD_XAI_Project/slices/ASD/51460/slice_127.jpg,ASD,0.0002087912385575,0.1384732723236084,0.4425229932367721,0.19886487950472698,0.3206939363707495,124.0
51460,/content/drive/MyDrive/ASD_XAI_Project/slices/ASD/51460/slice_128.jpg,ASD,0.000260540263068,0.08399493992328644,0.6374767797492117,0.12062720355026466,0.3790519916497382,76.0
51460,/content/drive/MyDrive/ASD_XAI_Project/slices/ASD/51460/slice_129.jpg,ASD,0.0002361224049579,0.03468960523605347,0.5454875308287495,0.04981859711679668,0.2976530639727731,144.0
51460,/content/drive/MyDrive/ASD_XAI_Project/slices/ASD/51460/slice_130.jpg,ASD,0.0002354444892034,0.21467024087905884,0.5429336229140332,0.3082932241674659,0.4256134235407496,40.0
51460,/content/drive/MyDrive/ASD_XAI_Project/slices/ASD/51460/slice_131.jpg,ASD,0.0002321905024014,0.14386817812919617,0.5306748981494208,0.2066126367070001,0.3686437674282105,82.0
51460,/content/drive/MyDrive/ASD_XAI_Project/slices/ASD/51460/slice_132.jpg,ASD,0.0002317821497328,0.08399918675422668,0.5291365136150441,0.1206333025288548,0.3248849080719495,117.0
51460,/content/drive/MyDrive/ASD_XAI_Project/slices/ASD/51460/slice_133.jpg,ASD,0.0002036849639579,0.045778363943099976,0.42328615587450785,0.0657434368142394,0.24451479634437362,169.0
51460,/content/drive/MyDrive/ASD_XAI_Project/slices/ASD/51460/slice_134.jpg,ASD,0.0002257498606112,0.0358065664768219,0.506411107354389,0.0514226926857796,0.2789169000200843,158.0
51460,/content/drive/MyDrive/ASD_XAI_Project/slices/ASD/51460/slice_135.jpg,ASD,0.0002281374038025,0.09163197875022888,0.5154056843538354,0.13159494324911122,0.3235003138014733,121.0
51460,/content/drive/MyDrive/ASD_XAI_Project/slices/ASD/51460/slice_136.jpg,ASD,0.0002225101302061,0.009570419788360596,0.4942060906274443,0.013744315751953985,0.25397520318969913,166.0
51460,/content/drive/MyDrive/ASD_XAI_Project/slices/ASD/51460/slice_137.jpg,ASD,0.0002284670283046,0.08847835659980774,0.5166474767435378,0.1270659487476935,0.32185671274561567,122.0
51460,/content/drive/MyDrive/ASD_XAI_Project/slices/ASD/51460/slice_138.jpg,ASD,0.000237712336828,0.05184786021709442,0.5514772715302367,0.07445999001565105,0.3129686307729439,130.0
51460,/content/drive/MyDrive/ASD_XAI_Project/slices/ASD/51460/slice_139.jpg,ASD,0.0001848024407599,0.13480080664157867,0.35215014063209205,0.19359076101899253,0.2728704508255423,161.0
51460,/content/drive/MyDrive/ASD_XAI_Project/slices/ASD/51460/slice_140.jpg,ASD,0.0002065233718343,0.11823996901512146,0.4339792726705285,0.16980733390833505,0.30189330328943176,142.0
51460,/content/drive/MyDrive/ASD_XAI_Project/slices/ASD/51460/slice_141.jpg,ASD,0.0002189223474531,0.019510537385940552,0.48068985839896133,0.0280195636401238,0.25435471101954255,165.0
51460,/content/drive/MyDrive/ASD_XAI_Project/slices/ASD/51460/slice_142.jpg,ASD,0.0002065192965043,0.09119030833244324,0.4339639197045102,0.13096064947573607,0.2824622845901231,156.0
51460,/content/drive/MyDrive/ASD_XAI_Project/slices/ASD/51460/slice_143.jpg,ASD,0.0002141822668363,0.11530832946300507,0.46283258140948147,0.1655971340878205,0.314214857748651,129.0
51460,/content/drive/MyDrive/ASD_XAI_Project/slices/ASD/51460/slice_144.jpg,ASD,0.0002086404547587,0.10317716002464294,0.4419549463450895,0.148175262645558,0.29506510449532375,147.0
51460,/content/drive/MyDrive/ASD_XAI_Project/slices/ASD/51460/slice_145.jpg,ASD,0.0002253050224912,0.14930512011051178,0.5047352714000035,0.21442076309735322,0.3595780172486784,91.0
51460,/content/drive/MyDrive/ASD_XAI_Project/slices/ASD/51460/slice_146.jpg,ASD,0.0002322683968209,0.1416872888803482,0.530968349324073,0.20348060790167402,0.3672244786128735,83.0
51460,/content/drive/MyDrive/ASD_XAI_Project/slices/ASD/51460/slice_147.jpg,ASD,0.0002091003637476,0.13386674225330353,0.4436875586925739,0.19224932812795853,0.3179684434102662,127.0
51460,/content/drive/MyDrive/ASD_XAI_Project/slices/ASD/51460/slice_148.jpg,ASD,0.000258400802025,0.11016097664833069,0.6294168011240285,0.15820489383754066,0.3938108474807846,67.0
51460,/content/drive/MyDrive/ASD_XAI_Project/slices/ASD/51460/slice_149.jpg,ASD,0.0002264854199044,0.15199261903762817,0.5091821754232113,0.21828034654867148,0.3637312609859414,88.0
51460,/content/drive/MyDrive/ASD_XAI_Project/slices/ASD/51460/slice_150.jpg,ASD,0.0003241381430002,0.4140892028808594,0.8770686875045002,0.5946837108223015,0.7358761991634009,1.0
51460,/content/drive/MyDrive/ASD_XAI_Project/slices/ASD/51460/slice_151.jpg,ASD,0.0002048492970746,0.17911064624786377,0.4276725409708383,0.25722521383660935,0.3424488774037238,101.0
51460,/content/drive/MyDrive/ASD_XAI_Project/slices/ASD/51460/slice_152.jpg,ASD,0.0002867454158452,0.05086928606033325,0.7361992930405592,0.07305463554900737,0.4046269642947833,58.0
51460,/content/drive/MyDrive/ASD_XAI_Project/slices/ASD/51460/slice_153.jpg,ASD,0.0002258413341344,0.14072898030281067,0.5067557150041401,0.20210435733286403,0.35443003616850205,96.0
51460,/content/drive/MyDrive/ASD_XAI_Project/slices/ASD/51460/slice_154.jpg,ASD,0.0002349358733717,0.006998330354690552,0.5410175175727631,0.010050474718813547,0.27553399614578833,159.0
51460,/content/drive/MyDrive/ASD_XAI_Project/slices/ASD/51460/slice_155.jpg,ASD,0.0002672234703509,0.009605228900909424,0.662654386055288,0.0137943059764683,0.33822434601587814,108.0
51460,/content/drive/MyDrive/ASD_XAI_Project/slices/ASD/51460/slice_156.jpg,ASD,0.0002440241285241,0.23756420612335205,0.575255646146415,0.3411718119504713,0.45821372904844315,21.0
51460,/content/drive/MyDrive/ASD_XAI_Project/slices/ASD/51460/slice_157.jpg,ASD,0.0002446966658201,0.2769946753978729,0.5777892918270102,0.39779888076680897,0.48779408629690957,14.0
51460,/content/drive/MyDrive/ASD_XAI_Project/slices/ASD/51460/slice_158.jpg,ASD,0.0002598058711014,0.2922147512435913,0.634710109342817,0.4196568068367453,0.5271834580897812,7.0
51460,/content/drive/MyDrive/ASD_XAI_Project/slices/ASD/51460/slice_159.jpg,ASD,0.0002346939434612,0.27183622121810913,0.5401060964866897,0.3903906975724952,0.4652483970295925,19.0
51460,/content/drive/MyDrive/ASD_XAI_Project/slices/ASD/51460/slice_160.jpg,ASD,0.0002535205268336,0.16687855124473572,0.6110313699630391,0.23965840070315017,0.4253448853330946,41.0
51460,/content/drive/MyDrive/ASD_XAI_Project/slices/ASD/51460/slice_161.jpg,ASD,0.000218355467849,0.08823075890541077,0.47855425630092474,0.1267103675959256,0.30263231194842516,139.0
51460,/content/drive/MyDrive/ASD_XAI_Project/slices/ASD/51460/slice_162.jpg,ASD,0.0002348888919208,0.41341209411621094,0.5408405246374288,0.5937112982358587,0.5672759114366437,4.0
51460,/content/drive/MyDrive/ASD_XAI_Project/slices/ASD/51460/slice_163.jpg,ASD,0.0002515519028513,0.4310973584651947,0.6036149847616,0.6191095422778627,0.6113622635197313,2.0
51460,/content/drive/MyDrive/ASD_XAI_Project/slices/ASD/51460/slice_164.jpg,ASD,0.0002698559703282,0.15836337208747864,0.6725717872705401,0.22742954203133564,0.4500006646509379,23.0
51460,/content/drive/MyDrive/ASD_XAI_Project/slices/ASD/51460/slice_165.jpg,ASD,0.0002261006584255,0.026554584503173828,0.5077326658348621,0.03813569332846214,0.2729341795816621,160.0
51460,/content/drive/MyDrive/ASD_XAI_Project/slices/ASD/51460/slice_166.jpg,ASD,0.0002628784726168,0.14183413982391357,0.6462855024161599,0.2036915041613438,0.4249885032887518,42.0
51460,/content/drive/MyDrive/ASD_XAI_Project/slices/ASD/51460/slice_167.jpg,ASD,0.0002618676054611,0.003593742847442627,0.6424772687049177,0.005161062682605559,0.3238191656937616,120.0
51460,/content/drive/MyDrive/ASD_XAI_Project/slices/ASD/51460/slice_168.jpg,ASD,0.0002650467186008,0.05356955528259277,0.6544539223751762,0.07693255873594582,0.365693240555561,86.0
51460,/content/drive/MyDrive/ASD_XAI_Project/slices/ASD/51460/slice_169.jpg,ASD,0.000198984826249,0.05655163526535034,0.40557935555996205,0.08121519730217139,0.24339727643106673,170.0
51460,/content/drive/MyDrive/ASD_XAI_Project/slices/ASD/51460/slice_170.jpg,ASD,0.0002309981602076,0.05336400866508484,0.526182994626627,0.07663736817218277,0.3014101813994049,143.0
51460,/content/drive/MyDrive/ASD_XAI_Project/slices/ASD/51460/slice_171.jpg,ASD,0.0002263099453309,0.03739631175994873,0.5085211111255927,0.053705765071282295,0.28111343809843753,157.0
51460,/content/drive/MyDrive/ASD_XAI_Project/slices/ASD/51460/slice_172.jpg,ASD,0.0002294084280605,0.008390069007873535,0.5201940063403876,0.012049184902541319,0.2661215956214645,163.0
51460,/content/drive/MyDrive/ASD_XAI_Project/slices/ASD/51460/slice_173.jpg,ASD,0.0002098573970635,0.020613253116607666,0.4465395257170118,0.02960320088092363,0.2380713632989677,172.0
51460,/content/drive/MyDrive/ASD_XAI_Project/slices/ASD/51460/slice_174.jpg,ASD,0.0002517592719971,0.0,0.6043962052882083,0.0,0.3021981026441041,141.0
51460,/content/drive/MyDrive/ASD_XAI_Project/slices/ASD/51460/slice_175.jpg,ASD,0.0002567492430219,0.0,0.6231948928977638,0.0,0.3115974464488819,133.0
51463,/content/drive/MyDrive/ASD_XAI_Project/slices/ASD/51463/slice_000.jpg,ASD,0.0002267308964624,0.10846281051635742,0.5101069577729237,0.1557661155986278,0.3329365366857757,109.0
51463,/content/drive/MyDrive/ASD_XAI_Project/slices/ASD/51463/slice_001.jpg,ASD,0.0002480880062858,0.08258375525474548,0.5905654682167105,0.11860056646457148,0.354583017340641,92.0
51463,/content/drive/MyDrive/ASD_XAI_Project/slices/ASD/51463/slice_002.jpg,ASD,0.0002508036130714,0.07289537787437439,0.6007959572073615,0.10468684890728559,0.35274140305732354,94.0
51463,/content/drive/MyDrive/ASD_XAI_Project/slices/ASD/51463/slice_003.jpg,ASD,0.0002702666600799,0.09563779830932617,0.6741189762839199,0.1373477994542848,0.40573338786910235,49.0
51463,/content/drive/MyDrive/ASD_XAI_Project/slices/ASD/51463/slice_004.jpg,ASD,0.0002378917830965,0.08890718221664429,0.5521532983703659,0.1276817957858241,0.33991754707809496,102.0
51463,/content/drive/MyDrive/ASD_XAI_Project/slices/ASD/51463/slice_005.jpg,ASD,0.0002563877977967,0.0902453064918518,0.6218332224907153,0.12960350903984186,0.37571836576527856,72.0
51463,/content/drive/MyDrive/ASD_XAI_Project/slices/ASD/51463/slice_006.jpg,ASD,0.000201705687165,0.08081954717636108,0.4158296384042363,0.11606694375860063,0.2659482910814185,163.0
51463,/content/drive/MyDrive/ASD_XAI_Project/slices/ASD/51463/slice_007.jpg,ASD,0.0002344963207955,0.06318974494934082,0.5393615938155123,0.09074835023699133,0.3150549720262518,119.0
51463,/content/drive/MyDrive/ASD_XAI_Project/slices/ASD/51463/slice_008.jpg,ASD,0.0002426570851916,0.12023055553436279,0.5701055920822389,0.17266606427304798,0.37138582817764343,79.0
51463,/content/drive/MyDrive/ASD_XAI_Project/slices/ASD/51463/slice_009.jpg,ASD,0.0002484070387486,0.13781198859214783,0.5917673572809311,0.19791519363850424,0.3948412754597177,58.0
51463,/content/drive/MyDrive/ASD_XAI_Project/slices/ASD/51463/slice_010.jpg,ASD,0.0002833094003581,0.02149432897567749,0.7232548127134062,0.030868535639092493,0.37706167417624936,71.0
51463,/content/drive/MyDrive/ASD_XAI_Project/slices/ASD/51463/slice_011.jpg,ASD,0.000242764035174,0.09587618708610535,0.5705085041029685,0.1376901554524783,0.3540993297777234,93.0
51463,/content/drive/MyDrive/ASD_XAI_Project/slices/ASD/51463/slice_012.jpg,ASD,0.0002303490068068,0.036841779947280884,0.5237374429527455,0.05290938826688343,0.28832341560981445,143.0
51463,/content/drive/MyDrive/ASD_XAI_Project/slices/ASD/51463/slice_013.jpg,ASD,0.0002747305851632,0.08601665496826172,0.6909358942051577,0.1235306383580471,0.4072332662816024,47.0
51463,/content/drive/MyDrive/ASD_XAI_Project/slices/ASD/51463/slice_014.jpg,ASD,0.0002335856455141,0.17468085885047913,0.5359308123452996,0.25086348696881533,0.39339714965705747,60.0
51463,/content/drive/MyDrive/ASD_XAI_Project/slices/ASD/51463/slice_015.jpg,ASD,0.000312588922733,0.23475143313407898,0.8335593799638333,0.3371323193307062,0.5853458496472698,8.0
51463,/content/drive/MyDrive/ASD_XAI_Project/slices/ASD/51463/slice_016.jpg,ASD,0.0003003462505673,0.08741912245750427,0.787437635287286,0.12554475648768681,0.45649119588748643,27.0
51463,/content/drive/MyDrive/ASD_XAI_Project/slices/ASD/51463/slice_017.jpg,ASD,0.0002929304762461,0.0637451708316803,0.7595002336161433,0.09154601103688285,0.42552312232651307,38.0
51463,/content/drive/MyDrive/ASD_XAI_Project/slices/ASD/51463/slice_018.jpg,ASD,0.0002243913241443,0.06779101490974426,0.5012931011534479,0.09735634744027795,0.29932472429686297,136.0
51463,/content/drive/MyDrive/ASD_XAI_Project/slices/ASD/51463/slice_019.jpg,ASD,0.0001808181308132,0.17164218425750732,0.33714007390917755,0.24649957148790425,0.2918198226985409,140.0
51463,/content/drive/MyDrive/ASD_XAI_Project/slices/ASD/51463/slice_020.jpg,ASD,0.0002109435759588,0.1414646953344345,0.4506314808885661,0.2031609358238509,0.3268962083562085,114.0
51463,/content/drive/MyDrive/ASD_XAI_Project/slices/ASD/51463/slice_021.jpg,ASD,0.0002129844570876,0.12137213349342346,0.45832008000023844,0.17430551251792886,0.31631279625908365,118.0
51463,/content/drive/MyDrive/ASD_XAI_Project/slices/ASD/51463/slice_022.jpg,ASD,0.0002437929672043,0.25246840715408325,0.5743847935068436,0.3625761024128501,0.46848044795984684,24.0
51463,/content/drive/MyDrive/ASD_XAI_Project/slices/ASD/51463/slice_023.jpg,ASD,0.000241471666834,0.17504185438156128,0.5656397726856127,0.2513819215489026,0.40851084711725766,45.0
51463,/content/drive/MyDrive/ASD_XAI_Project/slices/ASD/51463/slice_024.jpg,ASD,0.0002221429861174,0.17725509405136108,0.492822950926459,0.2545604095911382,0.3736916802587986,78.0
51463,/content/drive/MyDrive/ASD_XAI_Project/slices/ASD/51463/slice_025.jpg,ASD,0.0002010140244734,0.039798662066459656,0.4132239417366702,0.05715583956014081,0.2351898906484055,171.0
51463,/content/drive/MyDrive/ASD_XAI_Project/slices/ASD/51463/slice_026.jpg,ASD,0.0002087477987364,0.08820252120494843,0.44235934266192595,0.12666981473828234,0.28451457870010416,147.0
51463,/content/drive/MyDrive/ASD_XAI_Project/slices/ASD/51463/slice_027.jpg,ASD,0.0002340462584181,0.005599379539489746,0.5376660765478753,0.008041406971444967,0.27285374175966015,157.0
51463,/content/drive/MyDrive/ASD_XAI_Project/slices/ASD/51463/slice_028.jpg,ASD,0.0002121660506295,0.06841063499450684,0.45523690230902514,0.09824619911654262,0.2767415507127839,152.0
51463,/content/drive/MyDrive/ASD_XAI_Project/slices/ASD/51463/slice_029.jpg,ASD,0.000232906215087,0.1506757140159607,0.5333711982136741,0.21638910678767953,0.3748801525006768,73.0
51463,/content/drive/MyDrive/ASD_XAI_Project/slices/ASD/51463/slice_030.jpg,ASD,0.0002765934800736,0.035668253898620605,0.6979539669145967,0.05122405858306475,0.3745890127488307,75.0
51463,/content/drive/MyDrive/ASD_XAI_Project/slices/ASD/51463/slice_031.jpg,ASD,0.0002486989467528,0.11505194008350372,0.5928670605366038,0.16522892698037472,0.37904799375848924,69.0
51463,/content/drive/MyDrive/ASD_XAI_Project/slices/ASD/51463/slice_032.jpg,ASD,0.0002391762231881,0.01504582166671753,0.5569921617455584,0.021607675348416455,0.28929991854698744,142.0
51463,/content/drive/MyDrive/ASD_XAI_Project/slices/ASD/51463/slice_033.jpg,ASD,0.0002305857082511,0.035512298345565796,0.5246291668697804,0.0510000869692947,0.2878146269195376,144.0
51463,/content/drive/MyDrive/ASD_XAI_Project/slices/ASD/51463/slice_034.jpg,ASD,0.000256109150625,0.0047994256019592285,0.620783476688978,0.006892573404310321,0.3138380250466442,121.0
51463,/content/drive/MyDrive/ASD_XAI_Project/slices/ASD/51463/slice_035.jpg,ASD,0.000205638219248,0.006871938705444336,0.43064464269493447,0.009868960556000865,0.22025680162546765,173.0
51463,/content/drive/MyDrive/ASD_XAI_Project/slices/ASD/51463/slice_036.jpg,ASD,0.0002248886493205,0.06038501858711243,0.5031666712766584,0.08672041357666017,0.29494354242665927,139.0
51463,/content/drive/MyDrive/ASD_XAI_Project/slices/ASD/51463/slice_037.jpg,ASD,0.0002049050266248,0.0028855502605438232,0.4278824905676644,0.0041440098528678125,0.21601325021026613,174.0
51463,/content/drive/MyDrive/ASD_XAI_Project/slices/ASD/51463/slice_038.jpg,ASD,0.0002347619298686,0.12656955420970917,0.5403622212673863,0.18176965651579777,0.36106593889159205,89.0
51463,/content/drive/MyDrive/ASD_XAI_Project/slices/ASD/51463/slice_039.jpg,ASD,0.0002869473828486,0.09707820415496826,0.7369601621088334,0.13941640179266315,0.43818828195074827,31.0
51463,/content/drive/MyDrive/ASD_XAI_Project/slices/ASD/51463/slice_040.jpg,ASD,0.000241334992272,0.16468605399131775,0.5651248794362447,0.23650970135634436,0.40081729039629455,53.0
51463,/content/drive/MyDrive/ASD_XAI_Project/slices/ASD/51463/slice_041.jpg,ASD,0.0002567045111363,0.11185799539089203,0.6230263747361551,0.16064202428223795,0.3918341995091965,63.0
51463,/content/drive/MyDrive/ASD_XAI_Project/slices/ASD/51463/slice_042.jpg,ASD,0.000234676993429,0.14559945464134216,0.540042240733076,0.20909896557899124,0.37457060315603363,76.0
51463,/content/drive/MyDrive/ASD_XAI_Project/slices/ASD/51463/slice_043.jpg,ASD,0.0002563245358588,0.10811609029769897,0.6215948961753425,0.1552681821465734,0.38843153916095796,65.0
51463,/content/drive/MyDrive/ASD_XAI_Project/slices/ASD/51463/slice_044.jpg,ASD,0.0001857448517205,0.17394426465034485,0.35570047973428165,0.2498056458822607,0.3027530628082712,132.0
51463,/content/drive/MyDrive/ASD_XAI_Project/slices/ASD/51463/slice_045.jpg,ASD,0.0001880120885556,0.007048845291137695,0.3642418273269022,0.010123020464148962,0.18718242389552558,176.0
51463,/content/drive/MyDrive/ASD_XAI_Project/slices/ASD/51463/slice_046.jpg,ASD,0.0002173872670373,0.1725369244813919,0.4749067592489361,0.24778452997718597,0.36134564461306107,88.0
51463,/content/drive/MyDrive/ASD_XAI_Project/slices/ASD/51463/slice_047.jpg,ASD,0.0001634185488141,0.16607952117919922,0.2715907340608494,0.23851089393135794,0.25505081399610363,169.0
51463,/content/drive/MyDrive/ASD_XAI_Project/slices/ASD/51463/slice_048.jpg,ASD,0.0002057050902062,0.1708134412765503,0.4308965652506178,0.24530939326590587,0.3381029792582618,104.0
51463,/content/drive/MyDrive/ASD_XAI_Project/slices/ASD/51463/slice_049.jpg,ASD,0.0002685336147288,0.19937939941883087,0.6675900850325269,0.2863336698542853,0.4769618774434061,20.0
51463,/content/drive/MyDrive/ASD_XAI_Project/slices/ASD/51463/slice_050.jpg,ASD,0.000249590301762,0.23500840365886688,0.596225056862411,0.3375013610352222,0.4668632089488166,25.0
51463,/content/drive/MyDrive/ASD_XAI_Project/slices/ASD/51463/slice_051.jpg,ASD,0.0002064019902459,0.14287865161895752,0.4335219925479501,0.20519155329557132,0.3193567729217607,117.0
51463,/content/drive/MyDrive/ASD_XAI_Project/slices/ASD/51463/slice_052.jpg,ASD,0.0002200973824389,0.09676536917686462,0.4851165605819139,0.13896713176978062,0.31204184617584724,123.0
51463,/content/drive/MyDrive/ASD_XAI_Project/slices/ASD/51463/slice_053.jpg,ASD,0.0002472945673735,0.002112776041030884,0.5875763506095215,0.003034209748710098,0.2953052801791158,138.0
51463,/content/drive/MyDrive/ASD_XAI_Project/slices/ASD/51463/slice_054.jpg,ASD,0.0002118044281729,0.04382842779159546,0.45387456421919703,0.06294308544459286,0.2584088248318949,166.0
51463,/content/drive/MyDrive/ASD_XAI_Project/slices/ASD/51463/slice_055.jpg,ASD,0.0002582502272124,0.1082344651222229,0.6288495415447912,0.15543818314980187,0.39214386234729653,62.0
51463,/content/drive/MyDrive/ASD_XAI_Project/slices/ASD/51463/slice_056.jpg,ASD,0.0002625541301839,0.10719919204711914,0.6450636091337525,0.15395140196899854,0.3995075055513755,54.0
51463,/content/drive/MyDrive/ASD_XAI_Project/slices/ASD/51463/slice_057.jpg,ASD,0.0002033125712665,0.08856171369552612,0.4218832431443701,0.1271856599274594,0.2745344515359147,155.0
51463,/content/drive/MyDrive/ASD_XAI_Project/slices/ASD/51463/slice_058.jpg,ASD,0.0002206731500304,0.08382037281990051,0.4872856463410339,0.12037650343032236,0.3038310748856781,131.0
51463,/content/drive/MyDrive/ASD_XAI_Project/slices/ASD/51463/slice_059.jpg,ASD,0.0002711467971721,0.03386032581329346,0.6774347114189778,0.048627648497502715,0.36303117995824025,86.0
51463,/content/drive/MyDrive/ASD_XAI_Project/slices/ASD/51463/slice_060.jpg,ASD,0.0002349420408688,0.04070475697517395,0.5410407523472215,0.05845710479217934,0.2997489285697004,133.0
51463,/content/drive/MyDrive/ASD_XAI_Project/slices/ASD/51463/slice_061.jpg,ASD,0.0002589530675836,0.07056453824043274,0.6314973478169933,0.10133947265791518,0.36641841023745425,82.0
51463,/content/drive/MyDrive/ASD_XAI_Project/slices/ASD/51463/slice_062.jpg,ASD,0.0002590833175653,0.4094654619693756,0.6319880377839211,0.5880434425322993,0.6100157401581102,7.0
51463,/content/drive/MyDrive/ASD_XAI_Project/slices/ASD/51463/slice_063.jpg,ASD,0.000248835872255,0.3066226541996002,0.5933828991514667,0.44034835140114725,0.516865625276307,14.0
51463,/content/drive/MyDrive/ASD_XAI_Project/slices/ASD/51463/slice_064.jpg,ASD,0.0002800918303699,0.026724696159362793,0.711133280790788,0.038379994870866005,0.37475663783082697,74.0
51463,/content/drive/MyDrive/ASD_XAI_Project/slices/ASD/51463/slice_065.jpg,ASD,0.000249623954566,0.058662280440330505,0.5963518368670317,0.08424634686162398,0.3402990918643279,100.0
51463,/content/drive/MyDrive/ASD_XAI_Project/slices/ASD/51463/slice_066.jpg,ASD,0.0002889943990509,0.08009466528892517,0.7446718738457324,0.11502592301299985,0.42984889842936613,37.0
51463,/content/drive/MyDrive/ASD_XAI_Project/slices/ASD/51463/slice_067.jpg,ASD,0.000304053994776,0.079671710729599,0.8014057975810308,0.11441850754527111,0.457912152563151,26.0
51463,/content/drive/MyDrive/ASD_XAI_Project/slices/ASD/51463/slice_068.jpg,ASD,0.0003155873436097,0.024785280227661133,0.8448553127664313,0.035594751848183115,0.44022503230730725,30.0
51463,/content/drive/MyDrive/ASD_XAI_Project/slices/ASD/51463/slice_069.jpg,ASD,0.0002545357809634,0.24435439705848694,0.6148561306952292,0.3509233725185931,0.48288975160691117,19.0
51463,/content/drive/MyDrive/ASD_XAI_Project/slices/ASD/51463/slice_070.jpg,ASD,0.0002381081793783,0.19354459643363953,0.5529685267717354,0.27795416546969753,0.41546134612071645,42.0
51463,/content/drive/MyDrive/ASD_XAI_Project/slices/ASD/51463/slice_071.jpg,ASD,0.0002485676301478,0.13764476776123047,0.5923723522861802,0.19767504368152666,0.39502369798385345,57.0
51463,/content/drive/MyDrive/ASD_XAI_Project/slices/ASD/51463/slice_072.jpg,ASD,0.0002604033037607,0.21751858294010162,0.6369608137806002,0.3123837984079141,0.47467230609425715,22.0
51463,/content/drive/MyDrive/ASD_XAI_Project/slices/ASD/51463/slice_073.jpg,ASD,0.0003078187775535,0.02091231942176819,0.8155888409294425,0.03003269737321914,0.4228107691513308,41.0
51463,/content/drive/MyDrive/ASD_XAI_Project/slices/ASD/51463/slice_074.jpg,ASD,0.0002330271481429,0.18853533267974854,0.5338267885824827,0.2707602383232594,0.402293513452871,52.0
51463,/content/drive/MyDrive/ASD_XAI_Project/slices/ASD/51463/slice_075.jpg,ASD,0.0002288052766074,0.1432669460773468,0.5179217575253695,0.2057491925380345,0.361835475031702,87.0
51463,/content/drive/MyDrive/ASD_XAI_Project/slices/ASD/51463/slice_076.jpg,ASD,0.0002653929994214,0.0006167590618133545,0.65575846401265,0.0008857428906881565,0.32832210345166907,112.0
51463,/content/drive/MyDrive/ASD_XAI_Project/slices/ASD/51463/slice_077.jpg,ASD,0.0002226903655759,0.26197049021720886,0.49488509024412014,0.3762222781093149,0.4355536841767175,34.0
51463,/content/drive/MyDrive/ASD_XAI_Project/slices/ASD/51463/slice_078.jpg,ASD,0.0002082734543947,0.17992472648620605,0.440572348097296,0.2583943345325281,0.34948334131491204,97.0
51463,/content/drive/MyDrive/ASD_XAI_Project/slices/ASD/51463/slice_079.jpg,ASD,0.0002495863514478,0.015587061643600464,0.5962101748676587,0.022384963419824412,0.30929756914374157,125.0
51463,/content/drive/MyDrive/ASD_XAI_Project/slices/ASD/51463/slice_080.jpg,ASD,0.000245805089859,0.1366550326347351,0.5819650509932747,0.19625366067114958,0.3891093558322121,64.0
51463,/content/drive/MyDrive/ASD_XAI_Project/slices/ASD/51463/slice_081.jpg,ASD,0.0002287043540933,0.12967267632484436,0.5175415527494484,0.18622612667180494,0.35188383971062664,96.0
51463,/content/drive/MyDrive/ASD_XAI_Project/slices/ASD/51463/slice_082.jpg,ASD,0.0002263611989968,0.001150280237197876,0.5087141987506131,0.00165194580100946,0.2551830722758113,168.0
51463,/content/drive/MyDrive/ASD_XAI_Project/slices/ASD/51463/slice_083.jpg,ASD,0.0002063492068555,0.08179432153701782,0.43332314200108896,0.1174668412444005,0.2753949916227447,153.0
51463,/content/drive/MyDrive/ASD_XAI_Project/slices/ASD/51463/slice_084.jpg,ASD,0.0002266714685922,0.06201653182506561,0.5098830755175682,0.08906346995159509,0.29947327273458163,135.0
51463,/content/drive/MyDrive/ASD_XAI_Project/slices/ASD/51463/slice_085.jpg,ASD,0.0002119984256661,0.054241299629211426,0.45460540979997865,0.0778972673494327,0.2662513385747057,161.0
51463,/content/drive/MyDrive/ASD_XAI_Project/slices/ASD/51463/slice_086.jpg,ASD,0.0001829389910028,0.05533987283706665,0.3451299776520417,0.07947495541111653,0.2123024665315791,175.0
51463,/content/drive/MyDrive/ASD_XAI_Project/slices/ASD/51463/slice_087.jpg,ASD,0.0002122246063546,0.081766277551651,0.4554574989374294,0.11742656658578066,0.286442032761605,145.0
51463,/content/drive/MyDrive/ASD_XAI_Project/slices/ASD/51463/slice_088.jpg,ASD,0.0002055716509705,0.07787434756755829,0.4303938604264185,0.11183727000644737,0.27111556521643293,158.0
51463,/content/drive/MyDrive/ASD_XAI_Project/slices/ASD/51463/slice_089.jpg,ASD,0.0002582264619948,0.0628754049539566,0.6287600109845104,0.09029691882169617,0.3595284649031033,90.0
51463,/content/drive/MyDrive/ASD_XAI_Project/slices/ASD/51463/slice_090.jpg,ASD,0.0002806368452768,0.04047092795372009,0.7131865121475321,0.05812129717099841,0.3856539046592653,67.0
51463,/content/drive/MyDrive/ASD_XAI_Project/slices/ASD/51463/slice_091.jpg,ASD,0.0002243139096523,0.11289530992507935,0.5010014580067589,0.16213173725274954,0.3315665976297542,110.0
51463,/content/drive/MyDrive/ASD_XAI_Project/slices/ASD/51463/slice_092.jpg,ASD,0.0002095441316809,0.05748829245567322,0.44535936293908834,0.08256035378013409,0.2639598583596112,164.0
51463,/content/drive/MyDrive/ASD_XAI_Project/slices/ASD/51463/slice_093.jpg,ASD,0.0002235619908589,0.036349013447761536,0.49816875889194834,0.05220171415110264,0.2751852365215255,154.0
51463,/content/drive/MyDrive/ASD_XAI_Project/slices/ASD/51463/slice_094.jpg,ASD,0.0002076741403958,0.10017567873001099,0.438314556100236,0.14386476137714166,0.29108965873868886,141.0
51463,/content/drive/MyDrive/ASD_XAI_Project/slices/ASD/51463/slice_095.jpg,ASD,0.0002011334499923,0.1666102558374405,0.4136738527704723,0.2392730950557271,0.3264734739130997,115.0
51463,/content/drive/MyDrive/ASD_XAI_Project/slices/ASD/51463/slice_096.jpg,ASD,0.0002309489210031,0.15958745777606964,0.525997496069834,0.22918748166026437,0.3775924888650492,70.0
51463,/content/drive/MyDrive/ASD_XAI_Project/slices/ASD/51463/slice_097.jpg,ASD,0.0002463916253275,0.1322302222251892,0.5841747025101787,0.18989908137826472,0.3870368919442217,66.0
51463,/content/drive/MyDrive/ASD_XAI_Project/slices/ASD/51463/slice_098.jpg,ASD,0.0002455206986095,0.2203250527381897,0.5808936655620425,0.3164142388594559,0.4486539522107492,28.0
51463,/content/drive/MyDrive/ASD_XAI_Project/slices/ASD/51463/slice_099.jpg,ASD,0.0002295132216172,0.18373998999595642,0.5205887944716427,0.26387352849836554,0.39223116148500414,61.0
51463,/content/drive/MyDrive/ASD_XAI_Project/slices/ASD/51463/slice_100.jpg,ASD,0.0002545221209862,0.11987878382205963,0.6148046695458838,0.17216087624646004,0.3934827728961719,59.0
51463,/content/drive/MyDrive/ASD_XAI_Project/slices/ASD/51463/slice_101.jpg,ASD,0.0002836139372429,0.04624742269515991,0.7244020926744499,0.06641706364953977,0.39540957816199485,56.0
51463,/content/drive/MyDrive/ASD_XAI_Project/slices/ASD/51463/slice_102.jpg,ASD,0.0002436347062905,0.11244003474712372,0.5737885781251223,0.16147790534796105,0.36763324173654166,81.0
51463,/content/drive/MyDrive/ASD_XAI_Project/slices/ASD/51463/slice_103.jpg,ASD,0.0002681999782276,0.14309288561344147,0.6663331782629219,0.20549922001553805,0.43591619913922997,33.0
51463,/content/drive/MyDrive/ASD_XAI_Project/slices/ASD/51463/slice_104.jpg,ASD,0.0002793045818075,0.037118613719940186,0.7081674840512723,0.05330695607126141,0.38073722006126687,68.0
51463,/content/drive/MyDrive/ASD_XAI_Project/slices/ASD/51463/slice_105.jpg,ASD,0.0002891344691914,0.04502055048942566,0.745199559237411,0.06465512223465891,0.404927340736035,50.0
51463,/content/drive/MyDrive/ASD_XAI_Project/slices/ASD/51463/slice_106.jpg,ASD,0.0002722440420749,0.007080256938934326,0.6815683554935426,0.010168131505791163,0.3458682434996669,99.0
51463,/content/drive/MyDrive/ASD_XAI_Project/slices/ASD/51463/slice_107.jpg,ASD,0.0002785484594131,0.11807677149772644,0.7053189487358825,0.16957296193107443,0.43744595533347846,32.0
51463,/content/drive/MyDrive/ASD_XAI_Project/slices/ASD/51463/slice_108.jpg,ASD,0.000255699328437,0.269439697265625,0.6192395560430689,0.3869489904542639,0.5030942732486664,16.0
51463,/content/drive/MyDrive/ASD_XAI_Project/slices/ASD/51463/slice_109.jpg,ASD,0.0002479489693422,0.24321509897708893,0.5900416751814537,0.3492871984622185,0.4696644368218361,23.0
51463,/content/drive/MyDrive/ASD_XAI_Project/slices/ASD/51463/slice_110.jpg,ASD,0.0002473978245694,0.1795090138912201,0.5879653508180429,0.2577973194282899,0.4228813351231664,40.0
51463,/content/drive/MyDrive/ASD_XAI_Project/slices/ASD/51463/slice_111.jpg,ASD,0.0002797144449537,0.19901017844676971,0.70971155899876,0.2858034225156656,0.4977574907572128,17.0
51463,/content/drive/MyDrive/ASD_XAI_Project/slices/ASD/51463/slice_112.jpg,ASD,0.000203229088923,0.1352241188287735,0.4215687406174876,0.19419869008491833,0.30788371535120296,128.0
51463,/content/drive/MyDrive/ASD_XAI_Project/slices/ASD/51463/slice_113.jpg,ASD,0.0002402101301551,0.20939384400844574,0.5608871931983224,0.3007156605677451,0.43080142688303374,36.0
51463,/content/drive/MyDrive/ASD_XAI_Project/slices/ASD/51463/slice_114.jpg,ASD,0.0001879680695052,0.1850244104862213,0.3640759946250235,0.2657181164231241,0.31489705552407377,120.0
51463,/content/drive/MyDrive/ASD_XAI_Project/slices/ASD/51463/slice_115.jpg,ASD,0.0002041466050404,0.19422245025634766,0.4250252935277174,0.2789276480523843,0.35197647079005084,95.0
51463,/content/drive/MyDrive/ASD_XAI_Project/slices/ASD/51463/slice_116.jpg,ASD,0.0002138224313644,0.23024487495422363,0.46147697541628707,0.33066034004994227,0.39606865773311467,55.0
51463,/content/drive/MyDrive/ASD_XAI_Project/slices/ASD/51463/slice_117.jpg,ASD,0.0002247597781002,0.22369793057441711,0.5026811755091997,0.32125811185552416,0.4119696436823619,44.0
51463,/content/drive/MyDrive/ASD_XAI_Project/slices/ASD/51463/slice_118.jpg,ASD,0.000216464588154,0.049248963594436646,0.47143075668201034,0.07072765051765563,0.271079203599833,159.0
51463,/content/drive/MyDrive/ASD_XAI_Project/slices/ASD/51463/slice_119.jpg,ASD,0.0002364923222625,0.04521164298057556,0.5468811180491929,0.06492955487129058,0.30590533646024176,130.0
51463,/content/drive/MyDrive/ASD_XAI_Project/slices/ASD/51463/slice_120.jpg,ASD,0.0002072548575417,0.026680827140808105,0.4367349943442468,0.038316993492026045,0.23752599391813642,170.0
51463,/content/drive/MyDrive/ASD_XAI_Project/slices/ASD/51463/slice_121.jpg,ASD,0.0001917409728775,0.12877734005451202,0.378289630641026,0.18494031218552812,0.28161497141327707,149.0
51463,/content/drive/MyDrive/ASD_XAI_Project/slices/ASD/51463/slice_122.jpg,ASD,0.0001856114326794,0.14075101912021637,0.35519785098907647,0.20213600782175814,0.2786669294054173,151.0
51463,/content/drive/MyDrive/ASD_XAI_Project/slices/ASD/51463/slice_123.jpg,ASD,0.0002454082857873,0.024849027395248413,0.5804701734180312,0.03568630072680993,0.30807823707242055,127.0
51463,/content/drive/MyDrive/ASD_XAI_Project/slices/ASD/51463/slice_124.jpg,ASD,0.0002323150277329,0.1970849335193634,0.5311440216763331,0.2830385308215414,0.40709127624893726,48.0
51463,/content/drive/MyDrive/ASD_XAI_Project/slices/ASD/51463/slice_125.jpg,ASD,0.0002301843265723,0.025067269802093506,0.5231170441030432,0.03599972402656878,0.279558384064806,150.0
51463,/content/drive/MyDrive/ASD_XAI_Project/slices/ASD/51463/slice_126.jpg,ASD,0.0002222567210721,0.03211340308189392,0.49325142393222726,0.04611884970439,0.26968513681830864,160.0
51463,/content/drive/MyDrive/ASD_XAI_Project/slices/ASD/51463/slice_127.jpg,ASD,0.000244858353946,0.06429439783096313,0.5783984185241117,0.09233476946802525,0.33536659399606844,106.0
51463,/content/drive/MyDrive/ASD_XAI_Project/slices/ASD/51463/slice_128.jpg,ASD,0.0002967282229123,0.0749751627445221,0.77380746162274,0.10767367922231645,0.4407405704225282,29.0
51463,/content/drive/MyDrive/ASD_XAI_Project/slices/ASD/51463/slice_129.jpg,ASD,0.0002554472414299,0.06500428915023804,0.6182898701885121,0.09335426188919907,0.3558220660388556,91.0
51463,/content/drive/MyDrive/ASD_XAI_Project/slices/ASD/51463/slice_130.jpg,ASD,0.0002143123146595,0.05765032768249512,0.4633225097859167,0.08279305656325424,0.27305778317458546,156.0
51463,/content/drive/MyDrive/ASD_XAI_Project/slices/ASD/51463/slice_131.jpg,ASD,0.0001939794429695,0.29838672280311584,0.38672260545665177,0.4285205273215409,0.4076215663890963,46.0
51463,/content/drive/MyDrive/ASD_XAI_Project/slices/ASD/51463/slice_132.jpg,ASD,0.0002709852740066,0.23081278800964355,0.6768262061761919,0.33147593398688135,0.5041510700815366,15.0
51463,/content/drive/MyDrive/ASD_XAI_Project/slices/ASD/51463/slice_133.jpg,ASD,0.0002730998815699,0.32820725440979004,0.684792554437878,0.47134652778514885,0.5780695411115134,9.0
51463,/content/drive/MyDrive/ASD_XAI_Project/slices/ASD/51463/slice_134.jpg,ASD,0.0002591026353251,0.29116547107696533,0.6320608134633773,0.4181499097265569,0.5251053615949671,13.0
51463,/content/drive/MyDrive/ASD_XAI_Project/slices/ASD/51463/slice_135.jpg,ASD,0.0002596327255401,0.4801713824272156,0.6340578191187489,0.6895859576774541,0.6618218883981015,3.0
51463,/content/drive/MyDrive/ASD_XAI_Project/slices/ASD/51463/slice_136.jpg,ASD,0.0002617792352264,0.43327170610427856,0.6421443520551313,0.6222321765161676,0.6321882642856494,5.0
51463,/content/drive/MyDrive/ASD_XAI_Project/slices/ASD/51463/slice_137.jpg,ASD,0.0002628665271228,0.40688973665237427,0.6462405002289865,0.5843443799174888,0.6152924400732376,6.0
51463,/content/drive/MyDrive/ASD_XAI_Project/slices/ASD/51463/slice_138.jpg,ASD,0.0002747886269669,0.41888535022735596,0.6911545547405852,0.6015715762431387,0.646363065491862,4.0
51463,/content/drive/MyDrive/ASD_XAI_Project/slices/ASD/51463/slice_139.jpg,ASD,0.000294164675548,0.48495009541511536,0.7641498251686872,0.6964487851861845,0.7302993051774358,1.0
51463,/content/drive/MyDrive/ASD_XAI_Project/slices/ASD/51463/slice_140.jpg,ASD,0.0002814058203822,0.49480339884757996,0.7160834674032028,0.7105993571120168,0.7133414122576098,2.0
51463,/content/drive/MyDrive/ASD_XAI_Project/slices/ASD/51463/slice_141.jpg,ASD,0.0002187183856459,0.35128018260002136,0.4799214743184171,0.5044821286659356,0.4922018014921763,18.0
51463,/content/drive/MyDrive/ASD_XAI_Project/slices/ASD/51463/slice_142.jpg,ASD,0.0002063381811521,0.361005574464798,0.4332816049354703,0.5184490036366176,0.47586530428604396,21.0
51463,/content/drive/MyDrive/ASD_XAI_Project/slices/ASD/51463/slice_143.jpg,ASD,0.0002619473829731,0.29269683361053467,0.6427778140425365,0.4203491372063887,0.5315634756244626,12.0
51463,/content/drive/MyDrive/ASD_XAI_Project/slices/ASD/51463/slice_144.jpg,ASD,0.0002537112831651,0.3263925611972809,0.6117500051349852,0.46874040213369234,0.5402452036343388,11.0
51463,/content/drive/MyDrive/ASD_XAI_Project/slices/ASD/51463/slice_145.jpg,ASD,0.0002454157193253,0.3641049861907959,0.5804981777407019,0.5229001452113302,0.551699161476016,10.0
51463,/content/drive/MyDrive/ASD_XAI_Project/slices/ASD/51463/slice_146.jpg,ASD,0.0002394567617392,0.21311494708061218,0.5580490329294503,0.30605962840828044,0.43205433066886534,35.0
51463,/content/drive/MyDrive/ASD_XAI_Project/slices/ASD/51463/slice_147.jpg,ASD,0.0002087095756468,0.12001875042915344,0.4422153450480538,0.1723618857408363,0.3072886153944451,129.0
51463,/content/drive/MyDrive/ASD_XAI_Project/slices/ASD/51463/slice_148.jpg,ASD,0.0001986071979854,0.11420449614524841,0.4041567188903955,0.16401189185265483,0.2840843053715252,148.0
51463,/content/drive/MyDrive/ASD_XAI_Project/slices/ASD/51463/slice_149.jpg,ASD,0.0002196205479129,0.034221261739730835,0.4833201847610575,0.04914599747789045,0.26623309111947396,162.0
51463,/content/drive/MyDrive/ASD_XAI_Project/slices/ASD/51463/slice_150.jpg,ASD,0.0002354790179354,0.019506245851516724,0.5430637027969015,0.02801340046175902,0.2855385516293303,146.0
51463,/content/drive/MyDrive/ASD_XAI_Project/slices/ASD/51463/slice_151.jpg,ASD,0.000241928727286,0.07491040229797363,0.5673616537572918,0.10758067514879796,0.33747116445304487,105.0
51463,/content/drive/MyDrive/ASD_XAI_Project/slices/ASD/51463/slice_152.jpg,ASD,0.0002075568176167,0.060221970081329346,0.43787256670534286,0.08648625559864835,0.2621794111519956,165.0
51463,/content/drive/MyDrive/ASD_XAI_Project/slices/ASD/51463/slice_153.jpg,ASD,0.000256387923806,0.07266971468925476,0.6218336972047878,0.10436276844493765,0.3630982328248627,85.0
51463,/content/drive/MyDrive/ASD_XAI_Project/slices/ASD/51463/slice_154.jpg,ASD,0.0002399246419219,0.17375212907791138,0.5598116751070433,0.24952971525088757,0.4046706951789655,51.0
51463,/content/drive/MyDrive/ASD_XAI_Project/slices/ASD/51463/slice_155.jpg,ASD,0.0002353526714447,0.05130815505981445,0.5425877184279687,0.0736849061365055,0.3081363122822371,126.0
51463,/content/drive/MyDrive/ASD_XAI_Project/slices/ASD/51463/slice_156.jpg,ASD,0.0002087316537084,0.047513335943222046,0.44229851959575756,0.06823507286760021,0.25526679623167886,167.0
51463,/content/drive/MyDrive/ASD_XAI_Project/slices/ASD/51463/slice_157.jpg,ASD,0.000244244825894,0.05564427375793457,0.5760870780109253,0.07991211307651826,0.32799959554372177,113.0
51463,/content/drive/MyDrive/ASD_XAI_Project/slices/ASD/51463/slice_158.jpg,ASD,0.000190202292057,0.04888966679573059,0.37249296770818796,0.07021165552900444,0.2213523116185962,172.0
51463,/content/drive/MyDrive/ASD_XAI_Project/slices/ASD/51463/slice_159.jpg,ASD,0.0002379348492048,0.07488977909088135,0.5523155410592447,0.10755105765276722,0.32993329935600596,111.0
51463,/content/drive/MyDrive/ASD_XAI_Project/slices/ASD/51463/slice_160.jpg,ASD,0.0002471029267524,0.007807314395904541,0.5868543840587228,0.011212276640424082,0.29903333034957347,137.0
51463,/content/drive/MyDrive/ASD_XAI_Project/slices/ASD/51463/slice_161.jpg,ASD,0.0002457634056055,0.06846131384372711,0.5818080141576119,0.0983189802610517,0.34006349720933177,101.0
51463,/content/drive/MyDrive/ASD_XAI_Project/slices/ASD/51463/slice_162.jpg,ASD,0.0002413083016244,0.0704292356967926,0.5650243279212488,0.10114516134002563,0.3330847446306372,107.0
51463,/content/drive/MyDrive/ASD_XAI_Project/slices/ASD/51463/slice_163.jpg,ASD,0.0002595899907699,0.045273542404174805,0.6338968246778869,0.06501845015923256,0.34945763741855973,98.0
51463,/content/drive/MyDrive/ASD_XAI_Project/slices/ASD/51463/slice_164.jpg,ASD,0.0002654375099964,0.0552862286567688,0.6559261484321764,0.0793979156815568,0.36766203205686665,80.0
51463,/content/drive/MyDrive/ASD_XAI_Project/slices/ASD/51463/slice_165.jpg,ASD,0.0002707097475157,0.03799867630004883,0.6757882168963255,0.054570835634538586,0.36517952626543204,83.0
51463,/content/drive/MyDrive/ASD_XAI_Project/slices/ASD/51463/slice_166.jpg,ASD,0.000254998496023,0.09193572402000427,0.6165993143358609,0.13203115931781834,0.37431523682683965,77.0
51463,/content/drive/MyDrive/ASD_XAI_Project/slices/ASD/51463/slice_167.jpg,ASD,0.0002353904733677,0.039200425148010254,0.5427301293834603,0.056296696776075635,0.299513413079768,134.0
51463,/content/drive/MyDrive/ASD_XAI_Project/slices/ASD/51463/slice_168.jpg,ASD,0.0002563025507514,0.0308992862701416,0.6215120718134333,0.044375226625204454,0.33294364921931885,108.0
51463,/content/drive/MyDrive/ASD_XAI_Project/slices/ASD/51463/slice_169.jpg,ASD,0.0002544225032565,0.16177603602409363,0.6144293802763277,0.23233055282682735,0.4233799665515775,39.0
51463,/content/drive/MyDrive/ASD_XAI_Project/slices/ASD/51463/slice_170.jpg,ASD,0.000274525415931,0.09645867347717285,0.6901629613997262,0.13852667851594774,0.414344819957837,43.0
51463,/content/drive/MyDrive/ASD_XAI_Project/slices/ASD/51463/slice_171.jpg,ASD,0.0002550870720188,0.005799472332000732,0.6169330061481927,0.008328765162702773,0.3126308856554477,122.0
51463,/content/drive/MyDrive/ASD_XAI_Project/slices/ASD/51463/slice_172.jpg,ASD,0.0002583359744783,0.03381931781768799,0.6291725767001091,0.04856875590423927,0.33887066630217416,103.0
51463,/content/drive/MyDrive/ASD_XAI_Project/slices/ASD/51463/slice_173.jpg,ASD,0.0002456003036835,0.026249349117279053,0.5811935612750285,0.037697337267267254,0.30944544927114787,124.0
51463,/content/drive/MyDrive/ASD_XAI_Project/slices/ASD/51463/slice_174.jpg,ASD,0.0002823997191972,0.005149662494659424,0.7198277763873301,0.007395557238635869,0.36361166681298296,84.0
51463,/content/drive/MyDrive/ASD_XAI_Project/slices/ASD/51463/slice_175.jpg,ASD,0.0002588135442304,0.011384457349777222,0.6309717223337974,0.016349499806715878,0.3236606110702566,116.0
51475,/content/drive/MyDrive/ASD_XAI_Project/slices/Control/51475/slice_000.jpg,Control,0.0002495351727397,0.04779919981956482,0.5960173696307042,0.06864560902645407,0.33233148932857914,149.0
51475,/content/drive/MyDrive/ASD_XAI_Project/slices/Control/51475/slice_001.jpg,Control,0.000218847949276,0.05642944574356079,0.4804095785971202,0.08103971791817421,0.2807246482576472,166.0
51475,/content/drive/MyDrive/ASD_XAI_Project/slices/Control/51475/slice_002.jpg,Control,0.0002089237779745,0.23622190952301025,0.44302230817943455,0.3392441067174878,0.39113320744846114,127.0
51475,/content/drive/MyDrive/ASD_XAI_Project/slices/Control/51475/slice_003.jpg,Control,0.0002369618366186,0.2724378705024719,0.5486499166383348,0.3912547409393574,0.46995232878884613,71.0
51475,/content/drive/MyDrive/ASD_XAI_Project/slices/Control/51475/slice_004.jpg,Control,0.0002339252973219,0.07896590232849121,0.5372103805430144,0.1134048787035138,0.3253076296232641,151.0
51475,/content/drive/MyDrive/ASD_XAI_Project/slices/Control/51475/slice_005.jpg,Control,0.0002230043265474,0.035155534744262695,0.4960678735098921,0.05048772996787272,0.27327780173888244,168.0
51475,/content/drive/MyDrive/ASD_XAI_Project/slices/Control/51475/slice_006.jpg,Control,0.0002227328187404,0.03641238808631897,0.4950450237935347,0.05229272803160752,0.2736688759125711,167.0
51475,/content/drive/MyDrive/ASD_XAI_Project/slices/Control/51475/slice_007.jpg,Control,0.0002168187184441,0.011104762554168701,0.4727648695783749,0.01594782321676138,0.24435634639756812,172.0
51475,/content/drive/MyDrive/ASD_XAI_Project/slices/Control/51475/slice_008.jpg,Control,0.0002618325434007,0.2584086060523987,0.6423451796171995,0.3711069684660979,0.5067260740416487,47.0
51475,/content/drive/MyDrive/ASD_XAI_Project/slices/Control/51475/slice_009.jpg,Control,0.0001842679080903,0.4473327696323395,0.3501363989444206,0.6424256164291161,0.49628100768676836,53.0
51475,/content/drive/MyDrive/ASD_XAI_Project/slices/Control/51475/slice_010.jpg,Control,0.0002159208403689,0.27943557500839233,0.4693822989455464,0.4013043168613261,0.4353433079034362,97.0
51475,/content/drive/MyDrive/ASD_XAI_Project/slices/Control/51475/slice_011.jpg,Control,0.0002925117936428,0.32205086946487427,0.7579229331813561,0.46250519162177534,0.6102140624015657,9.0
51475,/content/drive/MyDrive/ASD_XAI_Project/slices/Control/51475/slice_012.jpg,Control,0.0002114156007072,0.03169772028923035,0.4524097368634104,0.045521877400001576,0.248965807131706,171.0
51475,/content/drive/MyDrive/ASD_XAI_Project/slices/Control/51475/slice_013.jpg,Control,0.0002271821086661,0.24305769801139832,0.5118068067742142,0.3490611510557353,0.43043397891497476,102.0
51475,/content/drive/MyDrive/ASD_XAI_Project/slices/Control/51475/slice_014.jpg,Control,0.0002304853981653,0.30283674597740173,0.5242512692912836,0.4349113152873188,0.47958129228930124,65.0
51475,/content/drive/MyDrive/ASD_XAI_Project/slices/Control/51475/slice_015.jpg,Control,0.0002600980792978,0.33982565999031067,0.635810943510746,0.4880320064124447,0.5619214749615953,23.0
51475,/content/drive/MyDrive/ASD_XAI_Project/slices/Control/51475/slice_016.jpg,Control,0.0001986649030458,0.35972529649734497,0.4043741108148293,0.5166103648909751,0.4604922378529022,77.0
51475,/content/drive/MyDrive/ASD_XAI_Project/slices/Control/51475/slice_017.jpg,Control,0.0001667880089777,0.526512086391449,0.28428448092101216,0.7561369848567283,0.5202107328888702,41.0
51475,/content/drive/MyDrive/ASD_XAI_Project/slices/Control/51475/slice_018.jpg,Control,0.0002165390639263,0.24995887279510498,0.4717113288077782,0.35897209826434623,0.4153417135360622,111.0
51475,/content/drive/MyDrive/ASD_XAI_Project/slices/Control/51475/slice_019.jpg,Control,0.0001803544070803,0.29847052693367004,0.33539309029973396,0.4286408804990531,0.38201698539939355,131.0
51475,/content/drive/MyDrive/ASD_XAI_Project/slices/Control/51475/slice_020.jpg,Control,0.0002247762707815,0.2897966504096985,0.5027433082875388,0.41618411262729105,0.4594637104574149,79.0
51475,/content/drive/MyDrive/ASD_XAI_Project/slices/Control/51475/slice_021.jpg,Control,0.0002451607779593,0.1974641978740692,0.5795377386771547,0.2835832017095287,0.43156047019334176,101.0
51475,/content/drive/MyDrive/ASD_XAI_Project/slices/Control/51475/slice_022.jpg,Control,0.0002413577985809,0.12980246543884277,0.5652107975055896,0.18641252001748973,0.37581165876153966,133.0
51475,/content/drive/MyDrive/ASD_XAI_Project/slices/Control/51475/slice_023.jpg,Control,0.0002441895846281,0.2283078134059906,0.5758789679245843,0.32787847821539007,0.45187872306998716,88.0
51475,/content/drive/MyDrive/ASD_XAI_Project/slices/Control/51475/slice_024.jpg,Control,0.0001886537538268,0.18335440754890442,0.3666591690155091,0.2633197840422301,0.3149894765288696,154.0
51475,/content/drive/MyDrive/ASD_XAI_Project/slices/Control/51475/slice_025.jpg,Control,0.0001706236465738,0.22311356663703918,0.2987344551982556,0.3204188924015201,0.30957667379988785,156.0
51475,/content/drive/MyDrive/ASD_XAI_Project/slices/Control/51475/slice_026.jpg,Control,0.0001856296996917,0.35587000846862793,0.355266668193842,0.5110736907269161,0.43317017946037906,99.0
51475,/content/drive/MyDrive/ASD_XAI_Project/slices/Control/51475/slice_027.jpg,Control,0.0001838700369342,0.5197932720184326,0.34863750134858207,0.7464879299287708,0.5475627156386764,26.0
51475,/content/drive/MyDrive/ASD_XAI_Project/slices/Control/51475/slice_028.jpg,Control,0.0001717964074742,0.4763486981391907,0.30315259023305857,0.6840961065490275,0.4936243483910431,55.0
51475,/content/drive/MyDrive/ASD_XAI_Project/slices/Control/51475/slice_029.jpg,Control,0.0002160024355573,0.4875842034816742,0.4696896920044542,0.700231692706666,0.5849606923555601,14.0
51475,/content/drive/MyDrive/ASD_XAI_Project/slices/Control/51475/slice_030.jpg,Control,0.0002390458034387,0.48178234696388245,0.5565008322138032,0.6918995035559827,0.624200167884893,4.0
51475,/content/drive/MyDrive/ASD_XAI_Project/slices/Control/51475/slice_031.jpg,Control,0.0001916024860566,0.37141212821006775,0.37776791007968386,0.5333941119733093,0.4555810110264966,83.0
51475,/content/drive/MyDrive/ASD_XAI_Project/slices/Control/51475/slice_032.jpg,Control,0.000197904615369,0.42194145917892456,0.4015098836562897,0.6059605296361568,0.5037352066462233,49.0
51475,/content/drive/MyDrive/ASD_XAI_Project/slices/Control/51475/slice_033.jpg,Control,0.0002037214871978,0.27765414118766785,0.4234237496549039,0.39874595584219663,0.4110848527485503,114.0
51475,/content/drive/MyDrive/ASD_XAI_Project/slices/Control/51475/slice_034.jpg,Control,0.0002393996683156,0.24310240149497986,0.5578339452206275,0.34912535083036844,0.45347964802549795,85.0
51475,/content/drive/MyDrive/ASD_XAI_Project/slices/Control/51475/slice_035.jpg,Control,0.0002506200299161,0.36814451217651367,0.6001043454986543,0.5287014080465772,0.5644028767726157,21.0
51475,/content/drive/MyDrive/ASD_XAI_Project/slices/Control/51475/slice_036.jpg,Control,0.000230808779087,0.27253925800323486,0.5254695402783726,0.3914003460282253,0.4584349431532989,81.0
51475,/content/drive/MyDrive/ASD_XAI_Project/slices/Control/51475/slice_037.jpg,Control,0.0002261931392366,0.33046063780784607,0.5080810682342162,0.474582667225005,0.49133186772961057,57.0
51475,/content/drive/MyDrive/ASD_XAI_Project/slices/Control/51475/slice_038.jpg,Control,0.000234669771919,0.29413336515426636,0.5400150351822052,0.4224121755642989,0.48121360537325203,63.0
51475,/content/drive/MyDrive/ASD_XAI_Project/slices/Control/51475/slice_039.jpg,Control,0.0002652761592183,0.17374944686889648,0.6553182926233979,0.2495258632644096,0.45242207794390377,86.0
51475,/content/drive/MyDrive/ASD_XAI_Project/slices/Control/51475/slice_040.jpg,Control,0.0002085385529263,0.3503112196922302,0.4415710521892701,0.5030905771508379,0.472330814670054,70.0
51475,/content/drive/MyDrive/ASD_XAI_Project/slices/Control/51475/slice_041.jpg,Control,0.0002042507631484,0.43404072523117065,0.4254176877369349,0.623336583839256,0.5243771357880955,37.0
51475,/content/drive/MyDrive/ASD_XAI_Project/slices/Control/51475/slice_042.jpg,Control,0.0002561593364284,0.5018477439880371,0.6209725413620717,0.7207159147988527,0.6708442280804622,3.0
51475,/content/drive/MyDrive/ASD_XAI_Project/slices/Control/51475/slice_043.jpg,Control,0.0001928545002682,0.4250008463859558,0.3824846156336075,0.6103541910126479,0.49641940332312773,52.0
51475,/content/drive/MyDrive/ASD_XAI_Project/slices/Control/51475/slice_044.jpg,Control,0.0002557803931239,0.3528907001018524,0.6195449505468898,0.5067950325467178,0.5631699915468038,22.0
51475,/content/drive/MyDrive/ASD_XAI_Project/slices/Control/51475/slice_045.jpg,Control,0.0002017296536534,0.45458748936653137,0.41591992721078264,0.6528442982553754,0.534382112733079,33.0
51475,/content/drive/MyDrive/ASD_XAI_Project/slices/Control/51475/slice_046.jpg,Control,0.000191644191006,0.3084736466407776,0.3779250248828855,0.44300660726960583,0.41046581607624566,116.0
51475,/content/drive/MyDrive/ASD_XAI_Project/slices/Control/51475/slice_047.jpg,Control,0.0001958651581868,0.4000096023082733,0.39382664897001646,0.5744636494028051,0.48414514918641083,61.0
51475,/content/drive/MyDrive/ASD_XAI_Project/slices/Control/51475/slice_048.jpg,Control,0.0001834690100149,0.24699097871780396,0.3471267150651597,0.35470983242660425,0.35091827374588197,143.0
51475,/content/drive/MyDrive/ASD_XAI_Project/slices/Control/51475/slice_049.jpg,Control,0.0001832926481233,0.3029300570487976,0.3464623079794389,0.435045321616903,0.39075381479817095,128.0
51475,/content/drive/MyDrive/ASD_XAI_Project/slices/Control/51475/slice_050.jpg,Control,0.0001851422057347,0.1941920518875122,0.3534301351631604,0.27888399220563376,0.3161570636843971,153.0
51475,/content/drive/MyDrive/ASD_XAI_Project/slices/Control/51475/slice_051.jpg,Control,0.0001782842293683,0.3608766198158264,0.32759412234766816,0.518263808686726,0.42292896551719705,106.0
51475,/content/drive/MyDrive/ASD_XAI_Project/slices/Control/51475/slice_052.jpg,Control,0.0001678899052342,0.28764432668685913,0.28843564801219024,0.4130931074779555,0.35076437774507285,144.0
51475,/content/drive/MyDrive/ASD_XAI_Project/slices/Control/51475/slice_053.jpg,Control,0.0001587823413084,0.2670193314552307,0.25412477761349234,0.38347304345622824,0.3187989105348603,152.0
51475,/content/drive/MyDrive/ASD_XAI_Project/slices/Control/51475/slice_054.jpg,Control,0.0001523663449123,0.4189094603061676,0.22995383326233715,0.6016062013215909,0.415780017291964,110.0
51475,/content/drive/MyDrive/ASD_XAI_Project/slices/Control/51475/slice_055.jpg,Control,0.0001723899799359,0.25846439599990845,0.3053887521718106,0.37118708978484,0.3382879209783253,146.0
51475,/content/drive/MyDrive/ASD_XAI_Project/slices/Control/51475/slice_056.jpg,Control,0.0001552950166233,0.4644012749195099,0.24098700045557508,0.6669381175804321,0.4539625590180036,84.0
51475,/content/drive/MyDrive/ASD_XAI_Project/slices/Control/51475/slice_057.jpg,Control,0.0001590948071091,0.4074050784111023,0.25530192813136815,0.5850844749194593,0.42019320152541373,108.0
51475,/content/drive/MyDrive/ASD_XAI_Project/slices/Control/51475/slice_058.jpg,Control,0.0001589141306741,0.5342001914978027,0.2546212668924366,0.7671780620981308,0.5108996644952837,46.0
51475,/content/drive/MyDrive/ASD_XAI_Project/slices/Control/51475/slice_059.jpg,Control,0.0001587011764146,0.5022667646408081,0.25381900560082415,0.7213176806864137,0.4875683431436189,60.0
51475,/content/drive/MyDrive/ASD_XAI_Project/slices/Control/51475/slice_060.jpg,Control,0.0001620329153748,0.4608677625656128,0.2663706455999552,0.6618635533941821,0.4641170994970687,74.0
51475,/content/drive/MyDrive/ASD_XAI_Project/slices/Control/51475/slice_061.jpg,Control,0.0002066209256692,0.46298936009407043,0.4343467866417089,0.6649104318984199,0.5496286092700644,25.0
51475,/content/drive/MyDrive/ASD_XAI_Project/slices/Control/51475/slice_062.jpg,Control,0.0001475416411419,0.45610204339027405,0.21177775597899673,0.6550193866199452,0.43339857129947096,98.0
51475,/content/drive/MyDrive/ASD_XAI_Project/slices/Control/51475/slice_063.jpg,Control,0.0001512025983123,0.4797232449054718,0.2255696577468172,0.6889423763366821,0.4572560170417497,82.0
51475,/content/drive/MyDrive/ASD_XAI_Project/slices/Control/51475/slice_064.jpg,Control,0.0001509733032893,0.5704275965690613,0.2247058359958731,0.8192051314623066,0.5219554837290898,39.0
51475,/content/drive/MyDrive/ASD_XAI_Project/slices/Control/51475/slice_065.jpg,Control,0.0001499537470036,0.5101820230484009,0.2208648677778259,0.7326849783826519,0.4767749230802389,66.0
51475,/content/drive/MyDrive/ASD_XAI_Project/slices/Control/51475/slice_066.jpg,Control,0.0001771315653735,0.3948467969894409,0.32325169826357314,0.5670492174304271,0.44515045784700014,90.0
51475,/content/drive/MyDrive/ASD_XAI_Project/slices/Control/51475/slice_067.jpg,Control,0.0001752450182131,0.37183815240859985,0.3161445205760084,0.5340059358255629,0.42507522820078564,104.0
51475,/content/drive/MyDrive/ASD_XAI_Project/slices/Control/51475/slice_068.jpg,Control,0.0002003714153897,0.25696951150894165,0.4108030444289503,0.3690402493211088,0.38992164687502956,129.0
51475,/content/drive/MyDrive/ASD_XAI_Project/slices/Control/51475/slice_069.jpg,Control,0.0002241096527435,0.24065840244293213,0.5002319621917448,0.34561546355147676,0.4229237128716108,107.0
51475,/content/drive/MyDrive/ASD_XAI_Project/slices/Control/51475/slice_070.jpg,Control,0.0001679593271349,0.45825281739234924,0.28869718071809874,0.6581081661770934,0.4734026734475961,68.0
51475,/content/drive/MyDrive/ASD_XAI_Project/slices/Control/51475/slice_071.jpg,Control,0.0001891918016436,0.3596642017364502,0.3686861532959303,0.5165226251989765,0.4426043892474534,93.0
51475,/content/drive/MyDrive/ASD_XAI_Project/slices/Control/51475/slice_072.jpg,Control,0.0002431269385706,0.11601459980010986,0.5718756678702981,0.166611426327249,0.36924354709877355,135.0
51475,/content/drive/MyDrive/ASD_XAI_Project/slices/Control/51475/slice_073.jpg,Control,0.0002076077080533,0.18393474817276,0.4380642859388219,0.26415322551651715,0.35110875572766953,142.0
51475,/content/drive/MyDrive/ASD_XAI_Project/slices/Control/51475/slice_074.jpg,Control,0.0001955690647986,0.3848331868648529,0.3927111781425581,0.5526684251127605,0.4726898016276593,69.0
51475,/content/drive/MyDrive/ASD_XAI_Project/slices/Control/51475/slice_075.jpg,Control,0.0002223260929588,0.388083815574646,0.4935127682206967,0.557336733125132,0.5254247506729144,35.0
51475,/content/drive/MyDrive/ASD_XAI_Project/slices/Control/51475/slice_076.jpg,Control,0.0002120195826741,0.38595423102378845,0.4546851144680355,0.5542783842611599,0.5044817493645977,48.0
51475,/content/drive/MyDrive/ASD_XAI_Project/slices/Control/51475/slice_077.jpg,Control,0.0002093847509331,0.34149444103240967,0.4447589288135235,0.49042858399949874,0.46759375640651113,72.0
51475,/content/drive/MyDrive/ASD_XAI_Project/slices/Control/51475/slice_078.jpg,Control,0.0001536174509706,0.4096122086048126,0.2346671175358358,0.5882541889924949,0.41146065326416537,113.0
51475,/content/drive/MyDrive/ASD_XAI_Project/slices/Control/51475/slice_079.jpg,Control,0.0001622670005185,0.4278385043144226,0.26725251314359105,0.6144294215069588,0.4408409673252749,95.0
51475,/content/drive/MyDrive/ASD_XAI_Project/slices/Control/51475/slice_080.jpg,Control,0.0001615321979557,0.4619506299495697,0.26448429590061984,0.6634186859350449,0.4639514909178324,75.0
51475,/content/drive/MyDrive/ASD_XAI_Project/slices/Control/51475/slice_081.jpg,Control,0.0001470926447305,0.4687534272670746,0.2100862545186134,0.6731883508396133,0.44163730267911333,94.0
51475,/content/drive/MyDrive/ASD_XAI_Project/slices/Control/51475/slice_082.jpg,Control,0.0001502666274618,0.4870336055755615,0.2220435804323893,0.6994409654824347,0.460742272957412,76.0
51475,/content/drive/MyDrive/ASD_XAI_Project/slices/Control/51475/slice_083.jpg,Control,0.0001335446030694,0.46228164434432983,0.15904679925074044,0.6638940638662783,0.4114704315585094,112.0
51475,/content/drive/MyDrive/ASD_XAI_Project/slices/Control/51475/slice_084.jpg,Control,0.0001665538974262,0.35637983679771423,0.2834025138914314,0.5118058677566818,0.3976041908240566,123.0
51475,/content/drive/MyDrive/ASD_XAI_Project/slices/Control/51475/slice_085.jpg,Control,0.0001856161432404,0.18776535987854004,0.3552155970569924,0.2696544614049787,0.31243502923098554,155.0
51475,/content/drive/MyDrive/ASD_XAI_Project/slices/Control/51475/slice_086.jpg,Control,0.0001593902962854,0.041170716285705566,0.2564151227149963,0.05912628044310513,0.1577707015790507,176.0
51475,/content/drive/MyDrive/ASD_XAI_Project/slices/Control/51475/slice_087.jpg,Control,0.0001545712115321,0.32367148995399475,0.2382602139207334,0.4648326046516246,0.35154640928617903,141.0
51475,/content/drive/MyDrive/ASD_XAI_Project/slices/Control/51475/slice_088.jpg,Control,0.0001459674239917,0.42531946301460266,0.2058472172465799,0.610811764206383,0.4083294907264814,118.0
51475,/content/drive/MyDrive/ASD_XAI_Project/slices/Control/51475/slice_089.jpg,Control,0.0002105530130595,0.10766071081161499,0.44916011564429253,0.15461420044231078,0.3018871580433017,161.0
51475,/content/drive/MyDrive/ASD_XAI_Project/slices/Control/51475/slice_090.jpg,Control,0.0001972765438775,0.19515693187713623,0.3991437537315875,0.2802696801413148,0.33970671693645116,145.0
51475,/content/drive/MyDrive/ASD_XAI_Project/slices/Control/51475/slice_091.jpg,Control,0.0002024566743925,0.26180499792099,0.4186588280364756,0.37598461054362314,0.39732171929004934,124.0
51475,/content/drive/MyDrive/ASD_XAI_Project/slices/Control/51475/slice_092.jpg,Control,0.0001777841296551,0.34533748030662537,0.3257100997280274,0.49594766742530827,0.4108288835766678,115.0
51475,/content/drive/MyDrive/ASD_XAI_Project/slices/Control/51475/slice_093.jpg,Control,0.0002093650754321,0.11876970529556274,0.44468480541781197,0.1705681012377374,0.3076264533277747,158.0
51475,/content/drive/MyDrive/ASD_XAI_Project/slices/Control/51475/slice_094.jpg,Control,0.0002181683147567,0.2854078710079193,0.4778491955901863,0.40988127835276045,0.4438652369714734,92.0
51475,/content/drive/MyDrive/ASD_XAI_Project/slices/Control/51475/slice_095.jpg,Control,0.0002177170901367,0.33792391419410706,0.4761492998130439,0.48530086239985265,0.4807250811064483,64.0
51475,/content/drive/MyDrive/ASD_XAI_Project/slices/Control/51475/slice_096.jpg,Control,0.0002010153982697,0.3525095283985138,0.4132291172311479,0.5062476224683461,0.45973836984974703,78.0
51475,/content/drive/MyDrive/ASD_XAI_Project/slices/Control/51475/slice_097.jpg,Control,0.0002062825243652,0.20918390154838562,0.43307192945938344,0.30041415702614316,0.3667430432427633,136.0
51475,/content/drive/MyDrive/ASD_XAI_Project/slices/Control/51475/slice_098.jpg,Control,0.0002122691869466,0.18761992454528809,0.45562544713157554,0.2694455981381723,0.36253552263487393,138.0
51475,/content/drive/MyDrive/ASD_XAI_Project/slices/Control/51475/slice_099.jpg,Control,0.0002157474447229,0.38925987482070923,0.4687290665789031,0.55902570079618,0.5138773836875415,44.0
51475,/content/drive/MyDrive/ASD_XAI_Project/slices/Control/51475/slice_100.jpg,Control,0.0001908756697403,0.3581274747848511,0.3750297793747668,0.5143156937461887,0.44467273656047773,91.0
51475,/content/drive/MyDrive/ASD_XAI_Project/slices/Control/51475/slice_101.jpg,Control,0.0001810205323292,0.3360082507133484,0.3379025799141372,0.4825497308574248,0.410226155385781,117.0
51475,/content/drive/MyDrive/ASD_XAI_Project/slices/Control/51475/slice_102.jpg,Control,0.0001987047566172,0.41769084334373474,0.4045242509329082,0.5998561154650923,0.5021901831990003,51.0
51475,/content/drive/MyDrive/ASD_XAI_Project/slices/Control/51475/slice_103.jpg,Control,0.0002186478724793,0.34704846143722534,0.47965583049309507,0.49840484959961595,0.4890303400463555,59.0
51475,/content/drive/MyDrive/ASD_XAI_Project/slices/Control/51475/slice_104.jpg,Control,0.0002113064866805,0.23712128400802612,0.4519986722517003,0.3405357205834065,0.39626719641755337,125.0
51475,/content/drive/MyDrive/ASD_XAI_Project/slices/Control/51475/slice_105.jpg,Control,0.0002053267760727,0.2271866798400879,0.4294713447075324,0.3262683906674414,0.37786986768748687,132.0
51475,/content/drive/MyDrive/ASD_XAI_Project/slices/Control/51475/slice_106.jpg,Control,0.0002028970396267,0.12922236323356628,0.4203178133152862,0.18557942094200072,0.30294861712864346,159.0
51475,/content/drive/MyDrive/ASD_XAI_Project/slices/Control/51475/slice_107.jpg,Control,0.0002213637896519,0.1498403549194336,0.4898874888028106,0.21518942699903545,0.35253845790092303,140.0
51475,/content/drive/MyDrive/ASD_XAI_Project/slices/Control/51475/slice_108.jpg,Control,0.0002195520413237,0.1995084583759308,0.4830621003026175,0.28651901460365115,0.3847905574531343,130.0
51475,/content/drive/MyDrive/ASD_XAI_Project/slices/Control/51475/slice_109.jpg,Control,0.0002249057461631,0.2176453173160553,0.5032310801082025,0.3125658047689989,0.40789844243860074,119.0
51475,/content/drive/MyDrive/ASD_XAI_Project/slices/Control/51475/slice_110.jpg,Control,0.0002113258963134,0.14709919691085815,0.45207179404412956,0.2112527824182326,0.33166228823118105,150.0
51475,/content/drive/MyDrive/ASD_XAI_Project/slices/Control/51475/slice_111.jpg,Control,0.0002318007737963,0.049317866563797,0.5292066759366322,0.07082660377029013,0.30001663985346116,162.0
51475,/content/drive/MyDrive/ASD_XAI_Project/slices/Control/51475/slice_112.jpg,Control,0.0001907152036246,0.16847771406173706,0.3744252563492881,0.24195499784117558,0.30819012709523186,157.0
51475,/content/drive/MyDrive/ASD_XAI_Project/slices/Control/51475/slice_113.jpg,Control,0.0001737385353193,0.04515838623046875,0.3104691566973533,0.06485307153977767,0.18766111411856548,175.0
51475,/content/drive/MyDrive/ASD_XAI_Project/slices/Control/51475/slice_114.jpg,Control,0.0001888854674952,0.03044995665550232,0.36753210251461493,0.043729933290442176,0.20563101790252855,174.0
51475,/content/drive/MyDrive/ASD_XAI_Project/slices/Control/51475/slice_115.jpg,Control,0.0002109792708729,0.0538981556892395,0.45076595412219433,0.07740446987934893,0.2640852120007716,170.0
51475,/content/drive/MyDrive/ASD_XAI_Project/slices/Control/51475/slice_116.jpg,Control,0.0002446202159948,0.019030511379241943,0.5775012828633354,0.02733018646011345,0.3024157346617244,160.0
51475,/content/drive/MyDrive/ASD_XAI_Project/slices/Control/51475/slice_117.jpg,Control,0.0001809521648228,0.07418760657310486,0.33764501942148695,0.10654265039268006,0.2220938349070835,173.0
51475,/content/drive/MyDrive/ASD_XAI_Project/slices/Control/51475/slice_118.jpg,Control,0.0002052250493025,0.10809433460235596,0.4290881100624784,0.15523693825625196,0.29216252415936517,164.0
51475,/content/drive/MyDrive/ASD_XAI_Project/slices/Control/51475/slice_119.jpg,Control,0.0002142255847118,0.1460767686367035,0.46299577257940744,0.20978444797267384,0.33639011027604065,148.0
51475,/content/drive/MyDrive/ASD_XAI_Project/slices/Control/51475/slice_120.jpg,Control,0.00020116586203,0.31341353058815,0.4137959584437284,0.4501008963658134,0.4319484274047709,100.0
51475,/content/drive/MyDrive/ASD_XAI_Project/slices/Control/51475/slice_121.jpg,Control,0.0001670781935398,0.30440282821655273,0.285377691463703,0.4371604045921157,0.3612690480279094,139.0
51475,/content/drive/MyDrive/ASD_XAI_Project/slices/Control/51475/slice_122.jpg,Control,0.0002124269485838,0.1900516152381897,0.45621978159158655,0.272937809079115,0.36457879533535076,137.0
51475,/content/drive/MyDrive/ASD_XAI_Project/slices/Control/51475/slice_123.jpg,Control,0.0001899220562917,0.2954932153224945,0.37143723720740607,0.4243650899087884,0.39790116355809724,122.0
51475,/content/drive/MyDrive/ASD_XAI_Project/slices/Control/51475/slice_124.jpg,Control,0.0001423736441614,0.4308401048183441,0.19230839226511845,0.6187400939747741,0.4055242431199463,120.0
51475,/content/drive/MyDrive/ASD_XAI_Project/slices/Control/51475/slice_125.jpg,Control,0.0002049025493329,0.2811109125614166,0.4278731578808984,0.40371031041532635,0.4157917341481124,109.0
51475,/content/drive/MyDrive/ASD_XAI_Project/slices/Control/51475/slice_126.jpg,Control,0.0001859538230699,0.31080543994903564,0.35648773623280516,0.4463553531141684,0.4014215446734868,121.0
51475,/content/drive/MyDrive/ASD_XAI_Project/slices/Control/51475/slice_127.jpg,Control,0.0001350033242706,0.507247805595398,0.1645422307942319,0.7284710763751335,0.4465066535846827,89.0
51475,/content/drive/MyDrive/ASD_XAI_Project/slices/Control/51475/slice_128.jpg,Control,0.0001775733220837,0.4212954342365265,0.3249159256414882,0.6050327572930088,0.4649743414672485,73.0
51475,/content/drive/MyDrive/ASD_XAI_Project/slices/Control/51475/slice_129.jpg,Control,0.0001767868931281,0.49995434284210205,0.32195321660170456,0.7179967547441921,0.5199749856729483,42.0
51475,/content/drive/MyDrive/ASD_XAI_Project/slices/Control/51475/slice_130.jpg,Control,0.0001888136719623,0.5396799445152283,0.36726162763850034,0.7750476704726575,0.571154649055579,18.0
51475,/content/drive/MyDrive/ASD_XAI_Project/slices/Control/51475/slice_131.jpg,Control,0.0002163190559458,0.40172967314720154,0.4708824940757781,0.5769338855312882,0.5239081898035332,38.0
51475,/content/drive/MyDrive/ASD_XAI_Project/slices/Control/51475/slice_132.jpg,Control,0.0002440668980599,0.45933401584625244,0.5754167715595114,0.6596609019263698,0.6175388367429406,7.0
51475,/content/drive/MyDrive/ASD_XAI_Project/slices/Control/51475/slice_133.jpg,Control,0.000210051617705,0.43665891885757446,0.44727121196303204,0.6270966362399681,0.5371839241015001,32.0
51475,/content/drive/MyDrive/ASD_XAI_Project/slices/Control/51475/slice_134.jpg,Control,0.0002358413812906,0.4879896640777588,0.5444288320695365,0.7008139846625883,0.6226214083660624,5.0
51475,/content/drive/MyDrive/ASD_XAI_Project/slices/Control/51475/slice_135.jpg,Control,0.0002067497376489,0.558573842048645,0.4348320592324141,0.8021816624214922,0.6185068608269532,6.0
51475,/content/drive/MyDrive/ASD_XAI_Project/slices/Control/51475/slice_136.jpg,Control,0.0002808375016553,0.4857076108455658,0.7139424437065611,0.6975366717672674,0.7057395577369143,1.0
51475,/content/drive/MyDrive/ASD_XAI_Project/slices/Control/51475/slice_137.jpg,Control,0.0001769843024742,0.5303994417190552,0.3226969156352454,0.7617197116591242,0.5422083136471848,29.0
51475,/content/drive/MyDrive/ASD_XAI_Project/slices/Control/51475/slice_138.jpg,Control,0.0001763483126862,0.6002076864242554,0.3203009551601125,0.8619730525297964,0.5911370038449544,12.0
51475,/content/drive/MyDrive/ASD_XAI_Project/slices/Control/51475/slice_139.jpg,Control,0.0002029395504519,0.5123721361160278,0.42047796408950666,0.7358302537414773,0.578154108915492,16.0
51475,/content/drive/MyDrive/ASD_XAI_Project/slices/Control/51475/slice_140.jpg,Control,0.0002150079476633,0.4194682240486145,0.4659431637865793,0.602408655704655,0.5341759097456171,34.0
51475,/content/drive/MyDrive/ASD_XAI_Project/slices/Control/51475/slice_141.jpg,Control,0.0002123076056132,0.44332125782966614,0.45577018154149496,0.6366645854526393,0.5462173834970672,27.0
51475,/content/drive/MyDrive/ASD_XAI_Project/slices/Control/51475/slice_142.jpg,Control,0.0002880917293746,0.46080300211906433,0.74127125184311,0.6617705493206637,0.7015209005818869,2.0
51475,/content/drive/MyDrive/ASD_XAI_Project/slices/Control/51475/slice_143.jpg,Control,0.0002295668451634,0.3690137267112732,0.5207908101323591,0.5299497084645434,0.5253702592984513,36.0
51475,/content/drive/MyDrive/ASD_XAI_Project/slices/Control/51475/slice_144.jpg,Control,0.000198679875725,0.4687868654727936,0.4044305172984662,0.6732363722710388,0.5388334447847525,31.0
51475,/content/drive/MyDrive/ASD_XAI_Project/slices/Control/51475/slice_145.jpg,Control,0.000230863635067,0.44142526388168335,0.5256761988794769,0.6339417018110499,0.5798089503452635,15.0
51475,/content/drive/MyDrive/ASD_XAI_Project/slices/Control/51475/slice_146.jpg,Control,0.0001825896123602,0.4859592914581299,0.34381376560851556,0.6978981164984518,0.5208559410534837,40.0
51475,/content/drive/MyDrive/ASD_XAI_Project/slices/Control/51475/slice_147.jpg,Control,0.0002275470502958,0.3150688707828522,0.5131816491647525,0.4524781712206277,0.4828299101926901,62.0
51475,/content/drive/MyDrive/ASD_XAI_Project/slices/Control/51475/slice_148.jpg,Control,0.0002354595437793,0.30684787034988403,0.5429903379266119,0.44067178986574884,0.49183106389618036,56.0
51475,/content/drive/MyDrive/ASD_XAI_Project/slices/Control/51475/slice_149.jpg,Control,0.0002531109495849,0.23488956689834595,0.609488372075471,0.3373306966343225,0.47340953435489674,67.0
51475,/content/drive/MyDrive/ASD_XAI_Project/slices/Control/51475/slice_150.jpg,Control,0.0002167717277282,0.21855178475379944,0.47258784173906226,0.3138676049991594,0.3932277233691108,126.0
51475,/content/drive/MyDrive/ASD_XAI_Project/slices/Control/51475/slice_151.jpg,Control,0.0002155313550235,0.06551158428192139,0.4679149931635519,0.09408280093173561,0.28099889704764375,165.0
51475,/content/drive/MyDrive/ASD_XAI_Project/slices/Control/51475/slice_152.jpg,Control,0.0001951098051631,0.14201688766479492,0.39098101210020336,0.20395395284004394,0.29746748247012367,163.0
51475,/content/drive/MyDrive/ASD_XAI_Project/slices/Control/51475/slice_153.jpg,Control,0.0002038946614743,0.17397615313529968,0.424076148057571,0.24985144172149898,0.336963794889535,147.0
51475,/content/drive/MyDrive/ASD_XAI_Project/slices/Control/51475/slice_154.jpg,Control,0.0002693728375907,0.2485232949256897,0.6707516842356581,0.35691042950162827,0.5138310568686432,45.0
51475,/content/drive/MyDrive/ASD_XAI_Project/slices/Control/51475/slice_155.jpg,Control,0.0002355145942955,0.39448273181915283,0.5431977294027638,0.5665263744658151,0.5548620519342895,24.0
51475,/content/drive/MyDrive/ASD_XAI_Project/slices/Control/51475/slice_156.jpg,Control,0.0002330771322639,0.3517756760120392,0.5340150934586928,0.5051937189679689,0.5196044062133309,43.0
51475,/content/drive/MyDrive/ASD_XAI_Project/slices/Control/51475/slice_157.jpg,Control,0.0002346533720249,0.4168996512889862,0.5399532519605226,0.5987198650537857,0.5693365585071541,19.0
51475,/content/drive/MyDrive/ASD_XAI_Project/slices/Control/51475/slice_158.jpg,Control,0.0002132752238211,0.5259634256362915,0.45941548375371744,0.7553490396227313,0.6073822616882243,10.0
51475,/content/drive/MyDrive/ASD_XAI_Project/slices/Control/51475/slice_159.jpg,Control,0.000258520558038,0.2610868215560913,0.6298679572262513,0.37495321976421736,0.5024105884952343,50.0
51475,/content/drive/MyDrive/ASD_XAI_Project/slices/Control/51475/slice_160.jpg,Control,0.0002092609104855,0.4442465007305145,0.44429238544557814,0.6379933495881456,0.5411428675168619,30.0
51475,/content/drive/MyDrive/ASD_XAI_Project/slices/Control/51475/slice_161.jpg,Control,0.000216491929449,0.46977901458740234,0.4715337593770143,0.6746612220692461,0.5730974907231302,17.0
51475,/content/drive/MyDrive/ASD_XAI_Project/slices/Control/51475/slice_162.jpg,Control,0.0002553626619602,0.2530532777309418,0.6179712344647434,0.36341604946429995,0.4906936419645217,58.0
51475,/content/drive/MyDrive/ASD_XAI_Project/slices/Control/51475/slice_163.jpg,Control,0.0002403732813096,0.4258381724357605,0.5615018315542046,0.6115566955913758,0.5865292635727902,13.0
51475,/content/drive/MyDrive/ASD_XAI_Project/slices/Control/51475/slice_164.jpg,Control,0.000229686243169,0.4963393807411194,0.5212406175154726,0.7128052185685607,0.6170229180420166,8.0
51475,/content/drive/MyDrive/ASD_XAI_Project/slices/Control/51475/slice_165.jpg,Control,0.0002749903600734,0.34844157099723816,0.6919145426504851,0.5004055285764325,0.5961600356134589,11.0
51475,/content/drive/MyDrive/ASD_XAI_Project/slices/Control/51475/slice_166.jpg,Control,0.0002604193268366,0.18616753816604614,0.6370211774173611,0.2673597902601923,0.4521904838387767,87.0
51475,/content/drive/MyDrive/ASD_XAI_Project/slices/Control/51475/slice_167.jpg,Control,0.0002360529542698,0.25984126329421997,0.5452258896722435,0.37316444284353983,0.4591951662578917,80.0
51475,/content/drive/MyDrive/ASD_XAI_Project/slices/Control/51475/slice_168.jpg,Control,0.0002685540336075,0.12606698274612427,0.6676670089505439,0.18104790124944745,0.4243574550999957,105.0
51475,/content/drive/MyDrive/ASD_XAI_Project/slices/Control/51475/slice_169.jpg,Control,0.0002323574642987,0.006736069917678833,0.5313038926935659,0.009673836040965961,0.27048886436726594,169.0
51475,/content/drive/MyDrive/ASD_XAI_Project/slices/Control/51475/slice_170.jpg,Control,0.0002471835049543,0.19904571771621704,0.5871579458305506,0.28585446133649894,0.43650620358352477,96.0
51475,/content/drive/MyDrive/ASD_XAI_Project/slices/Control/51475/slice_171.jpg,Control,0.0002350000102502,0.41416120529174805,0.5412591400465572,0.5947871152593106,0.568023127652934,20.0
51475,/content/drive/MyDrive/ASD_XAI_Project/slices/Control/51475/slice_172.jpg,Control,0.0002715854823162,0.28740039467811584,0.6790873673045338,0.4127427907077075,0.5459150790061207,28.0
51475,/content/drive/MyDrive/ASD_XAI_Project/slices/Control/51475/slice_173.jpg,Control,0.0002715956019156,0.2147086262702942,0.6791254908100429,0.30834835037395086,0.4937369205919969,54.0
51475,/content/drive/MyDrive/ASD_XAI_Project/slices/Control/51475/slice_174.jpg,Control,0.0002594342878537,0.07806804776191711,0.6333102460250262,0.11211544762993264,0.3727128468274794,134.0
51475,/content/drive/MyDrive/ASD_XAI_Project/slices/Control/51475/slice_175.jpg,Control,0.0002645036458012,0.13993015885353088,0.6524080075074967,0.20095715016002008,0.4266825788337584,103.0
51476,/content/drive/MyDrive/ASD_XAI_Project/slices/Control/51476/slice_002.jpg,Control,0.0002380897601181,0.12828034162521362,0.5528991360043787,0.18422656049108205,0.36856284824773033,132.0
51476,/content/drive/MyDrive/ASD_XAI_Project/slices/Control/51476/slice_003.jpg,Control,0.0002748938116831,0.1694258451461792,0.6915508164846547,0.2433166322612941,0.46743372437297437,80.0
51476,/content/drive/MyDrive/ASD_XAI_Project/slices/Control/51476/slice_004.jpg,Control,0.0002234993358092,0.24077418446540833,0.49793271890281465,0.34578174096777653,0.4218572299352956,107.0
51476,/content/drive/MyDrive/ASD_XAI_Project/slices/Control/51476/slice_005.jpg,Control,0.0002478463631703,0.37281832098960876,0.5896551275717034,0.5354135800841685,0.5625343538279359,35.0
51476,/content/drive/MyDrive/ASD_XAI_Project/slices/Control/51476/slice_006.jpg,Control,0.000241160878539,0.11909648776054382,0.564468941824797,0.17103740159030545,0.36775317170755123,134.0
51476,/content/drive/MyDrive/ASD_XAI_Project/slices/Control/51476/slice_007.jpg,Control,0.0002622556241766,0.06587371230125427,0.6439390492609758,0.09460286190611357,0.36927095558354467,131.0
51476,/content/drive/MyDrive/ASD_XAI_Project/slices/Control/51476/slice_008.jpg,Control,0.0002635553135972,0.055219441652297974,0.6488353613409209,0.07930200121825492,0.3640686812795879,138.0
51476,/content/drive/MyDrive/ASD_XAI_Project/slices/Control/51476/slice_009.jpg,Control,0.0002893641706111,0.08357354998588562,0.7460649120041808,0.12002203507464808,0.4330434735394144,103.0
51476,/content/drive/MyDrive/ASD_XAI_Project/slices/Control/51476/slice_010.jpg,Control,0.0002446946350433,0.05347356200218201,0.5777816412938752,0.07679470041988365,0.32728817085687945,159.0
51476,/content/drive/MyDrive/ASD_XAI_Project/slices/Control/51476/slice_011.jpg,Control,0.0002101781833416,0.020763486623764038,0.4477480219189863,0.029818954923540638,0.23878348842126348,174.0
51476,/content/drive/MyDrive/ASD_XAI_Project/slices/Control/51476/slice_012.jpg,Control,0.0002355612115692,0.05122274160385132,0.543373350375539,0.0735622417671065,0.30846779607132274,163.0
51476,/content/drive/MyDrive/ASD_XAI_Project/slices/Control/51476/slice_013.jpg,Control,0.0002440590719548,0.0657731294631958,0.5753872883211835,0.09445841241318906,0.3349228503671863,152.0
51476,/content/drive/MyDrive/ASD_XAI_Project/slices/Control/51476/slice_014.jpg,Control,0.0002209632557685,0.06328311562538147,0.4883785599305471,0.09088244216627502,0.28963050104841104,167.0
51476,/content/drive/MyDrive/ASD_XAI_Project/slices/Control/51476/slice_015.jpg,Control,0.0003011538969908,0.024747878313064575,0.7904802767653416,0.03554103803674007,0.4130106574010408,113.0
51476,/content/drive/MyDrive/ASD_XAI_Project/slices/Control/51476/slice_016.jpg,Control,0.000234988823592,0.15895895659923553,0.5412169966168957,0.2282848756287726,0.3847509361228342,126.0
51476,/content/drive/MyDrive/ASD_XAI_Project/slices/Control/51476/slice_017.jpg,Control,0.000246936147699,0.09620848298072815,0.5862260783412945,0.13816737377725108,0.3621967260592728,143.0
51476,/content/drive/MyDrive/ASD_XAI_Project/slices/Control/51476/slice_018.jpg,Control,0.0002369793861202,0.0057427287101745605,0.5487160307693875,0.008247274248768477,0.27848165250907797,169.0
51476,/content/drive/MyDrive/ASD_XAI_Project/slices/Control/51476/slice_019.jpg,Control,0.0001884642631268,0.3158895969390869,0.365945301849445,0.45365683628304193,0.4098010690662435,115.0
51476,/content/drive/MyDrive/ASD_XAI_Project/slices/Control/51476/slice_020.jpg,Control,0.0001963127911196,0.33214884996414185,0.3955130138057308,0.4770071503140995,0.4362600820599152,98.0
51476,/content/drive/MyDrive/ASD_XAI_Project/slices/Control/51476/slice_021.jpg,Control,0.000181610564827,0.5686187744140625,0.34012540576833583,0.8166074373812519,0.5783664215747939,25.0
51476,/content/drive/MyDrive/ASD_XAI_Project/slices/Control/51476/slice_022.jpg,Control,0.000158404576988,0.5815954208374023,0.25270162837796745,0.8352435191611504,0.5439725737695589,44.0
51476,/content/drive/MyDrive/ASD_XAI_Project/slices/Control/51476/slice_023.jpg,Control,0.000189683379812,0.5329263210296631,0.37053807275147443,0.7653486253201857,0.5679433490358301,33.0
51476,/content/drive/MyDrive/ASD_XAI_Project/slices/Control/51476/slice_024.jpg,Control,0.0002586497789684,0.2685481011867523,0.6303547704544509,0.38566854734913136,0.5080116589017911,58.0
51476,/content/drive/MyDrive/ASD_XAI_Project/slices/Control/51476/slice_025.jpg,Control,0.0002431269608871,0.21074777841567993,0.5718757519431132,0.30266007914205817,0.4372679155425857,97.0
51476,/content/drive/MyDrive/ASD_XAI_Project/slices/Control/51476/slice_026.jpg,Control,0.0002645998138312,0.04866868257522583,0.6527703007442734,0.06989429464306808,0.36133229769367076,144.0
51476,/content/drive/MyDrive/ASD_XAI_Project/slices/Control/51476/slice_027.jpg,Control,0.0002687830323575,0.038976386189460754,0.6685297145540101,0.05597494890553936,0.3622523317297747,142.0
51476,/content/drive/MyDrive/ASD_XAI_Project/slices/Control/51476/slice_028.jpg,Control,0.0002874791739562,0.15909424424171448,0.7389635755265922,0.22847916554673728,0.48372137053666475,70.0
51476,/content/drive/MyDrive/ASD_XAI_Project/slices/Control/51476/slice_029.jpg,Control,0.0002980378659131,0.09927347302436829,0.7787412717650676,0.14256908152549622,0.4606551766452819,87.0
51476,/content/drive/MyDrive/ASD_XAI_Project/slices/Control/51476/slice_030.jpg,Control,0.0002352077549971,0.020595654845237732,0.542041775572914,0.02957792756964306,0.28580985157127853,168.0
51476,/content/drive/MyDrive/ASD_XAI_Project/slices/Control/51476/slice_031.jpg,Control,0.0002427650689624,0.19640129804611206,0.5705123986877446,0.2820567450680021,0.4262845718778734,105.0
51476,/content/drive/MyDrive/ASD_XAI_Project/slices/Control/51476/slice_032.jpg,Control,0.0002686047162658,0.16921254992485046,0.6678579454220923,0.24301031373659465,0.4554341295793435,90.0
51476,/content/drive/MyDrive/ASD_XAI_Project/slices/Control/51476/slice_033.jpg,Control,0.0002874799541637,0.19017532467842102,0.73896651479758,0.2731154712554497,0.5060409930265148,60.0
51476,/content/drive/MyDrive/ASD_XAI_Project/slices/Control/51476/slice_034.jpg,Control,0.0002615005513618,0.07782438397407532,0.6410944680204541,0.11176551605833243,0.37642999203939326,129.0
51476,/content/drive/MyDrive/ASD_XAI_Project/slices/Control/51476/slice_035.jpg,Control,0.0002270290073042,0.21240657567977905,0.5112300289411064,0.30504231877944415,0.40813617386027523,117.0
51476,/content/drive/MyDrive/ASD_XAI_Project/slices/Control/51476/slice_036.jpg,Control,0.0002318548001521,0.44721028208732605,0.5294102090995142,0.6422497090466214,0.5858299590730678,22.0
51476,/content/drive/MyDrive/ASD_XAI_Project/slices/Control/51476/slice_037.jpg,Control,0.0002298271010225,0.48783373832702637,0.5217712704535636,0.700590055848668,0.6111806631511159,17.0
51476,/content/drive/MyDrive/ASD_XAI_Project/slices/Control/51476/slice_038.jpg,Control,0.0002428323261076,0.5174860954284668,0.5707657761233732,0.7431745367601061,0.6569701564417396,8.0
51476,/content/drive/MyDrive/ASD_XAI_Project/slices/Control/51476/slice_039.jpg,Control,0.0002497346686729,0.4565829932689667,0.596768929451185,0.655710090595298,0.6262395100232414,12.0
51476,/content/drive/MyDrive/ASD_XAI_Project/slices/Control/51476/slice_040.jpg,Control,0.0002261613758958,0.40031692385673523,0.5079614063928615,0.5749050014534829,0.5414332039231722,46.0
51476,/content/drive/MyDrive/ASD_XAI_Project/slices/Control/51476/slice_041.jpg,Control,0.0002683928460737,0.31847554445266724,0.6670597681310279,0.45737057924631863,0.5622151736886732,36.0
51476,/content/drive/MyDrive/ASD_XAI_Project/slices/Control/51476/slice_042.jpg,Control,0.0002683601168038,0.4284501373767853,0.6669364673508268,0.615307802823489,0.6411221350871579,10.0
51476,/content/drive/MyDrive/ASD_XAI_Project/slices/Control/51476/slice_043.jpg,Control,0.0002162767520587,0.4455547034740448,0.470723122898208,0.639872091793009,0.5552976073456085,40.0
51476,/content/drive/MyDrive/ASD_XAI_Project/slices/Control/51476/slice_044.jpg,Control,0.0002820574807519,0.3580871820449829,0.7185384635658327,0.5142578283493193,0.616398145957576,15.0
51476,/content/drive/MyDrive/ASD_XAI_Project/slices/Control/51476/slice_045.jpg,Control,0.0002730821193156,0.24705034494400024,0.6847256388048678,0.35479508972731705,0.5197603642660924,55.0
51476,/content/drive/MyDrive/ASD_XAI_Project/slices/Control/51476/slice_046.jpg,Control,0.0003087733385318,0.3005429804325104,0.8191849527197014,0.4316171820510441,0.6254010673853727,13.0
51476,/content/drive/MyDrive/ASD_XAI_Project/slices/Control/51476/slice_047.jpg,Control,0.0002786122085076,0.13428717851638794,0.7055591103133629,0.19285312700838295,0.44920611866087296,93.0
51476,/content/drive/MyDrive/ASD_XAI_Project/slices/Control/51476/slice_048.jpg,Control,0.0002385292351579,0.17898333072662354,0.5545547676592194,0.2570423728784543,0.4057985702688368,119.0
51476,/content/drive/MyDrive/ASD_XAI_Project/slices/Control/51476/slice_049.jpg,Control,0.0002880320116666,0.17289647459983826,0.7410462776835667,0.24830088876456008,0.4946735832240634,65.0
51476,/content/drive/MyDrive/ASD_XAI_Project/slices/Control/51476/slice_050.jpg,Control,0.0002568952213797,0.008991092443466187,0.6237448362806811,0.01291232947255862,0.31832858287661986,161.0
51476,/content/drive/MyDrive/ASD_XAI_Project/slices/Control/51476/slice_051.jpg,Control,0.0002520773533458,0.04414081573486328,0.6055945112260424,0.06339171346972904,0.3344931123478857,153.0
51476,/content/drive/MyDrive/ASD_XAI_Project/slices/Control/51476/slice_052.jpg,Control,0.0002441084053449,0.11087822914123535,0.5755731417028165,0.15923495782160407,0.3674040497622103,135.0
51476,/content/drive/MyDrive/ASD_XAI_Project/slices/Control/51476/slice_053.jpg,Control,0.0002189156286427,0.005625426769256592,0.4806645466652478,0.008078814040131194,0.24437168035268952,173.0
51476,/content/drive/MyDrive/ASD_XAI_Project/slices/Control/51476/slice_054.jpg,Control,0.0002295599474039,0.10301411151885986,0.5207648242447852,0.14794110466754617,0.3343529644561657,154.0
51476,/content/drive/MyDrive/ASD_XAI_Project/slices/Control/51476/slice_055.jpg,Control,0.0002600539728849,0.039089128375053406,0.6356447816886505,0.05613686073716407,0.34589082121290726,149.0
51476,/content/drive/MyDrive/ASD_XAI_Project/slices/Control/51476/slice_056.jpg,Control,0.0002687698036893,0.016772329807281494,0.6684798782724471,0.02408715624444672,0.3462835172584469,148.0
51476,/content/drive/MyDrive/ASD_XAI_Project/slices/Control/51476/slice_057.jpg,Control,0.0002292516181744,0.00464475154876709,0.5196032574065295,0.006670442184079757,0.2631368497953046,170.0
51476,/content/drive/MyDrive/ASD_XAI_Project/slices/Control/51476/slice_058.jpg,Control,0.0002888147916668,0.13536563515663147,0.7439952400357795,0.1944019251714819,0.46919858260363073,77.0
51476,/content/drive/MyDrive/ASD_XAI_Project/slices/Control/51476/slice_059.jpg,Control,0.0002637334417355,0.027166664600372314,0.6495064223971336,0.0390147166427387,0.34426056951993617,150.0
51476,/content/drive/MyDrive/ASD_XAI_Project/slices/Control/51476/slice_060.jpg,Control,0.0002599416578005,0.1330021321773529,0.6352216577516611,0.19100764028677955,0.4131146490192203,112.0
51476,/content/drive/MyDrive/ASD_XAI_Project/slices/Control/51476/slice_061.jpg,Control,0.0002709649270173,0.1546347439289093,0.6767495530866761,0.22207476722873712,0.4494121601577066,92.0
51476,/content/drive/MyDrive/ASD_XAI_Project/slices/Control/51476/slice_062.jpg,Control,0.0002090654831787,0.48763328790664673,0.44355615333668386,0.7003021840592131,0.5719291686979484,29.0
51476,/content/drive/MyDrive/ASD_XAI_Project/slices/Control/51476/slice_063.jpg,Control,0.0002287279003013,0.4396221935749054,0.5176302582361901,0.6313522681009981,0.5744912631685941,28.0
51476,/content/drive/MyDrive/ASD_XAI_Project/slices/Control/51476/slice_064.jpg,Control,0.0002118271966318,0.5237592458724976,0.45396033969646626,0.7521835627348213,0.6030719512156438,18.0
51476,/content/drive/MyDrive/ASD_XAI_Project/slices/Control/51476/slice_065.jpg,Control,0.0002218256818581,0.5249333381652832,0.4916275725128136,0.7538697056157854,0.6227486390642994,14.0
51476,/content/drive/MyDrive/ASD_XAI_Project/slices/Control/51476/slice_066.jpg,Control,0.0002844724657135,0.1692746877670288,0.727636421780272,0.24309955142333467,0.48536798660180336,69.0
51476,/content/drive/MyDrive/ASD_XAI_Project/slices/Control/51476/slice_067.jpg,Control,0.0002447623784522,0.3575648367404938,0.5780368506277949,0.5135076753826563,0.5457722630052255,42.0
51476,/content/drive/MyDrive/ASD_XAI_Project/slices/Control/51476/slice_068.jpg,Control,0.0002478116759209,0.3254376947879791,0.5895244505071944,0.4673690949475291,0.5284467727273617,53.0
51476,/content/drive/MyDrive/ASD_XAI_Project/slices/Control/51476/slice_069.jpg,Control,0.0002767239336943,0.29040542244911194,0.6984454240494951,0.4170583851582447,0.5577519046038699,39.0
51476,/content/drive/MyDrive/ASD_XAI_Project/slices/Control/51476/slice_070.jpg,Control,0.0003087807255094,0.2429456114768982,0.8192127816356591,0.34890018082080526,0.5840564812282322,23.0
51476,/content/drive/MyDrive/ASD_XAI_Project/slices/Control/51476/slice_071.jpg,Control,0.0002533268170217,0.30093032121658325,0.610301608162276,0.43217345169831517,0.5212375299302956,54.0
51476,/content/drive/MyDrive/ASD_XAI_Project/slices/Control/51476/slice_072.jpg,Control,0.0002192879769171,0.47531548142433167,0.4820672920634905,0.6826122785578573,0.582339785310674,24.0
51476,/content/drive/MyDrive/ASD_XAI_Project/slices/Control/51476/slice_073.jpg,Control,0.0001987791560654,0.5095201730728149,0.4048045355233565,0.7317344793192838,0.5682695074213202,32.0
51476,/content/drive/MyDrive/ASD_XAI_Project/slices/Control/51476/slice_074.jpg,Control,0.0002190704465029,0.3083263039588928,0.4812477910520019,0.4427950048124151,0.46202139793220853,85.0
51476,/content/drive/MyDrive/ASD_XAI_Project/slices/Control/51476/slice_075.jpg,Control,0.0002106207067003,0.43899911642074585,0.4494151374871505,0.6304574516421617,0.5399362945646561,49.0
51476,/content/drive/MyDrive/ASD_XAI_Project/slices/Control/51476/slice_076.jpg,Control,0.0002057125207109,0.5228602886199951,0.43092455814595576,0.7508925480667993,0.5909085531063776,20.0
51476,/content/drive/MyDrive/ASD_XAI_Project/slices/Control/51476/slice_077.jpg,Control,0.0002348060964616,0.24967840313911438,0.5405286098056081,0.35856930887829813,0.44954895934195316,91.0
51476,/content/drive/MyDrive/ASD_XAI_Project/slices/Control/51476/slice_078.jpg,Control,0.0001917669700089,0.0869516134262085,0.37838756947664337,0.12487335524457376,0.25163046236060854,172.0
51476,/content/drive/MyDrive/ASD_XAI_Project/slices/Control/51476/slice_079.jpg,Control,0.0002193534167589,0.1701086461544037,0.48231382318303073,0.24429721961904025,0.3633055214010355,139.0
51476,/content/drive/MyDrive/ASD_XAI_Project/slices/Control/51476/slice_080.jpg,Control,0.0001909909134014,0.3849361538887024,0.37546393612101503,0.5528162985936654,0.46414011735734023,83.0
51476,/content/drive/MyDrive/ASD_XAI_Project/slices/Control/51476/slice_081.jpg,Control,0.0001974173132182,0.34707507491111755,0.3996740732159433,0.49844306986544756,0.4490585715406954,94.0
51476,/content/drive/MyDrive/ASD_XAI_Project/slices/Control/51476/slice_082.jpg,Control,0.0002247633740944,0.22846636176109314,0.5026947226763627,0.32810617341608883,0.4154004480462258,110.0
51476,/content/drive/MyDrive/ASD_XAI_Project/slices/Control/51476/slice_083.jpg,Control,0.0002240535729718,0.45558691024780273,0.5000206932075836,0.654279591216923,0.5771501422122534,26.0
51476,/content/drive/MyDrive/ASD_XAI_Project/slices/Control/51476/slice_084.jpg,Control,0.0002217277732851,0.4007807672023773,0.49125872213893834,0.5755711383150761,0.5334149302270073,52.0
51476,/content/drive/MyDrive/ASD_XAI_Project/slices/Control/51476/slice_085.jpg,Control,0.000214469705883,0.5038564801216125,0.46391544878863994,0.7236007102720666,0.5937580795303533,19.0
51476,/content/drive/MyDrive/ASD_XAI_Project/slices/Control/51476/slice_086.jpg,Control,0.0002380709699651,0.30057764053344727,0.5528283479748235,0.4316669582763097,0.4922476531255666,68.0
51476,/content/drive/MyDrive/ASD_XAI_Project/slices/Control/51476/slice_087.jpg,Control,0.0002574786209506,0.10723671317100525,0.6259426739495558,0.1540052869798406,0.3899739804646982,123.0
51476,/content/drive/MyDrive/ASD_XAI_Project/slices/Control/51476/slice_088.jpg,Control,0.0001922649132269,0.3425986170768738,0.3802634679449825,0.4920143184329366,0.43613889318895954,99.0
51476,/content/drive/MyDrive/ASD_XAI_Project/slices/Control/51476/slice_089.jpg,Control,0.0001561829328054,0.4661986529827118,0.24433204170888298,0.6695193765191807,0.45692570911403185,89.0
51476,/content/drive/MyDrive/ASD_XAI_Project/slices/Control/51476/slice_090.jpg,Control,0.0001428320866751,0.5077887177467346,0.1940354799694666,0.7292478936481941,0.46164168680883033,86.0
51476,/content/drive/MyDrive/ASD_XAI_Project/slices/Control/51476/slice_091.jpg,Control,0.0001777485733802,0.2926601767539978,0.32557614878901736,0.4202964933911896,0.37293632109010344,130.0
51476,/content/drive/MyDrive/ASD_XAI_Project/slices/Control/51476/slice_092.jpg,Control,0.0001537838050049,0.4882887005805969,0.23529382208138386,0.701243438355034,0.4682686302182089,78.0
51476,/content/drive/MyDrive/ASD_XAI_Project/slices/Control/51476/slice_093.jpg,Control,0.0002058291637888,0.3504526615142822,0.4313639869066362,0.5032937052377772,0.4673288460722067,81.0
51476,/content/drive/MyDrive/ASD_XAI_Project/slices/Control/51476/slice_094.jpg,Control,0.0001981435112357,0.29210013151168823,0.40240987460753724,0.419492198614586,0.4109510366110616,114.0
51476,/content/drive/MyDrive/ASD_XAI_Project/slices/Control/51476/slice_095.jpg,Control,0.0002172386037492,0.423912912607193,0.47434670094436643,0.6087917824973267,0.5415692417208465,45.0
51476,/content/drive/MyDrive/ASD_XAI_Project/slices/Control/51476/slice_096.jpg,Control,0.0001967341724677,0.47607043385505676,0.3971004812054524,0.6836964843518614,0.5403984827786569,47.0
51476,/content/drive/MyDrive/ASD_XAI_Project/slices/Control/51476/slice_097.jpg,Control,0.0002138911746742,0.3741741478443146,0.4617359516708093,0.537360716448941,0.49954833405987514,62.0
51476,/content/drive/MyDrive/ASD_XAI_Project/slices/Control/51476/slice_098.jpg,Control,0.0002502895187867,0.22753652930259705,0.5988592129232962,0.3267708181037201,0.4628150155135082,84.0
51476,/content/drive/MyDrive/ASD_XAI_Project/slices/Control/51476/slice_099.jpg,Control,0.0002198644388271,0.232686847448349,0.4842389935244889,0.3341673169390506,0.40920315523176976,116.0
51476,/content/drive/MyDrive/ASD_XAI_Project/slices/Control/51476/slice_100.jpg,Control,0.0002306717420805,0.41395828127861023,0.5249532815940356,0.594495691082326,0.5597244863381808,38.0
51476,/content/drive/MyDrive/ASD_XAI_Project/slices/Control/51476/slice_101.jpg,Control,0.0002726935845076,0.27521321177482605,0.6832619139766614,0.3952404769478297,0.5392511954622455,50.0
51476,/content/drive/MyDrive/ASD_XAI_Project/slices/Control/51476/slice_102.jpg,Control,0.0002507691913159,0.26930850744247437,0.6006662803364136,0.38676058551564063,0.4937134329260271,67.0
51476,/content/drive/MyDrive/ASD_XAI_Project/slices/Control/51476/slice_103.jpg,Control,0.0002674311686476,0.3222741186618805,0.6634368465900877,0.4628258052962931,0.5631313259431904,34.0
51476,/content/drive/MyDrive/ASD_XAI_Project/slices/Control/51476/slice_104.jpg,Control,0.0002782329595915,0.17286288738250732,0.7041303681694521,0.24825265333388574,0.4761915107516689,75.0
51476,/content/drive/MyDrive/ASD_XAI_Project/slices/Control/51476/slice_105.jpg,Control,0.0002841839344308,0.15299424529075623,0.7265494396270481,0.21971880669910096,0.4731341231630745,76.0
51476,/content/drive/MyDrive/ASD_XAI_Project/slices/Control/51476/slice_106.jpg,Control,0.0002607036693608,0.013222724199295044,0.6380923792860659,0.01898948013932892,0.3285409297126974,157.0
51476,/content/drive/MyDrive/ASD_XAI_Project/slices/Control/51476/slice_107.jpg,Control,0.000319623437278,0.025975465774536133,0.8600604639899934,0.037304006648015066,0.4486822353190042,95.0
51476,/content/drive/MyDrive/ASD_XAI_Project/slices/Control/51476/slice_108.jpg,Control,0.0003229537700129,0.0613628625869751,0.8726068063250717,0.08812471944698486,0.4803657628860283,74.0
51476,/content/drive/MyDrive/ASD_XAI_Project/slices/Control/51476/slice_109.jpg,Control,0.0003374924705207,0.121713787317276,0.9273783646641246,0.17479616999552486,0.5510872673298247,41.0
51476,/content/drive/MyDrive/ASD_XAI_Project/slices/Control/51476/slice_110.jpg,Control,0.0003411400163048,0.1410316526889801,0.9411197417975911,0.20253903260697995,0.5718293872022855,30.0
51476,/content/drive/MyDrive/ASD_XAI_Project/slices/Control/51476/slice_111.jpg,Control,0.0003296435040687,0.06864741444587708,0.8978090009031511,0.09858624392284933,0.4981976224130002,63.0
51476,/content/drive/MyDrive/ASD_XAI_Project/slices/Control/51476/slice_112.jpg,Control,0.0002455103001092,0.06811079382896423,0.5808544913548627,0.09781558982815347,0.3393350405915081,151.0
51476,/content/drive/MyDrive/ASD_XAI_Project/slices/Control/51476/slice_113.jpg,Control,0.0003160949478106,0.1628406047821045,0.846767606997118,0.23385940625994026,0.5403135066285291,48.0
51476,/content/drive/MyDrive/ASD_XAI_Project/slices/Control/51476/slice_114.jpg,Control,0.0002828801906637,0.16801777482032776,0.7216378536320973,0.24129446775990038,0.48146616069599885,73.0
51476,/content/drive/MyDrive/ASD_XAI_Project/slices/Control/51476/slice_115.jpg,Control,0.0002852599157993,0.13233523070812225,0.7306029777176715,0.1900498866488779,0.4603264321832747,88.0
51476,/content/drive/MyDrive/ASD_XAI_Project/slices/Control/51476/slice_116.jpg,Control,0.0002607166165658,0.13399159908294678,0.6381411552130206,0.19242863809850883,0.41528489665576473,111.0
51476,/content/drive/MyDrive/ASD_XAI_Project/slices/Control/51476/slice_117.jpg,Control,0.000290126294411,0.149900883436203,0.7489360563781506,0.21527635349388868,0.48210620493601963,71.0
51476,/content/drive/MyDrive/ASD_XAI_Project/slices/Control/51476/slice_118.jpg,Control,0.0002577689552768,0.05966156721115112,0.6270364486976332,0.08568144722384767,0.3563589479607404,145.0
51476,/content/drive/MyDrive/ASD_XAI_Project/slices/Control/51476/slice_119.jpg,Control,0.0002816435059697,0.0942499190568924,0.7169788988769529,0.13535463185110036,0.42616676536402665,106.0
51476,/content/drive/MyDrive/ASD_XAI_Project/slices/Control/51476/slice_120.jpg,Control,0.0002491574482624,0.1306789219379425,0.5945943704958484,0.18767122079894652,0.39113279564739745,122.0
51476,/content/drive/MyDrive/ASD_XAI_Project/slices/Control/51476/slice_121.jpg,Control,0.0002902789203085,0.08916105329990387,0.7495110429971051,0.12804638630596551,0.43877871465153534,96.0
51476,/content/drive/MyDrive/ASD_XAI_Project/slices/Control/51476/slice_122.jpg,Control,0.0003264693568748,0.10155510902404785,0.8858510554104186,0.14584579522292046,0.5158484253166695,56.0
51476,/content/drive/MyDrive/ASD_XAI_Project/slices/Control/51476/slice_123.jpg,Control,0.0002766688241027,0.02656005322933197,0.6982378100189468,0.03814354710089226,0.36819067855991955,133.0
51476,/content/drive/MyDrive/ASD_XAI_Project/slices/Control/51476/slice_124.jpg,Control,0.0002962694127646,0.2558058202266693,0.7720789889330509,0.3673690435877094,0.5697240162603802,31.0
51476,/content/drive/MyDrive/ASD_XAI_Project/slices/Control/51476/slice_125.jpg,Control,0.0002923137947536,0.36221766471862793,0.7571770131656664,0.5201897163260198,0.6386833647458432,11.0
51476,/content/drive/MyDrive/ASD_XAI_Project/slices/Control/51476/slice_126.jpg,Control,0.0002987620866678,0.4002635180950165,0.7814696242264946,0.5748283041227212,0.6781489641746079,6.0
51476,/content/drive/MyDrive/ASD_XAI_Project/slices/Control/51476/slice_127.jpg,Control,0.0003002631557836,0.45964130759239197,0.78712459281209,0.6601022111771979,0.723613401994644,2.0
51476,/content/drive/MyDrive/ASD_XAI_Project/slices/Control/51476/slice_128.jpg,Control,0.0002913081499573,0.3717491924762726,0.753388453617352,0.5338781782740429,0.6436333159456975,9.0
51476,/content/drive/MyDrive/ASD_XAI_Project/slices/Control/51476/slice_129.jpg,Control,0.0002936162545862,0.40054795145988464,0.7620837622019543,0.5752367858887868,0.6686602740453705,7.0
51476,/content/drive/MyDrive/ASD_XAI_Project/slices/Control/51476/slice_130.jpg,Control,0.0003567693404611,0.36293503642082214,1.0,0.5212199515094822,0.7606099757547411,1.0
51476,/content/drive/MyDrive/ASD_XAI_Project/slices/Control/51476/slice_131.jpg,Control,0.0003051577493451,0.4011888802051544,0.805563965482008,0.5761572394576266,0.6908606024698174,4.0
51476,/content/drive/MyDrive/ASD_XAI_Project/slices/Control/51476/slice_132.jpg,Control,0.0002736261848209,0.32452619075775146,0.6867752934867164,0.46606006154276,0.5764176775147382,27.0
51476,/content/drive/MyDrive/ASD_XAI_Project/slices/Control/51476/slice_133.jpg,Control,0.0002675157492788,0.2452625036239624,0.6637554866895683,0.3522275267404901,0.5079915067150292,59.0
51476,/content/drive/MyDrive/ASD_XAI_Project/slices/Control/51476/slice_134.jpg,Control,0.0002988723119295,0.31044939160346985,0.7818848751870877,0.4458440233091406,0.6138644492481141,16.0
51476,/content/drive/MyDrive/ASD_XAI_Project/slices/Control/51476/slice_135.jpg,Control,0.0002906597410448,0.441658616065979,0.7509457066497325,0.6342768246346348,0.6926112656421837,3.0
51476,/content/drive/MyDrive/ASD_XAI_Project/slices/Control/51476/slice_136.jpg,Control,0.0002897320253354,0.17068561911582947,0.7474507288783563,0.24512582471030495,0.49628827679433063,64.0
51476,/content/drive/MyDrive/ASD_XAI_Project/slices/Control/51476/slice_137.jpg,Control,0.0002946820885387,0.07212188839912415,0.7660990719937598,0.10357602160673375,0.4348375468002468,101.0
51476,/content/drive/MyDrive/ASD_XAI_Project/slices/Control/51476/slice_138.jpg,Control,0.0002452019754933,0.022002488374710083,0.5796929418973938,0.031598315877271944,0.3056456288873329,164.0
51476,/content/drive/MyDrive/ASD_XAI_Project/slices/Control/51476/slice_139.jpg,Control,0.0003361119460844,0.10773468017578125,0.922177523319279,0.1547204296694037,0.5384489764943414,51.0
51476,/content/drive/MyDrive/ASD_XAI_Project/slices/Control/51476/slice_140.jpg,Control,0.0002799170042026,0.20853304862976074,0.7104746592299181,0.2994794511073348,0.5049770551686265,61.0
51476,/content/drive/MyDrive/ASD_XAI_Project/slices/Control/51476/slice_141.jpg,Control,0.0002810259165737,0.03315073251724243,0.7146522580871211,0.04760858407482647,0.3811304210809738,128.0
51476,/content/drive/MyDrive/ASD_XAI_Project/slices/Control/51476/slice_142.jpg,Control,0.0003114378155484,0.09324580430984497,0.8292228208413727,0.13391259791321627,0.4815677093772945,72.0
51476,/content/drive/MyDrive/ASD_XAI_Project/slices/Control/51476/slice_143.jpg,Control,0.0002236740729976,0.0035053491592407227,0.49859100525401345,0.00503411832823102,0.2518125617911222,171.0
51476,/content/drive/MyDrive/ASD_XAI_Project/slices/Control/51476/slice_144.jpg,Control,0.0002304203910457,0.12390539050102234,0.5240063683634659,0.177943585346838,0.35097497685515194,147.0
51476,/content/drive/MyDrive/ASD_XAI_Project/slices/Control/51476/slice_145.jpg,Control,0.0002412576059997,0.06286023557186127,0.5648333426014605,0.09027513369817067,0.32755423814981555,158.0
51476,/content/drive/MyDrive/ASD_XAI_Project/slices/Control/51476/slice_146.jpg,Control,0.0002645422143293,0.11281521618366241,0.6525533064897372,0.1620167126565319,0.4072850095731345,118.0
51476,/content/drive/MyDrive/ASD_XAI_Project/slices/Control/51476/slice_147.jpg,Control,0.000267342865696,0.047895193099975586,0.6631041834155162,0.06878346734251624,0.36594382537901626,136.0
51476,/content/drive/MyDrive/ASD_XAI_Project/slices/Control/51476/slice_148.jpg,Control,0.0002938949397211,0.07071709632873535,0.7631336510222249,0.10155856508881311,0.432346108055519,104.0
51476,/content/drive/MyDrive/ASD_XAI_Project/slices/Control/51476/slice_149.jpg,Control,0.0002988249283489,0.1442130208015442,0.7817063673109708,0.2071078737685199,0.49440712053974534,66.0
51476,/content/drive/MyDrive/ASD_XAI_Project/slices/Control/51476/slice_150.jpg,Control,0.0003053020924308,0.25856906175613403,0.8061077483142507,0.37133740285718103,0.5887225755857158,21.0
51476,/content/drive/MyDrive/ASD_XAI_Project/slices/Control/51476/slice_151.jpg,Control,0.0003360044887089,0.13989081978797913,0.9217726997995978,0.20090065435834295,0.5613366770789704,37.0
51476,/content/drive/MyDrive/ASD_XAI_Project/slices/Control/51476/slice_152.jpg,Control,0.0002001630663738,0.3651297986507416,0.4100181324436509,0.5243719036448694,0.4671950180442601,82.0
51476,/content/drive/MyDrive/ASD_XAI_Project/slices/Control/51476/slice_153.jpg,Control,0.0002107538574148,0.4041089117527008,0.4499167553671812,0.5803507687366615,0.5151337620519213,57.0
51476,/content/drive/MyDrive/ASD_XAI_Project/slices/Control/51476/slice_154.jpg,Control,0.0001841048532194,0.2215525507926941,0.3495221233171612,0.31817707907118165,0.3338496011941714,155.0
51476,/content/drive/MyDrive/ASD_XAI_Project/slices/Control/51476/slice_155.jpg,Control,0.0002388797711305,0.031597524881362915,0.5558753397050427,0.045377984305123895,0.30062666200508326,165.0
51476,/content/drive/MyDrive/ASD_XAI_Project/slices/Control/51476/slice_156.jpg,Control,0.0002492526026748,0.02348393201828003,0.5949528451371816,0.03372585360876349,0.31433934937297253,162.0
51476,/content/drive/MyDrive/ASD_XAI_Project/slices/Control/51476/slice_157.jpg,Control,0.0002256396388654,0.06298255920410156,0.5059958696392247,0.09045080568149173,0.29822333766035825,166.0
51476,/content/drive/MyDrive/ASD_XAI_Project/slices/Control/51476/slice_158.jpg,Control,0.0002978431574338,0.03849789500236511,0.7780077476906591,0.05528777591779142,0.41664776180422525,109.0
51476,/content/drive/MyDrive/ASD_XAI_Project/slices/Control/51476/slice_159.jpg,Control,0.0002389575825037,0.14823311567306519,0.556168478019872,0.21288123110172635,0.3845248545607992,127.0
51476,/content/drive/MyDrive/ASD_XAI_Project/slices/Control/51476/slice_160.jpg,Control,0.000251803327029,0.07259434461593628,0.604562173542974,0.10425452762490622,0.35440835058394016,146.0
51476,/content/drive/MyDrive/ASD_XAI_Project/slices/Control/51476/slice_161.jpg,Control,0.0002544292795693,0.11096757650375366,0.6144549086384842,0.15936327177117077,0.38690909020482744,125.0
51476,/content/drive/MyDrive/ASD_XAI_Project/slices/Control/51476/slice_162.jpg,Control,0.0002342614880414,0.07449665665626526,0.5384769098037461,0.10698648483464364,0.3227316973191949,160.0
51476,/content/drive/MyDrive/ASD_XAI_Project/slices/Control/51476/slice_163.jpg,Control,0.0002699991815341,0.1181984543800354,0.6731113059788698,0.16974771371762576,0.4214295098482478,108.0
51476,/content/drive/MyDrive/ASD_XAI_Project/slices/Control/51476/slice_164.jpg,Control,0.000249033701406,0.3461056053638458,0.594128179713464,0.49705079075290415,0.5455894852331841,43.0
51476,/content/drive/MyDrive/ASD_XAI_Project/slices/Control/51476/slice_165.jpg,Control,0.000216517796481,0.2784864604473114,0.4716312080899501,0.39994127004616564,0.4357862390680579,100.0
51476,/content/drive/MyDrive/ASD_XAI_Project/slices/Control/51476/slice_166.jpg,Control,0.0002548725392695,0.22290998697280884,0.6161247982215202,0.3201265266278409,0.46812566242468057,79.0
51476,/content/drive/MyDrive/ASD_XAI_Project/slices/Control/51476/slice_167.jpg,Control,0.0002625234489094,0.09817966818809509,0.6449480237542139,0.14099824143977324,0.39297313259699357,121.0
51476,/content/drive/MyDrive/ASD_XAI_Project/slices/Control/51476/slice_168.jpg,Control,0.0002836368475713,0.0038555264472961426,0.7244884026158271,0.0055370165628570575,0.3650127095893421,137.0
51476,/content/drive/MyDrive/ASD_XAI_Project/slices/Control/51476/slice_169.jpg,Control,0.0002701895419398,0.4846823215484619,0.6738284495819482,0.6960642285361321,0.6849463390590402,5.0
51476,/content/drive/MyDrive/ASD_XAI_Project/slices/Control/51476/slice_170.jpg,Control,0.0002487712507043,0.04967832565307617,0.5931394507750298,0.07134426795308178,0.3322418593640558,156.0
51476,/content/drive/MyDrive/ASD_XAI_Project/slices/Control/51476/slice_171.jpg,Control,0.0002457789510886,0.10044729709625244,0.5818665785619108,0.14425483920781246,0.36306070888486164,141.0
51476,/content/drive/MyDrive/ASD_XAI_Project/slices/Control/51476/slice_172.jpg,Control,0.0002649506120807,0.14782539010047913,0.6540918608642731,0.21229568635722262,0.43319377361074785,102.0
51476,/content/drive/MyDrive/ASD_XAI_Project/slices/Control/51476/slice_173.jpg,Control,0.0002658546068254,0.08320575952529907,0.6574974747890505,0.11949384212881659,0.3884956584589335,124.0
51476,/content/drive/MyDrive/ASD_XAI_Project/slices/Control/51476/slice_174.jpg,Control,0.000270503036724,0.08309656381607056,0.6750094765831294,0.11933702347931278,0.39717325003122106,120.0
51476,/content/drive/MyDrive/ASD_XAI_Project/slices/Control/51476/slice_175.jpg,Control,0.0002502990041792,0.0887444019317627,0.5988949471849934,0.12744802300646005,0.3631714850957267,140.0
51466,/content/drive/MyDrive/ASD_XAI_Project/slices/ASD/51466/slice_000.jpg,ASD,0.0002642282451017,0.009744435548782349,0.6513704921208096,0.013994224074675808,0.33268235809774266,152.0
51466,/content/drive/MyDrive/ASD_XAI_Project/slices/ASD/51466/slice_001.jpg,ASD,0.0002372468050746,0.03221571445465088,0.5497234765761174,0.04626578158860031,0.29799462908235885,165.0
51466,/content/drive/MyDrive/ASD_XAI_Project/slices/ASD/51466/slice_002.jpg,ASD,0.0002450285673732,0.02222597599029541,0.5790396625371494,0.031919271950587746,0.3054794672438686,159.0
51466,/content/drive/MyDrive/ASD_XAI_Project/slices/ASD/51466/slice_003.jpg,ASD,0.0002515348648359,0.01540142297744751,0.6035507975494099,0.022118363155697977,0.3128345803525539,155.0
51466,/content/drive/MyDrive/ASD_XAI_Project/slices/ASD/51466/slice_004.jpg,ASD,0.0002348706288981,0.17369699478149414,0.540771722462659,0.24945053552884008,0.39511112899574957,124.0
51466,/content/drive/MyDrive/ASD_XAI_Project/slices/ASD/51466/slice_005.jpg,ASD,0.000254741133056,0.22597277164459229,0.6156297523895377,0.32452506718720414,0.47007740978837087,83.0
51466,/content/drive/MyDrive/ASD_XAI_Project/slices/ASD/51466/slice_006.jpg,ASD,0.0002295112336205,0.24822479486465454,0.5205813051037192,0.3564817462064781,0.4385315256550987,100.0
51466,/content/drive/MyDrive/ASD_XAI_Project/slices/ASD/51466/slice_007.jpg,ASD,0.0002545011086813,0.2250717580318451,0.6147255100169389,0.3232310993295489,0.46897830467324386,84.0
51466,/content/drive/MyDrive/ASD_XAI_Project/slices/ASD/51466/slice_008.jpg,ASD,0.0002860538125163,0.26616141200065613,0.7335938200097332,0.38224096418131936,0.5579173920955263,36.0
51466,/content/drive/MyDrive/ASD_XAI_Project/slices/ASD/51466/slice_009.jpg,ASD,0.00024338217842,0.0905875563621521,0.5728372314085496,0.13009502251443297,0.35146612696149127,146.0
51466,/content/drive/MyDrive/ASD_XAI_Project/slices/ASD/51466/slice_010.jpg,ASD,0.0002818531775168,0.0594712495803833,0.7177687932260295,0.08540812738330963,0.40158846030466955,123.0
51466,/content/drive/MyDrive/ASD_XAI_Project/slices/ASD/51466/slice_011.jpg,ASD,0.0002086322067878,0.07086849212646484,0.44192387381428905,0.10177598832557058,0.27184993106992983,169.0
51466,/content/drive/MyDrive/ASD_XAI_Project/slices/ASD/51466/slice_012.jpg,ASD,0.0002429208259989,0.20364338159561157,0.5710991812276833,0.29245727975796515,0.43177823049282427,105.0
51466,/content/drive/MyDrive/ASD_XAI_Project/slices/ASD/51466/slice_013.jpg,ASD,0.0002368998324104,0.2735156714916229,0.5484163285604409,0.39280259750576174,0.4706094630331013,81.0
51466,/content/drive/MyDrive/ASD_XAI_Project/slices/ASD/51466/slice_014.jpg,ASD,0.0001447516723654,0.3685406744480133,0.20126712351055684,0.5292703464493759,0.36526873497996637,137.0
51466,/content/drive/MyDrive/ASD_XAI_Project/slices/ASD/51466/slice_015.jpg,ASD,0.0001703753315891,0.3119702637195587,0.2977989796608332,0.4480281852418585,0.37291358245134587,130.0
51466,/content/drive/MyDrive/ASD_XAI_Project/slices/ASD/51466/slice_016.jpg,ASD,0.0001708800257289,0.3149067759513855,0.2997003108359685,0.4522453828378081,0.37597284683688825,129.0
51466,/content/drive/MyDrive/ASD_XAI_Project/slices/ASD/51466/slice_017.jpg,ASD,0.0001579260464474,0.4988534152507782,0.25089886317158394,0.7164156854943776,0.4836572743329808,72.0
51466,/content/drive/MyDrive/ASD_XAI_Project/slices/ASD/51466/slice_018.jpg,ASD,0.0002009389028808,0.3175526261329651,0.41294093661599895,0.45604515349909314,0.43449304505754605,104.0
51466,/content/drive/MyDrive/ASD_XAI_Project/slices/ASD/51466/slice_019.jpg,ASD,0.000188103652152,0.3278871178627014,0.36458677430887393,0.4708867717990763,0.4177367730539751,113.0
51466,/content/drive/MyDrive/ASD_XAI_Project/slices/ASD/51466/slice_020.jpg,ASD,0.0001954344995881,0.5507919192314148,0.39220423144031646,0.7910058512530598,0.5916050413466881,21.0
51466,/content/drive/MyDrive/ASD_XAI_Project/slices/ASD/51466/slice_021.jpg,ASD,0.0001922644601925,0.5908414125442505,0.38026176123123206,0.848521915748667,0.6143918384899495,17.0
51466,/content/drive/MyDrive/ASD_XAI_Project/slices/ASD/51466/slice_022.jpg,ASD,0.0001535792415272,0.44501960277557373,0.23452317133121026,0.6391036204906506,0.43681339591093044,101.0
51466,/content/drive/MyDrive/ASD_XAI_Project/slices/ASD/51466/slice_023.jpg,ASD,0.0002017033403218,0.3756103813648224,0.4158207971560675,0.5394233268083536,0.4776220619822106,75.0
51466,/content/drive/MyDrive/ASD_XAI_Project/slices/ASD/51466/slice_024.jpg,ASD,0.0002432937845592,0.3359420597553253,0.5725042257522999,0.48245467239111806,0.527479449071709,45.0
51466,/content/drive/MyDrive/ASD_XAI_Project/slices/ASD/51466/slice_025.jpg,ASD,0.0002204352809011,0.3956059515476227,0.48638952341137265,0.5681394580032466,0.5272644907073096,46.0
51466,/content/drive/MyDrive/ASD_XAI_Project/slices/ASD/51466/slice_026.jpg,ASD,0.000172281034589,0.4671216309070587,0.3049783230264891,0.6708448878661056,0.48791160544629736,70.0
51466,/content/drive/MyDrive/ASD_XAI_Project/slices/ASD/51466/slice_027.jpg,ASD,0.0001738950381924,0.6068905591964722,0.3110587490229967,0.871570490838949,0.5913146199309729,23.0
51466,/content/drive/MyDrive/ASD_XAI_Project/slices/ASD/51466/slice_028.jpg,ASD,0.0001797769991783,0.6379507780075073,0.33321782500880537,0.9161768366528326,0.624697330830819,14.0
51466,/content/drive/MyDrive/ASD_XAI_Project/slices/ASD/51466/slice_029.jpg,ASD,0.0002059572306814,0.6266411542892456,0.43184645253522375,0.8999348072688526,0.6658906299020382,7.0
51466,/content/drive/MyDrive/ASD_XAI_Project/slices/ASD/51466/slice_030.jpg,ASD,0.0001912591775976,0.6071803569793701,0.3764745662020574,0.8719866765779706,0.624230621390014,15.0
51466,/content/drive/MyDrive/ASD_XAI_Project/slices/ASD/51466/slice_031.jpg,ASD,0.0002043900170721,0.6871790885925293,0.42594229820000795,0.9868748268746077,0.7064085625373078,3.0
51466,/content/drive/MyDrive/ASD_XAI_Project/slices/ASD/51466/slice_032.jpg,ASD,0.0001644039106093,0.6179126501083374,0.27530288158200616,0.8873995872724888,0.5813512344272475,27.0
51466,/content/drive/MyDrive/ASD_XAI_Project/slices/ASD/51466/slice_033.jpg,ASD,0.0001886004768833,0.5781773924827576,0.3664584591090445,0.8303348043927027,0.5983966317508735,18.0
51466,/content/drive/MyDrive/ASD_XAI_Project/slices/ASD/51466/slice_034.jpg,ASD,0.0001792392975467,0.6821153163909912,0.33119214490979076,0.979602618802967,0.6553973818563789,9.0
51466,/content/drive/MyDrive/ASD_XAI_Project/slices/ASD/51466/slice_035.jpg,ASD,0.0002243991542864,0.6451693177223206,0.5013225996003416,0.9265435594614889,0.7139330795309153,2.0
51466,/content/drive/MyDrive/ASD_XAI_Project/slices/ASD/51466/slice_036.jpg,ASD,0.0002475900183577,0.6466618180274963,0.5886894013122828,0.9286869759372397,0.7586881886247612,1.0
51466,/content/drive/MyDrive/ASD_XAI_Project/slices/ASD/51466/slice_037.jpg,ASD,0.0002258732244973,0.5249063372612,0.5068758553750827,0.753830928951907,0.6303533921634948,12.0
51466,/content/drive/MyDrive/ASD_XAI_Project/slices/ASD/51466/slice_038.jpg,ASD,0.0002253529270545,0.5473353862762451,0.5049157419710896,0.786041839078728,0.6454787905249089,10.0
51466,/content/drive/MyDrive/ASD_XAI_Project/slices/ASD/51466/slice_039.jpg,ASD,0.0001487877139164,0.6326467990875244,0.21647207839293034,0.9085596617921633,0.5625158700925468,35.0
51466,/content/drive/MyDrive/ASD_XAI_Project/slices/ASD/51466/slice_040.jpg,ASD,0.0002117727764137,0.6094831824302673,0.4537553227385278,0.8752938209685709,0.6645245718535493,8.0
51466,/content/drive/MyDrive/ASD_XAI_Project/slices/ASD/51466/slice_041.jpg,ASD,0.0001814820064061,0.5484175682067871,0.33964108840816165,0.7875959872230465,0.563618537815604,33.0
51466,/content/drive/MyDrive/ASD_XAI_Project/slices/ASD/51466/slice_042.jpg,ASD,0.0002412420673956,0.5362277030944824,0.5647748041123763,0.7700898214766907,0.6674323127945335,6.0
51466,/content/drive/MyDrive/ASD_XAI_Project/slices/ASD/51466/slice_043.jpg,ASD,0.0001958932765367,0.5320456027984619,0.3939325790592372,0.7640838041602139,0.5790081916097256,29.0
51466,/content/drive/MyDrive/ASD_XAI_Project/slices/ASD/51466/slice_044.jpg,ASD,0.0001743828095112,0.6461930871009827,0.3128963269571069,0.9280138199002866,0.6204550734286968,16.0
51466,/content/drive/MyDrive/ASD_XAI_Project/slices/ASD/51466/slice_045.jpg,ASD,0.0001997957693149,0.6891277432441711,0.4086344164589581,0.9896733378507148,0.6991538771548365,4.0
51466,/content/drive/MyDrive/ASD_XAI_Project/slices/ASD/51466/slice_046.jpg,ASD,0.000215366757845,0.6244542598724365,0.46729490721021516,0.8967941542938007,0.682044530752008,5.0
51466,/content/drive/MyDrive/ASD_XAI_Project/slices/ASD/51466/slice_047.jpg,ASD,0.0001332415973216,0.6742234230041504,0.1579052875328402,0.968268876188937,0.5630870818608886,34.0
51466,/content/drive/MyDrive/ASD_XAI_Project/slices/ASD/51466/slice_048.jpg,ASD,0.0001498976203009,0.6184554100036621,0.22065342199079274,0.8881790581362343,0.5544162400635135,39.0
51466,/content/drive/MyDrive/ASD_XAI_Project/slices/ASD/51466/slice_049.jpg,ASD,0.0001213274691182,0.6957846879959106,0.11302126453495358,0.9992335402905802,0.5561274024127669,37.0
51466,/content/drive/MyDrive/ASD_XAI_Project/slices/ASD/51466/slice_050.jpg,ASD,0.0001060250917279,0.6823263764381409,0.055372710903261124,0.9799057273389348,0.5176392191210979,52.0
51466,/content/drive/MyDrive/ASD_XAI_Project/slices/ASD/51466/slice_051.jpg,ASD,0.000147952032603,0.666590690612793,0.2133238212440064,0.9573073210683801,0.5853155711561933,24.0
51466,/content/drive/MyDrive/ASD_XAI_Project/slices/ASD/51466/slice_052.jpg,ASD,0.0001397228106114,0.6187544465065002,0.1823219230925091,0.8886085118286801,0.5354652174605946,44.0
51466,/content/drive/MyDrive/ASD_XAI_Project/slices/ASD/51466/slice_053.jpg,ASD,0.0001493247738055,0.564156174659729,0.2184953408593127,0.8101985878788771,0.5143469643690949,55.0
51466,/content/drive/MyDrive/ASD_XAI_Project/slices/ASD/51466/slice_054.jpg,ASD,0.000157648682046,0.48386916518211365,0.24985394994262608,0.6948964346355558,0.472375192289091,79.0
51466,/content/drive/MyDrive/ASD_XAI_Project/slices/ASD/51466/slice_055.jpg,ASD,0.0001502921059606,0.5931508541107178,0.22213956542655489,0.851838561705913,0.536989063566234,43.0
51466,/content/drive/MyDrive/ASD_XAI_Project/slices/ASD/51466/slice_056.jpg,ASD,0.0001459182354089,0.5118525624275208,0.20566190939661078,0.7350840811608415,0.4703729952787261,82.0
51466,/content/drive/MyDrive/ASD_XAI_Project/slices/ASD/51466/slice_057.jpg,ASD,0.0001311023739301,0.5756577849388123,0.1498462042107133,0.8267163338949814,0.48828126905284736,69.0
51466,/content/drive/MyDrive/ASD_XAI_Project/slices/ASD/51466/slice_058.jpg,ASD,0.0001840933687365,0.4454311728477478,0.3494788578943117,0.6396946864157728,0.4945867721550422,67.0
51466,/content/drive/MyDrive/ASD_XAI_Project/slices/ASD/51466/slice_059.jpg,ASD,0.0001497735189979,0.5651497840881348,0.22018589590387946,0.8116255348697224,0.515905715386801,53.0
51466,/content/drive/MyDrive/ASD_XAI_Project/slices/ASD/51466/slice_060.jpg,ASD,0.0001145403682283,0.6016960144042969,0.0874522604726745,0.8641104770265814,0.47578136874962795,76.0
51466,/content/drive/MyDrive/ASD_XAI_Project/slices/ASD/51466/slice_061.jpg,ASD,0.0001729690349051,0.37082764506340027,0.3075702224490228,0.5325547213199063,0.42006247188446455,112.0
51466,/content/drive/MyDrive/ASD_XAI_Project/slices/ASD/51466/slice_062.jpg,ASD,0.0001586095705153,0.27550557255744934,0.2534738992513936,0.39566034347393025,0.3245671213626619,153.0
51466,/content/drive/MyDrive/ASD_XAI_Project/slices/ASD/51466/slice_063.jpg,ASD,0.0001715283995783,0.3050372302532196,0.30214292571058365,0.43807148499385906,0.37010720535222136,133.0
51466,/content/drive/MyDrive/ASD_XAI_Project/slices/ASD/51466/slice_064.jpg,ASD,0.0001705177483828,0.42372772097587585,0.29833550558489474,0.6085258242309466,0.45343066490792067,89.0
51466,/content/drive/MyDrive/ASD_XAI_Project/slices/ASD/51466/slice_065.jpg,ASD,0.0002403769361359,0.3038750886917114,0.5615156003591816,0.436402504852647,0.4989590526059143,65.0
51466,/content/drive/MyDrive/ASD_XAI_Project/slices/ASD/51466/slice_066.jpg,ASD,0.00019738333937,0.21897226572036743,0.3995460837434529,0.31447146807935844,0.3570087759114057,142.0
51466,/content/drive/MyDrive/ASD_XAI_Project/slices/ASD/51466/slice_067.jpg,ASD,0.000204936580904,0.2896444499492645,0.4280013648125202,0.41596553379459017,0.4219834493035552,109.0
51466,/content/drive/MyDrive/ASD_XAI_Project/slices/ASD/51466/slice_068.jpg,ASD,0.0001494830425609,0.2712434232234955,0.21909158578264612,0.38953936576101045,0.30431547577182827,161.0
51466,/content/drive/MyDrive/ASD_XAI_Project/slices/ASD/51466/slice_069.jpg,ASD,0.0001689827882696,0.3279600739479065,0.2925528596501257,0.4709915458312775,0.38177220274070156,127.0
51466,/content/drive/MyDrive/ASD_XAI_Project/slices/ASD/51466/slice_070.jpg,ASD,0.000155531727052,0.5533397197723389,0.24187875821948587,0.7946648104086496,0.5182717843140677,51.0
51466,/content/drive/MyDrive/ASD_XAI_Project/slices/ASD/51466/slice_071.jpg,ASD,9.520684332421733e-05,0.6149841547012329,0.014617189235366507,0.8831939028361235,0.448905546035745,92.0
51466,/content/drive/MyDrive/ASD_XAI_Project/slices/ASD/51466/slice_072.jpg,ASD,0.0001202679889429,0.5433424711227417,0.10902989128949872,0.7803075152084986,0.44466870324899865,97.0
51466,/content/drive/MyDrive/ASD_XAI_Project/slices/ASD/51466/slice_073.jpg,ASD,9.132681976813558e-05,0.6058124899864197,0.0,0.8700222490738968,0.4350111245369484,103.0
51466,/content/drive/MyDrive/ASD_XAI_Project/slices/ASD/51466/slice_074.jpg,ASD,0.0001024149523812,0.6963183879852295,0.0417722548147815,1.0,0.5208861274073907,48.0
51466,/content/drive/MyDrive/ASD_XAI_Project/slices/ASD/51466/slice_075.jpg,ASD,0.000103868385248,0.5730596780776978,0.047247763648127654,0.8229851285930045,0.4351164461205661,102.0
51466,/content/drive/MyDrive/ASD_XAI_Project/slices/ASD/51466/slice_076.jpg,ASD,0.0001598829692931,0.4778409004211426,0.2582711667520022,0.6862390950262808,0.4722551308891415,80.0
51466,/content/drive/MyDrive/ASD_XAI_Project/slices/ASD/51466/slice_077.jpg,ASD,0.0001030745446246,0.592890202999115,0.04425713267714534,0.8514642342199522,0.4478606834485488,95.0
51466,/content/drive/MyDrive/ASD_XAI_Project/slices/ASD/51466/slice_078.jpg,ASD,0.000150725259957,0.4304463863372803,0.22377138385289147,0.6181746651596555,0.4209730245062735,111.0
51466,/content/drive/MyDrive/ASD_XAI_Project/slices/ASD/51466/slice_079.jpg,ASD,0.0001607763485961,0.4506107568740845,0.2616367891875779,0.6471332147035631,0.4543850019455705,88.0
51466,/content/drive/MyDrive/ASD_XAI_Project/slices/ASD/51466/slice_080.jpg,ASD,0.0001447704476451,0.4477364122867584,0.20133785550801905,0.6430052975942033,0.4221715765511112,108.0
51466,/content/drive/MyDrive/ASD_XAI_Project/slices/ASD/51466/slice_081.jpg,ASD,0.0001820686698127,0.4199567139148712,0.3418512219054946,0.6031101880419959,0.4724807049737453,78.0
51466,/content/drive/MyDrive/ASD_XAI_Project/slices/ASD/51466/slice_082.jpg,ASD,0.0001455862034035,0.3728766143321991,0.2044110472343121,0.53549729659029,0.36995417191230107,134.0
51466,/content/drive/MyDrive/ASD_XAI_Project/slices/ASD/51466/slice_083.jpg,ASD,0.0001669729925848,0.3350358307361603,0.28498136854330075,0.4811532145597556,0.3830672915515282,126.0
51466,/content/drive/MyDrive/ASD_XAI_Project/slices/ASD/51466/slice_084.jpg,ASD,0.0001761095027377,0.19410136342048645,0.3194012878879792,0.27875375226282806,0.29907752007540367,164.0
51466,/content/drive/MyDrive/ASD_XAI_Project/slices/ASD/51466/slice_085.jpg,ASD,0.0001775886009926,0.360107958316803,0.3249734857824185,0.5171599149618346,0.42106670037212657,110.0
51466,/content/drive/MyDrive/ASD_XAI_Project/slices/ASD/51466/slice_086.jpg,ASD,0.0001551612138781,0.23762229084968567,0.24048292618423872,0.34125522885764464,0.2908690775209417,166.0
51466,/content/drive/MyDrive/ASD_XAI_Project/slices/ASD/51466/slice_087.jpg,ASD,0.0001596203817829,0.2716265916824341,0.257281922415735,0.3900896434293157,0.32368578292252537,154.0
51466,/content/drive/MyDrive/ASD_XAI_Project/slices/ASD/51466/slice_088.jpg,ASD,0.0001178939236179,0.4448833763599396,0.1000860893741075,0.6389079823774186,0.36949703587576305,135.0
51466,/content/drive/MyDrive/ASD_XAI_Project/slices/ASD/51466/slice_089.jpg,ASD,0.0001132060921459,0.5308853387832642,0.08242565027127674,0.7624175204095364,0.4224215853404065,107.0
51466,/content/drive/MyDrive/ASD_XAI_Project/slices/ASD/51466/slice_090.jpg,ASD,0.0001102595801971,0.493953138589859,0.07132527365826148,0.709378277398495,0.39035177552837824,125.0
51466,/content/drive/MyDrive/ASD_XAI_Project/slices/ASD/51466/slice_091.jpg,ASD,0.0001543761581407,0.3327955901622772,0.23752539046106022,0.47793594985364163,0.35773067015735094,140.0
51466,/content/drive/MyDrive/ASD_XAI_Project/slices/ASD/51466/slice_092.jpg,ASD,0.0001180236854705,0.5062905550003052,0.10057494041523403,0.7270963452009898,0.4138356428081119,117.0
51466,/content/drive/MyDrive/ASD_XAI_Project/slices/ASD/51466/slice_093.jpg,ASD,0.0001328749984742,0.3645940124988556,0.15652420191610114,0.5236024479459668,0.340063324931034,151.0
51466,/content/drive/MyDrive/ASD_XAI_Project/slices/ASD/51466/slice_094.jpg,ASD,0.0001269475237177,0.4796651601791382,0.13419366217806014,0.6888589594295088,0.4115263108037845,119.0
51466,/content/drive/MyDrive/ASD_XAI_Project/slices/ASD/51466/slice_095.jpg,ASD,0.0001428735223674,0.2951022982597351,0.19419158040202664,0.4238036842795467,0.30899763234078664,158.0
51466,/content/drive/MyDrive/ASD_XAI_Project/slices/ASD/51466/slice_096.jpg,ASD,0.0001413541049486,0.29386377334594727,0.188467488365704,0.4220250081234115,0.30524624824455776,160.0
51466,/content/drive/MyDrive/ASD_XAI_Project/slices/ASD/51466/slice_097.jpg,ASD,0.000193562832584,0.3030873239040375,0.38515311167542793,0.43527117642406227,0.4102121440497451,120.0
51466,/content/drive/MyDrive/ASD_XAI_Project/slices/ASD/51466/slice_098.jpg,ASD,0.0001707635387061,0.27538418769836426,0.2992614699807208,0.3954860196858765,0.34737374483329864,149.0
51466,/content/drive/MyDrive/ASD_XAI_Project/slices/ASD/51466/slice_099.jpg,ASD,0.0001739753011932,0.21592000126838684,0.3113611233396301,0.3100880358669589,0.31072457960329447,157.0
51466,/content/drive/MyDrive/ASD_XAI_Project/slices/ASD/51466/slice_100.jpg,ASD,0.0002149372621748,0.001032501459121704,0.46567687077400755,0.00148280079477609,0.23357983578439181,171.0
51466,/content/drive/MyDrive/ASD_XAI_Project/slices/ASD/51466/slice_101.jpg,ASD,0.0002254188370084,0.12472325563430786,0.5051640441410958,0.17911814162367565,0.34214109288238576,150.0
51466,/content/drive/MyDrive/ASD_XAI_Project/slices/ASD/51466/slice_102.jpg,ASD,0.0001534272909968,0.3267248272895813,0.23395072901863978,0.4692175776586154,0.3515841533386276,145.0
51466,/content/drive/MyDrive/ASD_XAI_Project/slices/ASD/51466/slice_103.jpg,ASD,0.0001976852556797,0.37101417779922485,0.40068349122779956,0.5328226055795253,0.46675304840366244,85.0
51466,/content/drive/MyDrive/ASD_XAI_Project/slices/ASD/51466/slice_104.jpg,ASD,0.0001915740071643,0.25518089532852173,0.3776606217212639,0.36647157353818827,0.3720660976297261,132.0
51466,/content/drive/MyDrive/ASD_XAI_Project/slices/ASD/51466/slice_105.jpg,ASD,0.0001722788470781,0.3575671315193176,0.30497008202992876,0.5135109709710876,0.40924052650050813,121.0
51466,/content/drive/MyDrive/ASD_XAI_Project/slices/ASD/51466/slice_106.jpg,ASD,0.0002165324244317,0.2860012352466583,0.4716863158799976,0.4107334233613906,0.4412098696206941,99.0
51466,/content/drive/MyDrive/ASD_XAI_Project/slices/ASD/51466/slice_107.jpg,ASD,0.0001412810837778,0.3638478219509125,0.18819239615135433,0.5225308253077908,0.35536161072957256,143.0
51466,/content/drive/MyDrive/ASD_XAI_Project/slices/ASD/51466/slice_108.jpg,ASD,0.0001701629645382,0.37042441964149475,0.2969989305566219,0.5319756393527156,0.4144872849546688,116.0
51466,/content/drive/MyDrive/ASD_XAI_Project/slices/ASD/51466/slice_109.jpg,ASD,0.0001822975663797,0.4763014614582062,0.3427135425555639,0.6840282687871653,0.5133709056713646,56.0
51466,/content/drive/MyDrive/ASD_XAI_Project/slices/ASD/51466/slice_110.jpg,ASD,0.0001277626651729,0.3228490948677063,0.13726453964362978,0.46365154279762416,0.30045804122062697,163.0
51466,/content/drive/MyDrive/ASD_XAI_Project/slices/ASD/51466/slice_111.jpg,ASD,0.0001785287003862,0.25568562746047974,0.32851511653225385,0.3671964317936458,0.3478557741629498,148.0
51466,/content/drive/MyDrive/ASD_XAI_Project/slices/ASD/51466/slice_112.jpg,ASD,0.0002213121959366,0.2947849631309509,0.48969312011174587,0.4233479514793511,0.4565205357955485,87.0
51466,/content/drive/MyDrive/ASD_XAI_Project/slices/ASD/51466/slice_113.jpg,ASD,0.000152114480102,0.14238780736923218,0.2290049844884388,0.20448663977009976,0.2167458121292693,174.0
51466,/content/drive/MyDrive/ASD_XAI_Project/slices/ASD/51466/slice_114.jpg,ASD,0.0001835255392372,0.2577045261859894,0.3473396772618433,0.3700958220156264,0.3587177496387348,139.0
51466,/content/drive/MyDrive/ASD_XAI_Project/slices/ASD/51466/slice_115.jpg,ASD,0.0001684183600101,0.11534446477890015,0.2904264924877491,0.16564902890564892,0.228037760696699,172.0
51466,/content/drive/MyDrive/ASD_XAI_Project/slices/ASD/51466/slice_116.jpg,ASD,0.0001669048639904,0.006417125463485718,0.2847247081023806,0.009215792048883592,0.14697025007563208,176.0
51466,/content/drive/MyDrive/ASD_XAI_Project/slices/ASD/51466/slice_117.jpg,ASD,0.0002004370894341,0.14922866225242615,0.41105045785852645,0.21431096008280573,0.3126807089706661,156.0
51466,/content/drive/MyDrive/ASD_XAI_Project/slices/ASD/51466/slice_118.jpg,ASD,0.0001685439316623,0.18034127354621887,0.2908995578122953,0.2589925480325594,0.27494605292242735,168.0
51466,/content/drive/MyDrive/ASD_XAI_Project/slices/ASD/51466/slice_119.jpg,ASD,0.0002403695072232,0.294526606798172,0.5614876134613757,0.4229769195818215,0.49223226652159857,68.0
51466,/content/drive/MyDrive/ASD_XAI_Project/slices/ASD/51466/slice_120.jpg,ASD,0.0002376856541735,0.03770327568054199,0.551376750127598,0.05414660352376299,0.3027616768256805,162.0
51466,/content/drive/MyDrive/ASD_XAI_Project/slices/ASD/51466/slice_121.jpg,ASD,0.000178827990452,0.07177773118019104,0.32964263018386736,0.1030817689417583,0.21636219956281283,175.0
51466,/content/drive/MyDrive/ASD_XAI_Project/slices/ASD/51466/slice_122.jpg,ASD,0.0001864146168209,0.10881704092025757,0.3582236817391884,0.15627483461282057,0.25724925817600447,170.0
51466,/content/drive/MyDrive/ASD_XAI_Project/slices/ASD/51466/slice_123.jpg,ASD,0.0002075936014352,0.010743021965026855,0.43801114216192,0.015428318640430245,0.22671973040117513,173.0
51466,/content/drive/MyDrive/ASD_XAI_Project/slices/ASD/51466/slice_124.jpg,ASD,0.0002040605516683,0.10788461565971375,0.42470110518036697,0.15493575571352314,0.28981843044694505,167.0
51466,/content/drive/MyDrive/ASD_XAI_Project/slices/ASD/51466/slice_125.jpg,ASD,0.0002311690491704,0.15980643033981323,0.5268267835808378,0.22950195355634223,0.37816436856859004,128.0
51466,/content/drive/MyDrive/ASD_XAI_Project/slices/ASD/51466/slice_126.jpg,ASD,0.0001863993150452,0.26962319016456604,0.35816603545230097,0.38721250912920796,0.37268927229075444,131.0
51466,/content/drive/MyDrive/ASD_XAI_Project/slices/ASD/51466/slice_127.jpg,ASD,0.0002253800717879,0.22353500127792358,0.5050180041607685,0.3210241250769113,0.4130210646188399,118.0
51466,/content/drive/MyDrive/ASD_XAI_Project/slices/ASD/51466/slice_128.jpg,ASD,0.0001798906203675,0.3895140588283539,0.3336458694264947,0.5593907407147438,0.4465183050706193,96.0
51466,/content/drive/MyDrive/ASD_XAI_Project/slices/ASD/51466/slice_129.jpg,ASD,0.0002041775026052,0.4185250699520111,0.4251416937363929,0.6010541688594456,0.5130979312979193,57.0
51466,/content/drive/MyDrive/ASD_XAI_Project/slices/ASD/51466/slice_130.jpg,ASD,0.0002109521794104,0.3119574785232544,0.45066389261965406,0.44800982410631346,0.44933685836298376,91.0
51466,/content/drive/MyDrive/ASD_XAI_Project/slices/ASD/51466/slice_131.jpg,ASD,0.0002167115621286,0.5591715574264526,0.4723611802402076,0.8030400562081866,0.6377006182241971,11.0
51466,/content/drive/MyDrive/ASD_XAI_Project/slices/ASD/51466/slice_132.jpg,ASD,0.0002179907399459,0.48148518800735474,0.4771802190813119,0.6914727462540715,0.5843264826676917,25.0
51466,/content/drive/MyDrive/ASD_XAI_Project/slices/ASD/51466/slice_133.jpg,ASD,0.0002441026132722,0.4071316719055176,0.5755513212624256,0.5846918290978032,0.5801215751801143,28.0
51466,/content/drive/MyDrive/ASD_XAI_Project/slices/ASD/51466/slice_134.jpg,ASD,0.0002047888816512,0.3989221751689911,0.4274449383122956,0.5729019684849298,0.5001734533986126,63.0
51466,/content/drive/MyDrive/ASD_XAI_Project/slices/ASD/51466/slice_135.jpg,ASD,0.0001851425446166,0.4635012149810791,0.35343141183088916,0.665645519317969,0.5095384655744291,60.0
51466,/content/drive/MyDrive/ASD_XAI_Project/slices/ASD/51466/slice_136.jpg,ASD,0.0001813618646502,0.47755053639411926,0.33918847909904887,0.6858220960901139,0.5125052875945814,59.0
51466,/content/drive/MyDrive/ASD_XAI_Project/slices/ASD/51466/slice_137.jpg,ASD,0.0002102801149797,0.38320696353912354,0.44813202836163873,0.5503329657111572,0.49923249703639794,64.0
51466,/content/drive/MyDrive/ASD_XAI_Project/slices/ASD/51466/slice_138.jpg,ASD,0.0002243519589788,0.28841471672058105,0.5011448010039571,0.4141994835941328,0.45767214229904496,86.0
51466,/content/drive/MyDrive/ASD_XAI_Project/slices/ASD/51466/slice_139.jpg,ASD,0.0002401281338094,0.4097532331943512,0.5605782888619486,0.5884567178815375,0.5745175033717431,31.0
51466,/content/drive/MyDrive/ASD_XAI_Project/slices/ASD/51466/slice_140.jpg,ASD,0.0002513600774222,0.45413994789123535,0.6028923219847426,0.6522015729115984,0.6275469474481705,13.0
51466,/content/drive/MyDrive/ASD_XAI_Project/slices/ASD/51466/slice_141.jpg,ASD,0.0001974403013649,0.4456367790699005,0.39976067632173057,0.6399899625792353,0.5198753194504829,49.0
51466,/content/drive/MyDrive/ASD_XAI_Project/slices/ASD/51466/slice_142.jpg,ASD,0.0002585648392613,0.3628016710281372,0.6300347776105077,0.5210284221818268,0.5755315998961672,30.0
51466,/content/drive/MyDrive/ASD_XAI_Project/slices/ASD/51466/slice_143.jpg,ASD,0.0002161656700716,0.34356772899627686,0.470304644401206,0.4934060839472829,0.48185536417424446,73.0
51466,/content/drive/MyDrive/ASD_XAI_Project/slices/ASD/51466/slice_144.jpg,ASD,0.0002867939558966,0.3110458552837372,0.7363821576821143,0.4467006195021453,0.5915413885921298,22.0
51466,/content/drive/MyDrive/ASD_XAI_Project/slices/ASD/51466/slice_145.jpg,ASD,0.0002162483451389,0.49800074100494385,0.47061610568135126,0.7151911389930257,0.5929036223371884,20.0
51466,/content/drive/MyDrive/ASD_XAI_Project/slices/ASD/51466/slice_146.jpg,ASD,0.0002388501323404,0.3303890526294708,0.5557636816706681,0.4744798619858925,0.5151217718282803,54.0
51466,/content/drive/MyDrive/ASD_XAI_Project/slices/ASD/51466/slice_147.jpg,ASD,0.0001880624568599,0.5082300901412964,0.3644315795345308,0.7298817594230718,0.5471566694788013,41.0
51466,/content/drive/MyDrive/ASD_XAI_Project/slices/ASD/51466/slice_148.jpg,ASD,0.0002205491890661,0.4334702789783478,0.48681864895125465,0.6225173519150878,0.5546680004331712,38.0
51466,/content/drive/MyDrive/ASD_XAI_Project/slices/ASD/51466/slice_149.jpg,ASD,0.0002013679297863,0.43467792868614197,0.41455720707779226,0.6242516874268764,0.5194044472523344,50.0
51466,/content/drive/MyDrive/ASD_XAI_Project/slices/ASD/51466/slice_150.jpg,ASD,0.0002172325513735,0.37722665071487427,0.4743238998660608,0.5417444910601386,0.5080341954630997,62.0
51466,/content/drive/MyDrive/ASD_XAI_Project/slices/ASD/51466/slice_151.jpg,ASD,0.0002048754901888,0.27960214018821716,0.4277712181312707,0.4015435252216091,0.4146573716764399,115.0
51466,/content/drive/MyDrive/ASD_XAI_Project/slices/ASD/51466/slice_152.jpg,ASD,0.0002386426598413,0.11119267344474792,0.5549820717817989,0.15968653903637336,0.3573343054090862,141.0
51466,/content/drive/MyDrive/ASD_XAI_Project/slices/ASD/51466/slice_153.jpg,ASD,0.0002370214960487,0.2867869436740875,0.5488746712478987,0.41186179860034217,0.4803682349241204,74.0
51466,/content/drive/MyDrive/ASD_XAI_Project/slices/ASD/51466/slice_154.jpg,ASD,0.0002036798085758,0.3672325909137726,0.42326673403475684,0.5273917754439115,0.4753292547393342,77.0
51466,/content/drive/MyDrive/ASD_XAI_Project/slices/ASD/51466/slice_155.jpg,ASD,0.0001956769431222,0.43393397331237793,0.39311758749746617,0.6231832747774322,0.5081504311374492,61.0
51466,/content/drive/MyDrive/ASD_XAI_Project/slices/ASD/51466/slice_156.jpg,ASD,0.0002113173883687,0.5164504051208496,0.4520397421156074,0.7416871563814063,0.5968634492485068,19.0
51466,/content/drive/MyDrive/ASD_XAI_Project/slices/ASD/51466/slice_157.jpg,ASD,0.0001779756078354,0.48703059554100037,0.3264314543165843,0.6994366426976095,0.5129340485070969,58.0
51466,/content/drive/MyDrive/ASD_XAI_Project/slices/ASD/51466/slice_158.jpg,ASD,0.0002286280522268,0.3735654056072235,0.5172541011900647,0.536486486717837,0.5268702939539509,47.0
51466,/content/drive/MyDrive/ASD_XAI_Project/slices/ASD/51466/slice_159.jpg,ASD,0.000226816876194,0.3212699294090271,0.5104308686948645,0.46138366435878464,0.4859072665268246,71.0
51466,/content/drive/MyDrive/ASD_XAI_Project/slices/ASD/51466/slice_160.jpg,ASD,0.0002213544787025,0.4711967706680298,0.48985241171954713,0.6766972965218103,0.5832748541206787,26.0
51466,/content/drive/MyDrive/ASD_XAI_Project/slices/ASD/51466/slice_161.jpg,ASD,0.0002350594166327,0.22369417548179626,0.5414829413514308,0.32125271907445496,0.4313678302129429,106.0
51466,/content/drive/MyDrive/ASD_XAI_Project/slices/ASD/51466/slice_162.jpg,ASD,0.0002385514423656,0.3068985044956207,0.5546384287382432,0.44074450681048327,0.49769146777436324,66.0
51466,/content/drive/MyDrive/ASD_XAI_Project/slices/ASD/51466/slice_163.jpg,ASD,0.0002576414112302,0.3345660865306854,0.6265559527836136,0.48047860332791087,0.5535172780557622,40.0
51466,/content/drive/MyDrive/ASD_XAI_Project/slices/ASD/51466/slice_164.jpg,ASD,0.0002575933957527,0.1813601851463318,0.6263750643661339,0.260455832095847,0.44341544823099044,98.0
51466,/content/drive/MyDrive/ASD_XAI_Project/slices/ASD/51466/slice_165.jpg,ASD,0.0002593771687245,0.06175804138183594,0.6330950614756523,0.08869224545474155,0.3608936534651969,138.0
51466,/content/drive/MyDrive/ASD_XAI_Project/slices/ASD/51466/slice_166.jpg,ASD,0.0002536497376006,0.0618499219417572,0.6115181449027236,0.08882419739153748,0.35017117114713053,147.0
51466,/content/drive/MyDrive/ASD_XAI_Project/slices/ASD/51466/slice_167.jpg,ASD,0.0002585459911994,0.05345925688743591,0.6299637714211045,0.07677415649200105,0.35336896395655276,144.0
51466,/content/drive/MyDrive/ASD_XAI_Project/slices/ASD/51466/slice_168.jpg,ASD,0.0002975103057395,0.08366918563842773,0.7767537975193336,0.12015937979251318,0.4484565886559234,94.0
51466,/content/drive/MyDrive/ASD_XAI_Project/slices/ASD/51466/slice_169.jpg,ASD,0.0002567716229534,0.07835343480110168,0.623279204678113,0.11252529899119042,0.36790225183465175,136.0
51466,/content/drive/MyDrive/ASD_XAI_Project/slices/ASD/51466/slice_170.jpg,ASD,0.0002544146813617,0.13763034343719482,0.6143999128994372,0.19765432855424506,0.4060271207268411,122.0
51466,/content/drive/MyDrive/ASD_XAI_Project/slices/ASD/51466/slice_171.jpg,ASD,0.0002561787638799,0.3597102165222168,0.6210457302824047,0.5165887081669989,0.5688172192247019,32.0
51466,/content/drive/MyDrive/ASD_XAI_Project/slices/ASD/51466/slice_172.jpg,ASD,0.0002573188850877,0.31582358479499817,0.6253409020010261,0.45356203461583366,0.5394514683084299,42.0
51466,/content/drive/MyDrive/ASD_XAI_Project/slices/ASD/51466/slice_173.jpg,ASD,0.00021966543838,0.24153757095336914,0.4834893003457905,0.3468780591192613,0.4151836797325259,114.0
51466,/content/drive/MyDrive/ASD_XAI_Project/slices/ASD/51466/slice_174.jpg,ASD,0.0002292796793909,0.26310211420059204,0.5197089722574385,0.3778474312043775,0.448778201730908,93.0
51466,/content/drive/MyDrive/ASD_XAI_Project/slices/ASD/51466/slice_175.jpg,ASD,0.0002567954520198,0.1946536898612976,0.6233689757755912,0.27954696187834505,0.45145796882696815,90.0
